bloque,ticker,period_end,concepto,investing,nuestro,ratio,desvio_rel
ratio,A3,,ROE,11.14,-1.2058073423973907,-0.10824123360838336,1.1082412336083833
ratio,AGRO,,PriceBook,1.12,1.29979646128533,1.1605325547190446,0.16053255471904462
ratio,AGRO,,ROE,8.77,-2.6513260647411894,-0.30231768127037506,1.3023176812703752
ratio,ALUA,,PER,29.61,18.150299850074962,0.6129787183409309,0.3870212816590692
ratio,ALUA,,PriceBook,1.34,1.3160139782087705,0.9820999837378884,0.017900016262111604
ratio,ALUA,,ROE,5.63,7.250645934663911,1.287858958199629,0.287858958199629
ratio,AUSO,,ROE,11.18,18.776080657189866,1.6794347636126892,0.6794347636126893
ratio,BHIP,,PER,17.91,20.840681951793062,1.1636338331542748,0.16363383315427482
ratio,BHIP,,PriceBook,0.95,0.8685002298026022,0.9142107682132655,0.08578923178673446
ratio,BHIP,,ROE,5.12,4.167331144976662,0.8139318642532543,0.18606813574674577
ratio,BOLT,,PER,121.05,4.1207816630443075,0.03404197986818924,0.9659580201318108
ratio,BOLT,,PriceBook,2.29,0.7007358154062135,0.3059981726664688,0.6940018273335312
ratio,BOLT,,ROE,2.71,17.004924616378037,6.274879932242818,5.274879932242818
ratio,BYMA,,PER,10.99,10.941363475803604,0.9955744745954144,0.004425525404585681
ratio,BYMA,,PriceBook,3.2,2.884631918158793,0.9014474744246228,0.09855252557537719
ratio,BYMA,,ROE,25.5,26.364464762897637,1.0339005789371623,0.03390057893716222
ratio,CAPX,,PriceBook,1.08,1.9811282327659336,1.8343779933017903,0.8343779933017903
ratio,CAPX,,ROE,7.43,-7.846194645370766,-1.0560154300633602,2.05601543006336
ratio,CECO2,,ROE,14.84,-12.539069776533415,-0.8449507935669417,1.8449507935669416
ratio,COME,,PriceBook,0.55,0.47091934523498574,0.8562169913363377,0.14378300866366236
ratio,COME,,ROE,-7.82,-10.33700145589819,1.3218671938488733,0.32186719384887325
ratio,CTIO,,PriceBook,0.89,0.9896978288616267,1.112020032428794,0.11202003242879405
ratio,CTIO,,ROE,-1.78,-0.13818422516181203,0.07763158716955731,0.9223684128304427
ratio,CVH,,PER,14.71,60.10441869349293,4.085956403364577,3.085956403364577
ratio,CVH,,PriceBook,0.55,0.8549658246144182,1.5544833174807602,0.5544833174807602
ratio,CVH,,ROE,4.94,1.4224675043849633,0.28794888752732045,0.7120511124726795
ratio,DGCU2,,PER,6.01,6.217239928071316,1.0344825171499694,0.034482517149969416
ratio,DGCU2,,PriceBook,1.44,1.5954420537407101,1.107945870653271,0.10794587065327096
ratio,DGCU2,,ROE,25.78,25.661580897612886,0.9954065514977846,0.004593448502215479
ratio,FIPL,,PriceBook,0.62,0.6650660311792902,1.0726871470633712,0.07268714706337129
ratio,FIPL,,ROE,-19.71,5.647158312084506,-0.2865123446009389,1.286512344600939
ratio,GCLA,,ROE,13.26,9.78357906497786,0.7378264754885263,0.26217352451147363
ratio,GRIM,,PriceBook,0.94,0.5676164291840259,0.6038472650893892,0.3961527349106107
ratio,GRIM,,ROE,5.86,-1.55031800041452,-0.2645593857362662,1.2645593857362663
ratio,HARG,,PriceBook,0.99,0.9800481715465131,0.9899476480267809,0.010052351973219046
ratio,HARG,,ROE,-7.31,-6.922102294595082,0.94693601841246,0.05306398158753999
ratio,LEDE,,PriceBook,0.63,0.7511273036912145,1.1922655614146263,0.19226556141462617
ratio,LEDE,,ROE,-6.59,-3.9623225550422454,0.6012629066831936,0.39873709331680646
ratio,LOMA,,PER,53.6,12.353787991316961,0.23048111924098807,0.7695188807590119
ratio,LOMA,,PriceBook,1.62,2.649944858042342,1.6357684308903346,0.6357684308903345
ratio,LOMA,,ROE,3.38,21.4504640997959,6.34629115378577,5.34629115378577
ratio,MIRG,,PER,94.12,133.57148404131397,1.4191615389004884,0.4191615389004883
ratio,MIRG,,PriceBook,0.67,4.168041044855024,6.220956783365708,5.220956783365708
ratio,MIRG,,ROE,8.39,3.1204572403836135,0.37192577358565115,0.6280742264143488
ratio,MOLA,,PER,5.02,6.199564598235477,1.2349730275369477,0.23497302753694768
ratio,MOLA,,PriceBook,7.81,8.05328817212105,1.031150854304872,0.031150854304872022
ratio,MOLA,,ROE,181.81,129.90086714175348,0.7144869211910977,0.28551307880890225
ratio,MOLI,,PriceBook,2.21,2.050930546913435,0.9280228719065318,0.07197712809346825
ratio,MOLI,,ROE,-12.56,-16.257042801867165,1.2943505415499335,0.29435054154993345
ratio,RIGO,,PriceBook,0.64,0.6163189282049766,0.9629983253202758,0.037001674679724116
ratio,RIGO,,ROE,1.46,-0.9808086169283498,-0.6717867239235272,1.6717867239235273
ratio,SUPV,,PriceBook,1.17,1.6830953884900672,1.4385430670855277,0.43854306708552765
ratio,SUPV,,ROE,-7.75,13.560606274242895,-1.7497556482894059,2.7497556482894057
ratio,TXAR,,PER,11.95,35.97726042230644,3.010649407724389,2.010649407724389
ratio,TXAR,,PriceBook,0.47,0.4405137847412432,0.9372633717898792,0.0627366282101208
ratio,TXAR,,ROE,4.2,1.2244228147736285,0.29152924161276866,0.7084707583872313
ratio,VALO,,PER,13.84,50.69821567106284,3.6631658721866214,2.6631658721866214
ratio,VALO,,PriceBook,1.77,1.8172350683784273,1.026686479309846,0.026686479309845922
ratio,VALO,,ROE,16.86,3.584416225156531,0.21259882711485947,0.7874011728851406
balance,TXAR,2024-12-31,Assets,5909214.0,5909214.0,1.0,0.0
balance,TXAR,2025-12-31,Assets,7538258.0,7538258.0,1.0,0.0
balance,TXAR,2024-12-31,AssetsCurrent,2395065.0,2395065.0,1.0,0.0
balance,TXAR,2025-12-31,AssetsCurrent,2435812.0,2435812.0,1.0,0.0
balance,TXAR,2024-12-31,Liabilities,815719.0,815719.0,1.0,0.0
balance,TXAR,2025-12-31,Liabilities,725497.0,725497.0,1.0,0.0
balance,TXAR,2024-12-31,LiabilitiesCurrent,745727.0,745727.0,1.0,0.0
balance,TXAR,2025-12-31,LiabilitiesCurrent,628966.0,628966.0,1.0,0.0
balance,TXAR,2024-12-31,Equity,5093495.0,5093495.0,1.0,0.0
balance,TXAR,2025-12-31,Equity,6812761.0,6812761.0,1.0,0.0
balance,TXAR,2024-12-31,Cash,60515.0,60515.0,1.0,0.0
balance,TXAR,2025-12-31,Cash,163490.0,163490.0,1.0,0.0
balance,TXAR,2024-12-31,Revenue,2027306.0,2027306.0,1.0,0.0
balance,TXAR,2025-12-31,Revenue,2514965.0,2514965.0,1.0,0.0
balance,TXAR,2024-12-31,GrossProfit,319140.0,412105.0,1.2912984896910447,0.29129848969104466
balance,TXAR,2025-12-31,GrossProfit,356583.0,481110.0,1.349223042040703,0.349223042040703
balance,TXAR,2024-12-31,OperatingIncome,101814.0,-65077.0,-0.6391753589879584,1.6391753589879585
balance,TXAR,2025-12-31,OperatingIncome,66719.0,59131.0,0.8862692786162862,0.11373072138371379
balance,TXAR,2024-12-31,NetIncome,106715.0,106711.0,0.9999625169844915,3.748301550859767e-05
balance,TXAR,2025-12-31,NetIncome,83419.0,83417.0,0.9999760246466632,2.39753533367698e-05
balance,COME,2024-12-31,Assets,839287.45,638004.834,0.7601744003201765,0.23982559967982356
balance,COME,2025-12-31,Assets,787361.02,787361.02,1.0,0.0
balance,COME,2024-12-31,AssetsCurrent,224380.36,170568.204,0.7601743931599005,0.23982560684009951
balance,COME,2025-12-31,AssetsCurrent,207066.87,207066.869,0.9999999951706423,4.829357730137083e-09
balance,COME,2024-12-31,Liabilities,232282.34,176575.088,0.7601743981053403,0.2398256018946598
balance,COME,2025-12-31,Liabilities,228306.82,228306.818,0.9999999912398587,8.760141320716618e-09
balance,COME,2024-12-31,LiabilitiesCurrent,125416.83,95338.662,0.7601743880785378,0.23982561192146226
balance,COME,2025-12-31,LiabilitiesCurrent,126503.33,126503.328,0.9999999841901395,1.5809860560061234e-08
balance,COME,2024-12-31,Equity,607005.11,461429.746,0.7601744011677266,0.23982559883227342
balance,COME,2025-12-31,Equity,559054.2,559054.202,1.0000000035774708,3.577470833766928e-09
balance,COME,2024-12-31,Cash,14915.87,11338.663,0.7601744316623837,0.23982556833761626
balance,COME,2025-12-31,Cash,9157.99,9157.994,1.0000004367770658,4.3677706579881694e-07
balance,COME,2024-12-31,Revenue,735851.47,559375.452,0.7601744031305666,0.23982559686943336
balance,COME,2025-12-31,Revenue,655953.91,655953.911,1.0000000015244972,1.5244972487200044e-09
balance,COME,2024-12-31,GrossProfit,67290.09,63111.07,0.9378954612781764,0.06210453872182363
balance,COME,2025-12-31,GrossProfit,65286.35,80050.055,1.2261376995344355,0.22613769953443552
balance,COME,2024-12-31,OperatingIncome,-10969.87,-61815.104,5.634989658036057,4.634989658036056
balance,COME,2025-12-31,OperatingIncome,-10157.88,-19055.527,1.875935431408916,0.875935431408916
balance,COME,2024-12-31,NetIncome,86375.74,66420.457,0.7689712064984913,0.23102879350150873
balance,COME,2025-12-31,NetIncome,-58200.18,-57789.441,0.9929426506928329,0.007057349307167116
balance,CVH,2024-12-31,Assets,14472829.0,11001872.0,0.7601742548053321,0.23982574519466787
balance,CVH,2025-12-31,Assets,16723652.0,2.805414,1.677512782495115e-07,0.9999998322487217
balance,CVH,2024-12-31,AssetsCurrent,1070314.0,813625.0,0.7601741171282446,0.23982588287175538
balance,CVH,2025-12-31,AssetsCurrent,1930666.0,0.096854,5.016610848277227e-08,0.9999999498338916
balance,CVH,2024-12-31,Liabilities,7121887.0,5413866.0,0.7601729710117557,0.23982702898824426
balance,CVH,2025-12-31,Liabilities,9652286.0,0.01304,1.3509753026381521e-09,0.9999999986490247
balance,CVH,2024-12-31,LiabilitiesCurrent,2585336.0,1965308.0,0.7601750797575247,0.23982492024247526
balance,CVH,2025-12-31,LiabilitiesCurrent,3851342.0,0.01304,3.3858327824431065e-09,0.9999999966141672
balance,CVH,2024-12-31,Equity,7350942.0,2187326.0,0.2975572382423912,0.7024427617576088
balance,CVH,2025-12-31,Equity,7071366.0,2.792374,3.948846658481544e-07,0.9999996051153341
balance,CVH,2024-12-31,Cash,428394.0,325654.0,0.760174045388124,0.23982595461187597
balance,CVH,2025-12-31,Cash,483785.0,0.014735,3.0457744659301136e-08,0.9999999695422553
balance,CVH,2024-12-31,Revenue,5442958.0,4137596.0,0.760174155303054,0.23982584469694604
balance,CVH,2025-12-31,Revenue,8328814.0,8.328814,1e-06,0.999999
balance,CVH,2024-12-31,GrossProfit,2629771.0,2359850.0,0.8973595039263875,0.10264049607361249
balance,CVH,2025-12-31,GrossProfit,4310781.0,5.048571,1.1711499609931473e-06,0.999998828850039
balance,CVH,2024-12-31,OperatingIncome,-191414.0,-155680.0,0.8133156404442726,0.18668435955572737
balance,CVH,2025-12-31,OperatingIncome,520259.0,-0.005219,-1.0031541981974363e-08,1.000000010031542
balance,CVH,2024-12-31,NetIncome,509233.0,1024708.0,2.012257650230837,1.0122576502308374
balance,CVH,2025-12-31,NetIncome,-81050.0,-0.063047,7.778778531770513e-07,0.9999992221221468
balance,MIRG,2024-12-31,Assets,1629553.0,1238745.0,0.7601747227613953,0.2398252772386047
balance,MIRG,2025-12-31,Assets,1842350.0,1842350.0,1.0,0.0
balance,MIRG,2024-12-31,AssetsCurrent,1141551.0,867778.0,0.7601745344710836,0.23982546552891637
balance,MIRG,2025-12-31,AssetsCurrent,1312529.0,1312529.0,1.0,0.0
balance,MIRG,2024-12-31,Liabilities,1238118.0,941185.0,0.7601739091104402,0.2398260908895598
balance,MIRG,2025-12-31,Liabilities,1431274.0,1431274.0,1.0,0.0
balance,MIRG,2024-12-31,LiabilitiesCurrent,1145918.0,871097.0,0.7601739391474782,0.23982606085252173
balance,MIRG,2025-12-31,LiabilitiesCurrent,1385552.0,1385552.0,1.0,0.0
balance,MIRG,2024-12-31,Equity,391435.0,297560.0,0.7601772963582715,0.2398227036417285
balance,MIRG,2025-12-31,Equity,411076.0,411076.0,1.0,0.0
balance,MIRG,2024-12-31,Cash,29779.0,40691.0,1.3664327210450318,0.3664327210450317
balance,MIRG,2025-12-31,Cash,11511.0,35093.0,3.048649118234732,2.048649118234732
balance,MIRG,2024-12-31,Revenue,2033932.0,1729450.0,0.8502988300493822,0.14970116995061783
balance,MIRG,2025-12-31,Revenue,2502021.0,2728204.0,1.0904001205425533,0.0904001205425534
balance,MIRG,2024-12-31,GrossProfit,217771.0,374196.0,1.7183004164925542,0.718300416492554
balance,MIRG,2025-12-31,GrossProfit,357185.0,613136.0,1.7165782437672354,0.7165782437672354
balance,MIRG,2024-12-31,OperatingIncome,119867.0,494784.0,4.127774950570215,3.1277749505702155
balance,MIRG,2025-12-31,OperatingIncome,259548.0,159189.0,0.6133316380785057,0.3866683619214943
balance,MIRG,2024-12-31,NetIncome,268624.0,203724.0,0.7583983560664721,0.2416016439335279
balance,MIRG,2025-12-31,NetIncome,12579.0,12538.0,0.996740599411718,0.0032594005882820576
balance,CELU,2024-05-31,Assets,491091.86,342275.191,0.6969677546681389,0.3030322453318611
balance,CELU,2025-05-31,Assets,325845.7,325845.695,0.9999999846553138,1.534468616482161e-08
balance,CELU,2024-05-31,AssetsCurrent,155107.82,108105.151,0.6969677673246906,0.3030322326753094
balance,CELU,2025-05-31,AssetsCurrent,100692.95,100692.948,0.9999999801376364,1.9862363682179298e-08
balance,CELU,2024-05-31,Liabilities,341534.76,238038.711,0.696967743488247,0.303032256511753
balance,CELU,2025-05-31,Liabilities,349620.31,349620.305,0.9999999856987714,1.4301228680498033e-08
balance,CELU,2024-05-31,LiabilitiesCurrent,168596.5,117506.32,0.6969677306468403,0.30303226935315974
balance,CELU,2025-05-31,LiabilitiesCurrent,308851.58,308851.581,1.0000000032378011,3.23780111239771e-09
balance,CELU,2024-05-31,Equity,149557.11,104236.48,0.6969677335968849,0.30303226640311515
balance,CELU,2025-05-31,Equity,-23774.61,-23774.61,1.0,0.0
balance,CELU,2024-05-31,Cash,21227.63,14794.972,0.6969676784454977,0.3030323215545024
balance,CELU,2025-05-31,Cash,1698.36,1698.364,1.0000023552132646,2.355213264639291e-06
balance,CELU,2024-05-31,Revenue,464722.43,323896.546,0.6969677491142401,0.30303225088575997
balance,CELU,2025-05-31,Revenue,258637.93,258637.932,1.000000007732818,7.732817872782276e-09
balance,CELU,2024-05-31,GrossProfit,124223.76,105270.913,0.8474297751090452,0.1525702248909548
balance,CELU,2025-05-31,GrossProfit,-38831.16,15688.861,-0.4040276159661468,1.404027615966147
balance,CELU,2024-05-31,OperatingIncome,61320.03,39307.215,0.6410175435334914,0.3589824564665086
balance,CELU,2025-05-31,OperatingIncome,-110913.54,-115286.499,1.039426737258589,0.039426737258589015
balance,CELU,2024-05-31,NetIncome,396.77,309.891,0.7810343523955945,0.21896564760440548
balance,CELU,2025-05-31,NetIncome,-133152.23,-133303.829,1.0011385389489909,0.0011385389489908461
balance,CTIO,2024-12-31,Assets,1668198.0,1268121.0,0.7601741519891524,0.23982584801084764
balance,CTIO,2025-12-31,Assets,1555530.0,1555530.0,1.0,0.0
balance,CTIO,2024-12-31,AssetsCurrent,737256.0,542977.0,0.7364836637477349,0.26351633625226517
balance,CTIO,2025-12-31,AssetsCurrent,482620.0,482620.0,1.0,0.0
balance,CTIO,2024-12-31,Liabilities,712630.0,541724.0,0.7601756872430293,0.23982431275697066
balance,CTIO,2025-12-31,Liabilities,632436.0,632436.0,1.0,0.0
balance,CTIO,2024-12-31,LiabilitiesCurrent,287849.0,218817.0,0.7601798165010126,0.23982018349898732
balance,CTIO,2025-12-31,LiabilitiesCurrent,229011.0,229011.0,1.0,0.0
balance,CTIO,2024-12-31,Equity,955568.0,726397.0,0.7601730070492105,0.2398269929507895
balance,CTIO,2025-12-31,Equity,923094.0,923094.0,1.0,0.0
balance,CTIO,2024-12-31,Cash,11635.0,8983.0,0.7720670391061453,0.22793296089385476
balance,CTIO,2025-12-31,Cash,35239.0,35239.0,1.0,0.0
balance,CTIO,2024-12-31,Revenue,212339.0,161414.0,0.7601712356185156,0.23982876438148432
balance,CTIO,2025-12-31,Revenue,247884.0,247884.0,1.0,0.0
balance,CTIO,2024-12-31,GrossProfit,101616.0,79030.0,0.7777318532514564,0.22226814674854353
balance,CTIO,2025-12-31,GrossProfit,42311.0,47089.0,1.112925716716693,0.11292571671669306
balance,CTIO,2024-12-31,OperatingIncome,14010.0,10534.0,0.751891506067095,0.24810849393290507
balance,CTIO,2025-12-31,OperatingIncome,-23755.0,-22836.0,0.9613134077036414,0.03868659229635866
balance,CTIO,2024-12-31,NetIncome,-101200.0,-72668.0,0.7180632411067194,0.2819367588932806
balance,CTIO,2025-12-31,NetIncome,-1215.0,-9233.0,7.59917695473251,6.59917695473251
balance,HARG,2024-12-31,Assets,973892.0,740328.0,0.7601746394877461,0.23982536051225392
balance,HARG,2025-12-31,Assets,986727.0,986727.0,1.0,0.0
balance,HARG,2024-12-31,AssetsCurrent,184103.0,139950.0,0.7601722948566835,0.2398277051433165
balance,HARG,2025-12-31,AssetsCurrent,163952.0,163952.0,1.0,0.0
balance,HARG,2024-12-31,Liabilities,345602.0,262718.0,0.7601749989872744,0.2398250010127256
balance,HARG,2025-12-31,Liabilities,399521.0,399521.0,1.0,0.0
balance,HARG,2024-12-31,LiabilitiesCurrent,208358.0,158389.0,0.7601771950201096,0.2398228049798904
balance,HARG,2025-12-31,LiabilitiesCurrent,283958.0,283958.0,1.0,0.0
balance,HARG,2024-12-31,Equity,628290.0,477610.0,0.7601744417386875,0.23982555826131244
balance,HARG,2025-12-31,Equity,587206.0,587206.0,1.0,0.0
balance,HARG,2024-12-31,Cash,25136.0,19898.0,0.791613621896881,0.20838637810311902
balance,HARG,2025-12-31,Cash,4953.0,4953.0,1.0,0.0
balance,HARG,2024-12-31,Revenue,526498.0,400230.0,0.7601738278208084,0.23982617217919155
balance,HARG,2025-12-31,Revenue,499267.0,499267.0,1.0,0.0
balance,HARG,2024-12-31,GrossProfit,157984.0,152884.0,0.967718249949362,0.03228175005063804
balance,HARG,2025-12-31,GrossProfit,128841.0,165102.0,1.2814399143129904,0.2814399143129904
balance,HARG,2024-12-31,OperatingIncome,24544.0,17824.0,0.7262059973924381,0.2737940026075619
balance,HARG,2025-12-31,OperatingIncome,-23816.0,-37049.0,1.55563486731609,0.55563486731609
balance,HARG,2024-12-31,NetIncome,53226.0,41194.0,0.7739450644421899,0.2260549355578101
balance,HARG,2025-12-31,NetIncome,-40169.0,-40647.0,1.0118997236675047,0.011899723667504792
balance,LEDE,2024-05-31,Assets,748876.42,521942.721,0.6969677600477793,0.3030322399522207
balance,LEDE,2025-05-31,Assets,761018.91,761018.91,1.0,0.0
balance,LEDE,2024-05-31,AssetsCurrent,379134.19,264244.302,0.6969677464329979,0.30303225356700214
balance,LEDE,2025-05-31,AssetsCurrent,378572.25,378572.252,1.0000000052830074,5.283007348213137e-09
balance,LEDE,2024-05-31,Liabilities,272554.94,189962.014,0.6969677893198339,0.303032210680166
balance,LEDE,2025-05-31,Liabilities,331448.46,331448.461,1.0000000030170604,3.0170602973680743e-09
balance,LEDE,2024-05-31,LiabilitiesCurrent,186582.38,130041.912,0.6969678058560513,0.30303219414394866
balance,LEDE,2025-05-31,LiabilitiesCurrent,214559.47,214559.468,0.999999990678575,9.321425000180189e-09
balance,LEDE,2024-05-31,Equity,476321.47,331980.707,0.6969677579303742,0.30303224206962576
balance,LEDE,2025-05-31,Equity,429570.45,429570.449,0.9999999976720931,2.327906841100896e-09
balance,LEDE,2024-05-31,Cash,2578.47,14272.744,5.535353911428095,4.535353911428095
balance,LEDE,2025-05-31,Cash,6058.0,8588.647,1.417736381644107,0.4177363816441071
balance,LEDE,2024-05-31,Revenue,1048875.07,730750.99,0.6966997413714866,0.30330025862851334
balance,LEDE,2025-05-31,Revenue,831947.42,831947.417,0.9999999963940028,3.6059971507298286e-09
balance,LEDE,2024-05-31,GrossProfit,364035.6,253439.957,0.6961955286790633,0.3038044713209367
balance,LEDE,2025-05-31,GrossProfit,196116.03,194853.069,0.9935601337636704,0.006439866236329637
balance,LEDE,2024-05-31,OperatingIncome,136473.01,90774.14,0.6651435327761878,0.3348564672238123
balance,LEDE,2025-05-31,OperatingIncome,-8183.11,-19193.554,2.3455084924924634,1.3455084924924632
balance,LEDE,2024-05-31,NetIncome,56186.66,39160.271,0.6969674118376141,0.30303258816238593
balance,LEDE,2025-05-31,NetIncome,-25178.47,-25178.469,0.9999999602835279,3.971647205742552e-08
balance,CAPX,2025-04-30,Assets,1245576.69,1245576.686,0.9999999967886362,3.2113638519994795e-09
balance,CAPX,2025-04-30,AssetsCurrent,104834.92,104834.92,1.0,0.0
balance,CAPX,2025-04-30,Liabilities,725849.2,725849.195,0.9999999931115168,6.888483178953167e-09
balance,CAPX,2025-04-30,LiabilitiesCurrent,243102.11,243102.114,1.0000000164539913,1.6453991351069815e-08
balance,CAPX,2025-04-30,Equity,519727.49,519727.491,1.0000000019240853,1.924085234147977e-09
balance,CAPX,2025-04-30,Cash,9203.72,9203.72,1.0,0.0
balance,CAPX,2025-04-30,Revenue,407152.62,407152.615,0.9999999877195928,1.2280407294583081e-08
balance,CAPX,2025-04-30,GrossProfit,106530.2,106530.204,1.000000037548038,3.7548038028792846e-08
balance,CAPX,2025-04-30,OperatingIncome,17498.65,-25778.77,-1.4731862172224715,2.4731862172224712
balance,CAPX,2025-04-30,NetIncome,25856.74,25670.487,0.9927967330761728,0.007203266923827234
balance,MOLA,2025-03-31,Assets,749601.0,556709.0,0.7426737691118341,0.25732623088816586
balance,MOLA,2026-03-31,Assets,960367.0,960367.0,1.0,0.0
balance,MOLA,2025-03-31,AssetsCurrent,618485.0,405397.0,0.6554677963087221,0.3445322036912779
balance,MOLA,2026-03-31,AssetsCurrent,747263.0,747263.0,1.0,0.0
balance,MOLA,2025-03-31,Liabilities,563605.0,459596.0,0.8154576343361042,0.1845423656638958
balance,MOLA,2026-03-31,Liabilities,818992.0,818992.0,1.0,0.0
balance,MOLA,2025-03-31,LiabilitiesCurrent,563552.0,458829.0,0.814173314973596,0.18582668502640395
balance,MOLA,2026-03-31,LiabilitiesCurrent,735199.0,735199.0,1.0,0.0
balance,MOLA,2025-03-31,Equity,185996.0,97113.0,0.522124131701757,0.47787586829824297
balance,MOLA,2026-03-31,Equity,141375.0,141375.0,1.0,0.0
balance,MOLA,2025-03-31,Cash,13526.0,109380.0,8.08664793730593,7.086647937305929
balance,MOLA,2026-03-31,Cash,1087.0,251222.0,231.114995400184,230.114995400184
balance,MOLA,2025-03-31,Revenue,3038112.0,3038112.0,1.0,0.0
balance,MOLA,2026-03-31,Revenue,4154408.0,4154408.0,1.0,0.0
balance,MOLA,2025-03-31,GrossProfit,85359.0,72970.0,0.8548600616220903,0.14513993837790978
balance,MOLA,2026-03-31,GrossProfit,407684.0,391570.0,0.9604742889100382,0.039525711089961835
balance,MOLA,2025-03-31,OperatingIncome,15934.0,15921.0,0.9991841345550395,0.000815865444960462
balance,MOLA,2026-03-31,OperatingIncome,312033.0,311898.0,0.9995673534530002,0.00043264654699983656
balance,MOLA,2025-03-31,NetIncome,51201.0,51201.0,1.0,0.0
balance,MOLA,2026-03-31,NetIncome,216803.0,216803.0,1.0,0.0
resultado,A3,2023-09-30,Revenue,21613.0,6475.037911,0.2995899648822468,0.7004100351177532
resultado,A3,2023-12-31,Revenue,30156.0,15421.503996,0.51139090051731,0.48860909948269005
resultado,A3,2024-03-31,Revenue,16967.0,22184.889566,1.3075316535627985,0.3075316535627985
resultado,A3,2024-06-30,Revenue,26181.0,23998.124299,0.9166236697987089,0.08337633020129105
resultado,A3,2024-09-30,Revenue,19689.0,14962.0,0.7599167047590025,0.2400832952409975
resultado,A3,2024-12-31,Revenue,21494.0,19723.0,0.9176049129989765,0.08239508700102355
resultado,A3,2025-03-31,Revenue,28326.0,24332.0,0.8589987996893313,0.14100120031066865
resultado,A3,2025-06-30,Revenue,59406.0,44630.0,0.7512709153957513,0.24872908460424872
resultado,A3,2025-09-30,Revenue,52893.0,52893.0,1.0,0.0
resultado,A3,2026-03-31,Revenue,45239.0,-23050.0,-0.5095161254669643,1.5095161254669645
resultado,A3,2023-09-30,NetIncome,1663.0,525.123684,0.31576890198436564,0.6842310980156343
resultado,A3,2023-12-31,NetIncome,16419.0,7547.208977,0.4596631327730069,0.5403368672269931
resultado,A3,2024-03-31,NetIncome,-12669.0,-4239.620119,0.33464520633041284,0.6653547936695873
resultado,A3,2024-06-30,NetIncome,2734.0,2376.793944,0.8693467242136065,0.13065327578639355
resultado,A3,2024-12-31,NetIncome,4319.0,3329.0,0.7707802732113915,0.22921972678860847
resultado,A3,2025-03-31,NetIncome,-2978.0,-1591.0,0.5342511752854264,0.4657488247145735
resultado,A3,2025-06-30,NetIncome,20393.0,19777.0,0.9697935566125632,0.030206443387436867
resultado,A3,2025-09-30,NetIncome,21835.0,22099.0,1.0120906801007556,0.012090680100755667
resultado,A3,2026-03-31,NetIncome,-8969.0,-31068.0,3.463931318987624,2.463931318987624
resultado,A3,2023-09-30,GrossProfit,21569.0,2882.414848,0.13363692558764895,0.866363074412351
resultado,A3,2023-12-31,GrossProfit,30154.0,7207.401104,0.23901973549114544,0.7609802645088545
resultado,A3,2024-03-31,GrossProfit,16914.0,8601.224442,0.5085269269244413,0.49147307307555865
resultado,A3,2024-06-30,GrossProfit,-4448.0,9329.719807,-2.0975089494154675,3.0975089494154675
resultado,A3,2024-09-30,GrossProfit,9926.0,4878.0,0.49143663106991736,0.5085633689300826
resultado,A3,2024-12-31,GrossProfit,21457.0,29807.0,1.3891503938108776,0.38915039381087757
resultado,A3,2025-03-31,GrossProfit,14285.0,-18965.0,-1.3276163808190409,2.327616380819041
resultado,A3,2025-06-30,GrossProfit,9272.0,56278.0,6.069672131147541,5.069672131147541
resultado,A3,2025-09-30,GrossProfit,41334.0,41387.0,1.001282237383268,0.0012822373832680118
resultado,A3,2026-03-31,GrossProfit,25270.0,-24884.0,-0.9847249703205382,1.9847249703205383
resultado,A3,2023-09-30,OperatingIncome,8461.0,2510.102255,0.29666732714809124,0.7033326728519088
resultado,A3,2023-12-31,OperatingIncome,13161.0,6513.781733,0.494930608084492,0.5050693919155079
resultado,A3,2024-03-31,OperatingIncome,4125.0,7297.534723,1.7690993267878787,0.7690993267878787
resultado,A3,2024-06-30,OperatingIncome,8202.0,8029.068285,0.9789159089246525,0.021084091075347443
resultado,A3,2024-09-30,OperatingIncome,5034.0,3741.0,0.7431466030989273,0.25685339690107273
resultado,A3,2024-12-31,OperatingIncome,3402.0,2986.0,0.8777189888300999,0.12228101116990006
resultado,A3,2025-03-31,OperatingIncome,5195.0,5092.0,0.9801732435033687,0.019826756496631376
resultado,A3,2025-06-30,OperatingIncome,21564.0,20179.0,0.9357725839361899,0.06422741606381005
resultado,A3,2025-09-30,OperatingIncome,26511.0,26511.0,1.0,0.0
resultado,A3,2026-03-31,OperatingIncome,14488.0,-13851.0,-0.9560325786858089,1.956032578685809
resultado,AGRO,2023-12-31,Revenue,9428.25,9684.510347,1.0271800543048815,0.02718005430488155
resultado,AGRO,2024-03-31,Revenue,7619.84,4608.914226,0.6048570870254494,0.3951429129745507
resultado,AGRO,2024-06-30,Revenue,22557.45,15815.956437,0.7011411501300014,0.2988588498699986
resultado,AGRO,2024-09-30,Revenue,31225.72,26163.15536,0.8378719645215547,0.16212803547844534
resultado,AGRO,2024-12-31,Revenue,22359.67,17109.837168,0.7652097355640758,0.23479026443592416
resultado,AGRO,2025-03-31,Revenue,8153.3,6148.791001,0.7541475232114603,0.24585247678853966
resultado,AGRO,2025-06-30,Revenue,25971.47,24501.384375,0.9433961333340007,0.05660386666599925
resultado,AGRO,2025-09-30,Revenue,30915.08,32754.087199,1.0594857654904986,0.05948576549049847
resultado,AGRO,2025-12-31,Revenue,21236.4,21236.400988,1.000000046523893,4.652389292814585e-08
resultado,AGRO,2023-12-31,NetIncome,-4308.29,-2349.798916,0.5454133579680106,0.45458664203198945
resultado,AGRO,2024-03-31,NetIncome,-840.35,-508.294205,0.604860123757958,0.39513987624204205
resultado,AGRO,2024-06-30,NetIncome,3415.94,2251.523647,0.6591227149774294,0.3408772850225707
resultado,AGRO,2024-09-30,NetIncome,2541.09,2138.922881,0.8417344057077868,0.15826559429221324
resultado,AGRO,2024-12-31,NetIncome,-1717.92,-1297.54292,0.7552988032038744,0.24470119679612554
resultado,AGRO,2025-03-31,NetIncome,-2559.45,-1930.202933,0.754147544589658,0.245852455410342
resultado,AGRO,2025-06-30,NetIncome,3538.75,3338.445758,0.9433968938184387,0.05660310618156133
resultado,AGRO,2025-09-30,NetIncome,4190.91,4275.405863,1.0201616982946424,0.020161698294642476
resultado,AGRO,2025-12-31,NetIncome,-3473.76,-3473.764615,1.0000013285316198,1.3285316198674103e-06
resultado,AGRO,2023-12-31,GrossProfit,586.56,2183.460659,3.722484756887616,2.722484756887616
resultado,AGRO,2024-03-31,GrossProfit,1672.96,1019.187473,0.6092120989144988,0.3907879010855012
resultado,AGRO,2024-06-30,GrossProfit,7825.17,5428.828695,0.6937649527102926,0.3062350472897074
resultado,AGRO,2024-09-30,GrossProfit,9608.32,8111.607633,0.8442274646348165,0.1557725353651835
resultado,AGRO,2025-03-31,GrossProfit,569.59,451.335618,0.7923868361452975,0.20761316385470252
resultado,AGRO,2025-06-30,GrossProfit,8672.94,8212.034005,0.9468570063899899,0.0531429936100101
resultado,AGRO,2025-09-30,GrossProfit,10895.91,11455.307757,1.051340159472683,0.05134015947268293
resultado,AGRO,2025-12-31,GrossProfit,5943.32,6003.577993,1.0101387764751015,0.010138776475101488
resultado,AGRO,2023-12-31,OperatingIncome,-3020.52,-221.327816,0.07327473944883663,0.9267252605511633
resultado,AGRO,2024-03-31,OperatingIncome,-84.02,-51.232014,0.609759747679124,0.39024025232087595
resultado,AGRO,2024-06-30,OperatingIncome,4902.72,3312.66737,0.6756794942399321,0.3243205057600679
resultado,AGRO,2024-09-30,OperatingIncome,6489.73,5318.555452,0.8195341642872662,0.1804658357127338
resultado,AGRO,2024-12-31,OperatingIncome,599.48,475.449591,0.7931033412290651,0.20689665877093483
resultado,AGRO,2025-03-31,OperatingIncome,-2339.36,-1792.281871,0.7661419666062512,0.2338580333937488
resultado,AGRO,2025-06-30,OperatingIncome,4889.8,4641.108733,0.9491408100535809,0.05085918994641911
resultado,AGRO,2025-09-30,OperatingIncome,7279.27,7450.196643,1.0234812890578313,0.02348128905783132
resultado,AGRO,2025-12-31,OperatingIncome,501.96,501.956375,0.9999927783090287,7.221690971391237e-06
resultado,ALUA,2023-12-31,Revenue,449773.01,231960.078967,0.515726986301379,0.48427301369862097
resultado,ALUA,2024-03-31,Revenue,362584.62,407663.409623,1.1243262596824986,0.12432625968249844
resultado,ALUA,2024-06-30,Revenue,533445.79,474466.001861,0.8894362103054557,0.11056378969454424
resultado,ALUA,2024-09-30,Revenue,510134.04,348441.740176,0.6830395795112987,0.3169604204887013
resultado,ALUA,2024-12-31,Revenue,633545.25,445945.612116,0.7038891257033337,0.2961108742966663
resultado,ALUA,2025-03-31,Revenue,382726.35,360828.978577,0.9427858274639308,0.05721417253606919
resultado,ALUA,2025-06-30,Revenue,411335.26,407195.77978,0.9899364809620259,0.010063519037974101
resultado,ALUA,2025-09-30,Revenue,545257.47,512305.194617,0.9395656599019175,0.06043434009808242
resultado,ALUA,2023-12-31,NetIncome,-43093.8,-13346.359876,0.30970487346207576,0.6902951265379242
resultado,ALUA,2024-03-31,NetIncome,163058.08,103798.800206,0.6365756312474672,0.3634243687525328
resultado,ALUA,2024-06-30,NetIncome,10649.1,19752.599067,1.8548608865537932,0.8548608865537931
resultado,ALUA,2024-09-30,NetIncome,37104.93,26110.129809,0.7036835754440177,0.2963164245559822
resultado,ALUA,2024-12-31,NetIncome,72.55,1283.139165,17.686273811164714,16.686273811164718
resultado,ALUA,2025-03-31,NetIncome,28547.53,22170.581941,0.7766199717103371,0.22338002828966286
resultado,ALUA,2025-06-30,NetIncome,-42050.6,-36447.999072,0.8667652559535417,0.13323474404645833
resultado,ALUA,2025-09-30,NetIncome,-23721.98,-21993.978364,0.9271560959076771,0.07284390409232286
resultado,ALUA,2023-12-31,GrossProfit,62389.11,37878.19407,0.6071282964286555,0.3928717035713445
resultado,ALUA,2024-03-31,GrossProfit,93832.56,95953.050758,1.0225986667954066,0.022598666795406626
resultado,ALUA,2024-06-30,GrossProfit,83116.21,81810.689662,0.9842928312299128,0.01570716877008711
resultado,ALUA,2024-09-30,GrossProfit,99132.51,59741.845974,0.6026463566190345,0.39735364338096546
resultado,ALUA,2024-12-31,GrossProfit,89020.97,112990.691302,1.26925926893405,0.2692592689340501
resultado,ALUA,2025-03-31,GrossProfit,70839.37,24006.87128,0.3388916541747901,0.6611083458252099
resultado,ALUA,2025-06-30,GrossProfit,42078.32,128749.470513,3.0597578637407574,2.059757863740758
resultado,ALUA,2025-09-30,GrossProfit,78329.73,70044.537519,0.894226719778046,0.10577328022195392
resultado,ALUA,2023-12-31,OperatingIncome,79100.77,33323.893592,0.4212840607240612,0.5787159392759388
resultado,ALUA,2024-03-31,OperatingIncome,89455.89,76840.221754,0.8589733080068848,0.14102669199311527
resultado,ALUA,2024-06-30,OperatingIncome,61697.24,48186.499908,0.7810154863977707,0.2189845136022292
resultado,ALUA,2024-09-30,OperatingIncome,77692.7,36218.629412,0.46617802460205404,0.533821975397946
resultado,ALUA,2024-12-31,OperatingIncome,45608.97,49425.386754,1.083676889743399,0.08367688974339911
resultado,ALUA,2025-03-31,OperatingIncome,45662.25,3447.683496,0.07550402128673028,0.9244959787132697
resultado,ALUA,2025-06-30,OperatingIncome,4525.29,42850.870613,9.469198794552392,8.469198794552392
resultado,ALUA,2025-09-30,OperatingIncome,26892.7,9073.18442,0.33738465903386416,0.6626153409661357
resultado,AUSO,2023-12-31,Revenue,45642.39,98648.71,2.1613397107381975,1.1613397107381978
resultado,AUSO,2024-03-31,Revenue,52655.0,-76016.092,-1.4436633178235685,2.4436633178235687
resultado,AUSO,2024-06-30,Revenue,56129.0,149647.82,2.666140854103939,1.6661408541039393
resultado,AUSO,2024-09-30,Revenue,51757.0,48214.753,0.9315600401878006,0.06843995981219937
resultado,AUSO,2024-12-31,Revenue,70034.0,53431.909,0.7629424136847817,0.23705758631521834
resultado,AUSO,2025-03-31,Revenue,67350.0,50789.363,0.7541108092056421,0.24588919079435786
resultado,AUSO,2025-06-30,Revenue,59746.0,56402.637,0.9440403876410136,0.05595961235898633
resultado,AUSO,2025-09-30,Revenue,59160.0,65558.0,1.1081473968897904,0.1081473968897904
resultado,AUSO,2023-12-31,NetIncome,112414.6,54240.409,0.4825032424613884,0.5174967575386116
resultado,AUSO,2024-03-31,NetIncome,-98501.0,-59588.461,0.6049528532705252,0.3950471467294748
resultado,AUSO,2024-06-30,NetIncome,-17009.0,-18598.55,1.093453465812217,0.09345346581221702
resultado,AUSO,2024-09-30,NetIncome,-7066.0,-14842.145,2.100501698273422,1.1005016982734221
resultado,AUSO,2024-12-31,NetIncome,1975.0,1351.079,0.6840906329113924,0.3159093670886076
resultado,AUSO,2025-03-31,NetIncome,1456.0,1100.709,0.7559814560439561,0.24401854395604392
resultado,AUSO,2025-06-30,NetIncome,27067.0,25543.291,0.9437060257878598,0.056293974212140205
resultado,AUSO,2025-09-30,NetIncome,37729.0,39319.0,1.0421426488907737,0.042142648890773675
resultado,AUSO,2023-12-31,GrossProfit,21662.31,83865.22596,3.8714812021432614,2.8714812021432614
resultado,AUSO,2024-03-31,GrossProfit,32851.0,-87977.437,-2.678074853124715,3.678074853124715
resultado,AUSO,2024-06-30,GrossProfit,32863.0,-34185.529,-1.040243708730183,2.0402437087301832
resultado,AUSO,2024-09-30,GrossProfit,28660.0,-15384.031,-0.536777076064201,1.536777076064201
resultado,AUSO,2024-12-31,GrossProfit,39053.0,5396.649,0.13818782167823215,0.8618121783217679
resultado,AUSO,2025-03-31,GrossProfit,39741.0,4707.604,0.11845710978586348,0.8815428902141366
resultado,AUSO,2025-06-30,GrossProfit,35244.0,41493.396,1.1773180115764386,0.17731801157643856
resultado,AUSO,2025-09-30,GrossProfit,35712.0,63171.0,1.7689012096774193,0.7689012096774194
resultado,AUSO,2023-12-31,OperatingIncome,14515.82,78366.066,5.3986661449370414,4.3986661449370414
resultado,AUSO,2024-03-31,OperatingIncome,15032.0,-90042.351,-5.990044638105375,6.990044638105375
resultado,AUSO,2024-06-30,OperatingIncome,14228.0,-37022.098,-2.602059179083497,3.602059179083497
resultado,AUSO,2024-09-30,OperatingIncome,15656.0,-18391.073,-1.1746980710270822,2.1746980710270827
resultado,AUSO,2024-12-31,OperatingIncome,17314.0,1476.122,0.0852559778214162,0.9147440221785839
resultado,AUSO,2025-03-31,OperatingIncome,21601.0,1083.888,0.05017767695940002,0.9498223230406
resultado,AUSO,2025-06-30,OperatingIncome,19932.0,38408.112,1.926957254665864,0.926957254665864
resultado,AUSO,2025-09-30,OperatingIncome,19685.0,59469.0,3.021031242062484,2.021031242062484
resultado,BHIP,2023-12-31,NetIncome,71024.42,44199.753,0.6223176901690995,0.37768230983090045
resultado,BHIP,2024-03-31,NetIncome,23986.63,14579.548,0.6078197729318374,0.3921802270681626
resultado,BHIP,2024-06-30,NetIncome,18677.81,15432.386,0.82624172748304,0.17375827251696
resultado,BHIP,2024-09-30,NetIncome,18483.0,17287.879,0.93533944705946,0.0646605529405399
resultado,BHIP,2024-12-31,NetIncome,44876.89,39378.619,0.8774810152842588,0.12251898471574124
resultado,BHIP,2025-03-31,NetIncome,-14333.27,-10808.839,0.7541083786184172,0.24589162138158288
resultado,BHIP,2025-06-30,NetIncome,34078.05,32154.19,0.9435454786878943,0.05645452131210571
resultado,BHIP,2025-09-30,NetIncome,-18297.29,-19603.032,1.07136258976056,0.07136258976056008
resultado,BHIP,2025-12-31,NetIncome,20861.08,23112.75,1.1079364059770633,0.10793640597706342
resultado,BOLT,2024-01-31,Revenue,7869.06,6983.276889,0.8874346985535756,0.11256530144642443
resultado,BOLT,2024-04-30,Revenue,7534.35,0.0,0.0,1.0
resultado,BOLT,2024-07-31,Revenue,7158.97,0.0,0.0,1.0
resultado,BOLT,2024-10-31,Revenue,60351.99,15212.103903,0.2520563763183285,0.7479436236816714
resultado,BOLT,2025-01-31,Revenue,38057.35,6983.276889,0.18349351410437142,0.8165064858956286
resultado,BOLT,2025-04-30,Revenue,41116.39,0.0,0.0,1.0
resultado,BOLT,2025-07-31,Revenue,12967.35,0.0,0.0,1.0
resultado,BOLT,2024-01-31,NetIncome,-11867.18,-3482.135876,0.293425723381629,0.706574276618371
resultado,BOLT,2024-04-30,NetIncome,2693.25,0.0,0.0,1.0
resultado,BOLT,2024-07-31,NetIncome,-3426.51,0.0,-0.0,1.0
resultado,BOLT,2024-10-31,NetIncome,-3534.93,4426.976062,-1.2523518321437765,2.2523518321437765
resultado,BOLT,2025-01-31,NetIncome,-1667.78,-3482.135876,2.0878868172061065,1.0878868172061062
resultado,BOLT,2025-04-30,NetIncome,-1250.8,0.0,-0.0,1.0
resultado,BOLT,2025-07-31,NetIncome,-912.05,0.0,-0.0,1.0
resultado,BOLT,2024-01-31,GrossProfit,-155.63,977.806462,-6.2828918717470925,7.282891871747093
resultado,BOLT,2024-04-30,GrossProfit,-1360.4,0.0,-0.0,1.0
resultado,BOLT,2024-07-31,GrossProfit,-1498.71,0.0,-0.0,1.0
resultado,BOLT,2024-10-31,GrossProfit,25697.76,7464.476761,0.2904718839696534,0.7095281160303465
resultado,BOLT,2025-01-31,GrossProfit,16661.03,977.806462,0.058688236081442746,0.9413117639185572
resultado,BOLT,2025-04-30,GrossProfit,19811.49,0.0,0.0,1.0
resultado,BOLT,2025-07-31,GrossProfit,6234.72,0.0,0.0,1.0
resultado,BOLT,2024-01-31,OperatingIncome,-4580.08,-533.023065,0.11637854906464516,0.8836214509353548
resultado,BOLT,2024-04-30,OperatingIncome,-6510.33,0.0,-0.0,1.0
resultado,BOLT,2024-07-31,OperatingIncome,-6977.84,0.0,-0.0,1.0
resultado,BOLT,2024-10-31,OperatingIncome,3864.11,4491.990156,1.162490238631923,0.1624902386319229
resultado,BOLT,2025-01-31,OperatingIncome,3426.81,-533.023065,-0.15554497185429014,1.15554497185429
resultado,BOLT,2025-04-30,OperatingIncome,4021.77,0.0,0.0,1.0
resultado,BOLT,2025-07-31,OperatingIncome,-2100.51,0.0,-0.0,1.0
resultado,BYMA,2023-12-31,Revenue,41152.49,28653.468,0.6962754380111629,0.30372456198883707
resultado,BYMA,2024-03-31,Revenue,37791.43,22861.573,0.6049406704112547,0.3950593295887454
resultado,BYMA,2024-06-30,Revenue,43218.48,31970.775,0.7397477884460536,0.2602522115539464
resultado,BYMA,2024-09-30,Revenue,43884.19,39958.493,0.9105441618040575,0.08945583819594255
resultado,BYMA,2024-12-31,Revenue,65588.23,50008.948,0.7624683270153807,0.23753167298461936
resultado,BYMA,2025-03-31,Revenue,61622.95,46468.992,0.7540858073169169,0.24591419268308315
resultado,BYMA,2025-06-30,Revenue,54271.57,51234.367,0.9440369423622718,0.055963057637728214
resultado,BYMA,2025-09-30,Revenue,64041.25,69872.451,1.0910538285870435,0.09105382858704353
resultado,BYMA,2025-12-31,Revenue,89199.26,89199.262,1.0000000224217107,2.2421710759522123e-08
resultado,BYMA,2023-12-31,NetIncome,181151.31,89701.785,0.49517602163627744,0.5048239783637225
resultado,BYMA,2024-03-31,NetIncome,-115219.11,-69729.817,0.6051931576281052,0.3948068423718948
resultado,BYMA,2024-06-30,NetIncome,-10600.35,-15471.102,1.4594897338295434,0.4594897338295434
resultado,BYMA,2024-09-30,NetIncome,12772.3,-631.73,-0.049460942821574816,1.0494609428215749
resultado,BYMA,2024-12-31,NetIncome,80204.99,60842.099,0.7585824647568686,0.2414175352431314
resultado,BYMA,2025-03-31,NetIncome,22361.53,16864.136,0.7541584140262316,0.24584158597376837
resultado,BYMA,2025-06-30,NetIncome,52576.58,49626.802,0.9438955900136525,0.056104409986347505
resultado,BYMA,2025-09-30,NetIncome,29298.83,33269.113,1.1355099503973365,0.13550995039733654
resultado,BYMA,2025-12-31,NetIncome,72667.07,72678.466,1.0001568248176236,0.00015682481762362737
resultado,BYMA,2023-12-31,GrossProfit,22077.37,18370.972,0.8321177748980065,0.16788222510199347
resultado,BYMA,2024-03-31,GrossProfit,26604.69,17193.245,0.646248650144016,0.35375134985598405
resultado,BYMA,2024-06-30,GrossProfit,30538.77,24166.033,0.7913230624547092,0.20867693754529082
resultado,BYMA,2024-09-30,GrossProfit,31412.22,30442.691,0.969135291934158,0.030864708065841965
resultado,BYMA,2024-12-31,GrossProfit,47019.77,39099.357,0.831551430387686,0.168448569612314
resultado,BYMA,2025-03-31,GrossProfit,46844.44,36741.584,0.7843318011700001,0.21566819882999988
resultado,BYMA,2025-06-30,GrossProfit,39800.56,39799.222,0.9999663823825595,3.3617617440460644e-05
resultado,BYMA,2025-09-30,GrossProfit,50152.18,56899.139,1.1345297253279918,0.13452972532799176
resultado,BYMA,2025-12-31,GrossProfit,66141.47,70486.163,1.0656878808408703,0.06568788084087032
resultado,BYMA,2023-12-31,OperatingIncome,17955.94,13267.167,0.7388734312990576,0.2611265687009424
resultado,BYMA,2024-03-31,OperatingIncome,21638.37,13147.683,0.6076096766993079,0.3923903233006922
resultado,BYMA,2024-06-30,OperatingIncome,24444.48,18164.112,0.743076228252759,0.256923771747241
resultado,BYMA,2024-09-30,OperatingIncome,25823.26,23462.641,0.9085855542638691,0.09141444573613088
resultado,BYMA,2024-12-31,OperatingIncome,40556.37,30527.994,0.7527299410672108,0.2472700589327892
resultado,BYMA,2025-03-31,OperatingIncome,39092.6,29796.437,0.7622014652389455,0.23779853476105445
resultado,BYMA,2025-06-30,OperatingIncome,32212.17,30141.806,0.9357272732634903,0.06427272673650977
resultado,BYMA,2025-09-30,OperatingIncome,43205.1,47007.947,1.0880184746708144,0.08801847467081436
resultado,BYMA,2025-12-31,OperatingIncome,57596.16,58114.626,1.0090017459497298,0.009001745949729861
resultado,CAPX,2019-04-30,Revenue,19959.32,4679.599,0.2344568352028025,0.7655431647971975
resultado,CAPX,2020-04-30,Revenue,25717.23,4008.591,0.1558718026785933,0.8441281973214066
resultado,CAPX,2021-04-30,Revenue,28371.42,6931.609,0.24431660452666806,0.755683395473332
resultado,CAPX,2022-04-30,Revenue,83138.37,13215.605,0.15895915447945397,0.8410408455205461
resultado,CAPX,2023-04-30,Revenue,353693.31,35932.55,0.10159239370402567,0.8984076062959744
resultado,CAPX,2024-04-30,Revenue,488326.78,147340.862,0.3017259508069576,0.6982740491930425
resultado,CAPX,2025-04-30,Revenue,407152.62,119025.795,0.29233704796004994,0.7076629520399501
resultado,CAPX,2019-04-30,NetIncome,2015.4,752.215,0.3732336012702193,0.6267663987297807
resultado,CAPX,2020-04-30,NetIncome,1366.24,-1401.481,-1.0257941503688957,2.0257941503688954
resultado,CAPX,2021-04-30,NetIncome,-1002.14,1046.119,-1.0438850859161395,2.0438850859161395
resultado,CAPX,2022-04-30,NetIncome,9851.48,1396.311,0.14173616553045837,0.8582638344695417
resultado,CAPX,2023-04-30,NetIncome,90012.85,17850.496,0.1983105301076457,0.8016894698923542
resultado,CAPX,2024-04-30,NetIncome,-52275.58,22703.701,-0.4343079694189907,1.4343079694189906
resultado,CAPX,2025-04-30,NetIncome,25856.74,-17442.902,-0.6745978804752647,1.6745978804752648
resultado,CAPX,2019-04-30,GrossProfit,11311.28,2378.505,0.21027726305068922,0.7897227369493108
resultado,CAPX,2020-04-30,GrossProfit,11263.58,1583.397,0.14057670829345553,0.8594232917065445
resultado,CAPX,2021-04-30,GrossProfit,12047.28,3428.501,0.2845871433219781,0.7154128566780219
resultado,CAPX,2022-04-30,GrossProfit,42311.31,6985.008,0.1650860727309081,0.8349139272690919
resultado,CAPX,2023-04-30,GrossProfit,171114.25,19554.884,0.11427969324588687,0.8857203067541132
resultado,CAPX,2024-04-30,GrossProfit,213698.78,57705.716,0.2700329688358539,0.7299670311641462
resultado,CAPX,2025-04-30,GrossProfit,106530.2,15269.164,0.14333178760576815,0.8566682123942319
resultado,CAPX,2019-04-30,OperatingIncome,7729.72,1528.536,0.19774791324912158,0.8022520867508784
resultado,CAPX,2020-04-30,OperatingIncome,6225.52,-1590.09,-0.2554148087228055,1.2554148087228054
resultado,CAPX,2021-04-30,OperatingIncome,6123.04,1755.087,0.2866365400193368,0.7133634599806631
resultado,CAPX,2022-04-30,OperatingIncome,23641.14,2521.203,0.10664473033026327,0.8933552696697367
resultado,CAPX,2023-04-30,OperatingIncome,158235.98,28744.812,0.1816578757877949,0.8183421242122051
resultado,CAPX,2024-04-30,OperatingIncome,19407.5,-11413.822,-0.5881139765554554,1.5881139765554553
resultado,CAPX,2025-04-30,OperatingIncome,17498.65,-8948.986,-0.5114100802061874,1.5114100802061874
resultado,CECO2,2023-12-31,Revenue,29421.8,-23306120.381969,-792.1378155642756,793.1378155642756
resultado,CECO2,2024-03-31,Revenue,34516.66,20.880529,0.000604940599698812,0.9993950594003012
resultado,CECO2,2024-06-30,Revenue,35563.34,47413.450471,1.3332114045249968,0.3332114045249968
resultado,CECO2,2024-09-30,Revenue,33443.17,31136.621,0.9310307904424132,0.06896920955758677
resultado,CECO2,2024-12-31,Revenue,41725.64,31843.473,0.7631632013313637,0.2368367986686363
resultado,CECO2,2025-03-31,Revenue,38340.39,38340.387,0.9999999217535347,7.824646533259578e-08
resultado,CECO2,2025-06-30,Revenue,20686.72,19537.664,0.9444544132660954,0.055545586733904674
resultado,CECO2,2023-12-31,NetIncome,-90873.23,8627953.92169,-94.94494607146682,95.94494607146682
resultado,CECO2,2024-03-31,NetIncome,605.82,0.366483,0.0006049371100326829,0.9993950628899673
resultado,CECO2,2024-06-30,NetIncome,-2990.54,-1614.490483,0.5398658713810884,0.4601341286189116
resultado,CECO2,2024-09-30,NetIncome,-4635.51,-3714.025,0.801211732905333,0.19878826709466704
resultado,CECO2,2024-12-31,NetIncome,15476.8,11756.608,0.7596278300423861,0.24037216995761393
resultado,CECO2,2025-03-31,NetIncome,10621.31,10621.309,0.999999905849655,9.415034493896957e-08
resultado,CECO2,2025-06-30,NetIncome,-8689.87,-8196.003,0.943167504231939,0.05683249576806099
resultado,CECO2,2023-12-31,OperatingIncome,-40149.71,947429.932115,-23.59742902539022,24.59742902539022
resultado,CECO2,2024-03-31,OperatingIncome,6297.15,3.824951,0.000607409860016039,0.999392590139984
resultado,CECO2,2024-06-30,OperatingIncome,-7520.27,3919.912049,-0.5212461851768619,1.521246185176862
resultado,CECO2,2024-09-30,OperatingIncome,-1237.93,5214.764,-4.212486974223098,5.212486974223098
resultado,CECO2,2024-12-31,OperatingIncome,7864.79,11017.229,1.4008293927746323,0.4008293927746322
resultado,CECO2,2025-03-31,OperatingIncome,17469.53,18343.186,1.050010275033158,0.050010275033157886
resultado,CECO2,2025-06-30,OperatingIncome,-15384.83,-12822.522,0.8334523033403685,0.16654769665963154
resultado,CELU,2023-08-31,Revenue,109824.69,29266.719,0.2664857874854917,0.7335142125145084
resultado,CELU,2023-11-30,Revenue,126815.32,52821.487,0.4165229169472584,0.5834770830527416
resultado,CELU,2024-02-29,Revenue,107660.14,127239.413,1.1818618571367268,0.18186185713672676
resultado,CELU,2024-05-31,Revenue,120422.28,114568.927,0.9513931059933427,0.04860689400665726
resultado,CELU,2024-08-31,Revenue,82832.24,62005.9,0.7485720535868642,0.25142794641313576
resultado,CELU,2024-11-30,Revenue,94920.41,0.0,0.0,1.0
resultado,CELU,2025-02-28,Revenue,76140.98,129179.989,1.696589523801769,0.6965895238017689
resultado,CELU,2025-05-31,Revenue,67452.04,67452.043,1.0000000444760457,4.4476045669265407e-08
resultado,CELU,2025-08-31,Revenue,21967.99,21967.986,0.9999998179168872,1.8208311278432423e-07
resultado,CELU,2023-08-31,NetIncome,-1613.81,-340.363,0.21090648837223713,0.7890935116277629
resultado,CELU,2023-11-30,NetIncome,28891.95,9734.746,0.33693627463705283,0.6630637253629471
resultado,CELU,2024-02-29,NetIncome,-17272.75,-3102.643,0.17962646364938994,0.82037353635061
resultado,CELU,2024-05-31,NetIncome,-9608.6,-5981.849,0.6225515683866536,0.3774484316133464
resultado,CELU,2024-08-31,NetIncome,-11768.52,-8900.492,0.7562966286329972,0.24370337136700282
resultado,CELU,2024-11-30,NetIncome,-16674.29,0.0,-0.0,1.0
resultado,CELU,2025-02-28,NetIncome,-22828.41,-29869.423,1.308432037097634,0.308432037097634
resultado,CELU,2025-05-31,NetIncome,-94544.18,-94533.914,0.9998914158438945,0.00010858415610552345
resultado,CELU,2025-08-31,NetIncome,-74635.23,-74628.271,0.9999067598505424,9.324014945760282e-05
resultado,CELU,2023-08-31,GrossProfit,28593.77,7489.205,0.26191736871353444,0.7380826312864657
resultado,CELU,2023-11-30,GrossProfit,42556.67,15554.082,0.3654910499341232,0.6345089500658768
resultado,CELU,2024-02-29,GrossProfit,37978.69,39058.754,1.0284386849572746,0.028438684957274682
resultado,CELU,2024-05-31,GrossProfit,15094.63,43168.872,2.8598827530055395,1.8598827530055395
resultado,CELU,2024-08-31,GrossProfit,9217.54,10320.658,1.1196759656047057,0.11967596560470564
resultado,CELU,2024-11-30,GrossProfit,7349.85,0.0,0.0,1.0
resultado,CELU,2025-02-28,GrossProfit,-7420.36,-7128.023,0.960603393905417,0.03939660609458295
resultado,CELU,2025-05-31,GrossProfit,-45971.38,12496.226,-0.27182621013334823,1.2718262101333482
resultado,CELU,2025-08-31,GrossProfit,-21138.51,-18024.545,0.8526875829942602,0.14731241700573977
resultado,CELU,2023-08-31,OperatingIncome,17020.29,4638.139,0.27250646140576923,0.7274935385942308
resultado,CELU,2023-11-30,OperatingIncome,25928.38,10475.108,0.40400163835920333,0.5959983616407967
resultado,CELU,2024-02-29,OperatingIncome,22670.6,25012.157,1.1032860621245137,0.10328606212451373
resultado,CELU,2024-05-31,OperatingIncome,-4299.24,-818.189,0.19031014784008338,0.8096898521599166
resultado,CELU,2024-08-31,OperatingIncome,-3630.36,-1593.712,0.4389955817053956,0.5610044182946045
resultado,CELU,2024-11-30,OperatingIncome,-8279.57,0.0,-0.0,1.0
resultado,CELU,2025-02-28,OperatingIncome,-19790.43,-20578.753,1.0398335458097676,0.03983354580976767
resultado,CELU,2025-05-31,OperatingIncome,-87042.68,-93114.034,1.0697514598585431,0.06975145985854304
resultado,CELU,2025-08-31,OperatingIncome,-31150.99,-30740.624,0.9868265502958332,0.013173449704166763
resultado,COME,2023-12-31,Revenue,188754.72,137911.26,0.7306374113452634,0.26936258865473667
resultado,COME,2024-03-31,Revenue,176161.99,106567.546,0.6049406344694449,0.3950593655305551
resultado,COME,2024-06-30,Revenue,183640.47,136968.265,0.7458501113616188,0.2541498886383812
resultado,COME,2024-09-30,Revenue,171148.2,159439.677,0.9315883953205467,0.06841160467945333
resultado,COME,2024-12-31,Revenue,204900.82,156399.964,0.763295939957683,0.23670406004231706
resultado,COME,2025-03-31,Revenue,173193.05,130606.512,0.7541094287559461,0.2458905712440539
resultado,COME,2025-06-30,Revenue,159347.99,150427.956,0.9440216723160425,0.05597832768395752
resultado,COME,2025-09-30,Revenue,150178.6,166951.487,1.1116862655531479,0.11168626555314796
resultado,COME,2025-12-31,Revenue,207967.96,207967.956,0.9999999807662681,1.9233731899197318e-08
resultado,COME,2023-12-31,NetIncome,-104133.32,-42310.647,0.40631228313857654,0.5936877168614235
resultado,COME,2024-03-31,NetIncome,165800.08,99876.645,0.6023920193524636,0.3976079806475364
resultado,COME,2024-06-30,NetIncome,11326.16,20440.412,1.8047080387351053,0.8047080387351053
resultado,COME,2024-09-30,NetIncome,-51334.75,-24197.777,0.4713722575838004,0.5286277424161996
resultado,COME,2024-12-31,NetIncome,-39415.74,-29698.823,0.7534762254875844,0.24652377451241556
resultado,COME,2025-03-31,NetIncome,6162.21,4744.927,0.7700041056698813,0.22999589433011863
resultado,COME,2025-06-30,NetIncome,-28093.9,-26502.055,0.9433384115412954,0.056661588458704594
resultado,COME,2025-09-30,NetIncome,-9067.11,-9864.753,1.0879710293577556,0.08797102935775566
resultado,COME,2025-12-31,NetIncome,-25965.55,-26167.56,1.0077799237836287,0.0077799237836287715
resultado,COME,2023-12-31,GrossProfit,32059.74,25679.023,0.8009741501334696,0.19902584986653044
resultado,COME,2024-03-31,GrossProfit,22177.9,15978.688,0.7204779532778125,0.27952204672218744
resultado,COME,2024-06-30,GrossProfit,16963.04,16898.168,0.9961756854903366,0.003824314509663326
resultado,COME,2024-09-30,GrossProfit,14239.6,16055.464,1.1275221214079048,0.12752212140790467
resultado,COME,2024-12-31,GrossProfit,13909.56,14178.75,1.0193528767265105,0.019352876726510437
resultado,COME,2025-03-31,GrossProfit,15663.7,9826.555,0.6273457101451125,0.3726542898548874
resultado,COME,2025-06-30,GrossProfit,12824.66,20343.561,1.5862846266489716,0.5862846266489717
resultado,COME,2025-09-30,GrossProfit,16849.29,22034.549,1.3077434716833765,0.30774347168337646
resultado,COME,2025-12-31,GrossProfit,23090.04,27845.39,1.2059481057633508,0.2059481057633507
resultado,COME,2023-12-31,OperatingIncome,12293.08,7877.599,0.6408157272221445,0.3591842727778555
resultado,COME,2024-03-31,OperatingIncome,4823.4,2338.916,0.4849102292988349,0.5150897707011651
resultado,COME,2024-06-30,OperatingIncome,-2454.8,-1629.131,0.6636512139481832,0.33634878605181684
resultado,COME,2024-09-30,OperatingIncome,-4253.67,-6295.69,1.48006074754271,0.48006074754271005
resultado,COME,2024-12-31,OperatingIncome,-9084.8,-56229.199,6.189371147411061,5.1893711474110615
resultado,COME,2025-03-31,OperatingIncome,-3014.58,-4639.818,1.5391258483768884,0.5391258483768885
resultado,COME,2025-06-30,OperatingIncome,-5144.61,-2927.487,0.5690396356575135,0.4309603643424865
resultado,COME,2025-09-30,OperatingIncome,-1128.97,-8768.358,7.766688220236144,6.766688220236144
resultado,COME,2025-12-31,OperatingIncome,-1474.29,-2719.864,1.8448636292723957,0.8448636292723956
resultado,CTIO,2023-12-31,Revenue,54129.0,22982.441,0.42458646936023203,0.575413530639768
resultado,CTIO,2024-03-31,Revenue,28662.0,10333.0,0.36051217640080946,0.6394878235991905
resultado,CTIO,2024-06-30,Revenue,24176.0,15122.0,0.6254963600264726,0.3745036399735275
resultado,CTIO,2024-09-30,Revenue,51065.0,53404.0,1.0458043669832566,0.045804366983256635
resultado,CTIO,2024-12-31,Revenue,108436.0,82555.0,0.7613246523294847,0.23867534767051532
resultado,CTIO,2025-03-31,Revenue,34747.0,26203.0,0.7541082683397128,0.24589173166028722
resultado,CTIO,2025-06-30,Revenue,27512.0,10021.0,0.36424105844722304,0.635758941552777
resultado,CTIO,2025-09-30,Revenue,62189.0,23826.0,0.3831224171477271,0.6168775828522729
resultado,CTIO,2025-12-31,Revenue,130404.0,187834.0,1.440400601208552,0.4404006012085519
resultado,CTIO,2023-12-31,NetIncome,194596.0,92170.148,0.4736487286480709,0.5263512713519292
resultado,CTIO,2024-03-31,NetIncome,-99889.0,-60427.0,0.6049414850484037,0.3950585149515963
resultado,CTIO,2024-06-30,NetIncome,-24188.0,-23555.0,0.9738299983462874,0.026170001653712586
resultado,CTIO,2024-09-30,NetIncome,5494.0,-9444.0,-1.7189661448853295,2.7189661448853295
resultado,CTIO,2024-12-31,NetIncome,17383.0,20758.0,1.194155209112351,0.19415520911235115
resultado,CTIO,2025-03-31,NetIncome,-12537.0,-11148.0,0.8892079444843264,0.1107920555156736
resultado,CTIO,2025-06-30,NetIncome,11486.0,12535.0,1.0913285739160716,0.09132857391607174
resultado,CTIO,2025-09-30,NetIncome,15196.0,15279.0,1.0054619636746511,0.005461963674651224
resultado,CTIO,2025-12-31,NetIncome,-17881.0,-25899.0,1.4484089256752979,0.4484089256752978
resultado,CTIO,2023-12-31,GrossProfit,23570.0,13935.008,0.5912179889690284,0.40878201103097156
resultado,CTIO,2024-03-31,GrossProfit,12985.0,5721.0,0.4405852907200616,0.5594147092799384
resultado,CTIO,2024-06-30,GrossProfit,8616.0,6833.0,0.7930594243268339,0.2069405756731662
resultado,CTIO,2024-09-30,GrossProfit,20826.0,20710.0,0.9944300393738597,0.005569960626140401
resultado,CTIO,2024-12-31,GrossProfit,59189.0,45766.0,0.7732179965872037,0.2267820034127963
resultado,CTIO,2025-03-31,GrossProfit,12568.0,9984.0,0.7943984723106302,0.20560152768936982
resultado,CTIO,2025-06-30,GrossProfit,10469.0,3699.0,0.3533288757283408,0.6466711242716592
resultado,CTIO,2025-09-30,GrossProfit,10057.0,8673.0,0.8623844088694441,0.13761559113055583
resultado,CTIO,2025-12-31,GrossProfit,11737.0,24733.0,2.1072676152338756,1.1072676152338758
resultado,CTIO,2023-12-31,OperatingIncome,1102.0,52876.583,47.982380217785845,46.982380217785845
resultado,CTIO,2024-03-31,OperatingIncome,-327.0,-61836.0,189.10091743119267,188.10091743119267
resultado,CTIO,2024-06-30,OperatingIncome,-4941.0,-30961.0,6.266140457397288,5.266140457397288
resultado,CTIO,2024-09-30,OperatingIncome,5474.0,92845.0,16.961088783339424,15.961088783339422
resultado,CTIO,2024-12-31,OperatingIncome,13804.0,10486.0,0.7596348884381339,0.24036511156186613
resultado,CTIO,2025-03-31,OperatingIncome,-1666.0,-1258.0,0.7551020408163265,0.24489795918367346
resultado,CTIO,2025-06-30,OperatingIncome,-4258.0,-4736.0,1.112259276655707,0.11225927665570691
resultado,CTIO,2025-09-30,OperatingIncome,-5497.0,11754.0,-2.1382572312170276,3.1382572312170276
resultado,CTIO,2025-12-31,OperatingIncome,-12667.0,-28596.0,2.257519538959501,1.257519538959501
resultado,CVH,2023-12-31,Revenue,1298878.0,1028330.0,0.7917063804298787,0.2082936195701213
resultado,CVH,2024-03-31,Revenue,1130550.0,683916.0,0.6049409579408253,0.39505904205917475
resultado,CVH,2024-06-30,Revenue,1332252.0,983063.0,0.7378956833992368,0.2621043166007632
resultado,CVH,2024-09-30,Revenue,1295363.0,1185362.0,0.9150809464219682,0.0849190535780318
resultado,CVH,2024-12-31,Revenue,1684793.0,1285255.0,0.7628563271571047,0.23714367284289525
resultado,CVH,2025-03-31,Revenue,1806103.0,1363353.0,0.7548589421533545,0.2451410578466455
resultado,CVH,2025-06-30,Revenue,2112033.0,-1363349.642996,-0.6455153129690682,1.6455153129690683
resultado,CVH,2025-09-30,Revenue,2065202.0,2.265557,1.0970147230149882e-06,0.999998902985277
resultado,CVH,2023-12-31,NetIncome,-314752.0,-333025.0,1.0580552307848718,0.058055230784871896
resultado,CVH,2024-03-31,NetIncome,432335.0,261537.0,0.6049406131819075,0.39505938681809244
resultado,CVH,2024-06-30,NetIncome,54710.0,594508.0,10.866532626576495,9.866532626576495
resultado,CVH,2024-09-30,NetIncome,-9786.0,91270.0,-9.326589004700592,10.326589004700592
resultado,CVH,2024-12-31,NetIncome,31974.0,77393.0,2.4204979045474446,1.4204979045474448
resultado,CVH,2025-03-31,NetIncome,37622.0,86768.0,2.3063101376853967,1.306310137685397
resultado,CVH,2025-06-30,NetIncome,-69688.0,-86768.080188,1.2450935625645736,0.24509356256457362
resultado,CVH,2025-09-30,NetIncome,-80471.0,-0.199432,2.478308956021424e-06,0.9999975216910441
resultado,CVH,2023-12-31,GrossProfit,602153.0,577495.0,0.9590502745979842,0.04094972540201577
resultado,CVH,2024-03-31,GrossProfit,559619.0,408231.0,0.7294802356603332,0.2705197643396668
resultado,CVH,2024-06-30,GrossProfit,652468.0,557971.0,0.8551699087158298,0.14483009128417026
resultado,CVH,2024-09-30,GrossProfit,619911.0,669573.0,1.0801114998765953,0.08011149987659519
resultado,CVH,2024-12-31,GrossProfit,797773.0,724075.0,0.9076203381162311,0.09237966188376895
resultado,CVH,2025-03-31,GrossProfit,973111.0,799848.0,0.8219493973452155,0.1780506026547845
resultado,CVH,2025-06-30,GrossProfit,1050108.0,-799846.027647,-0.7616797773628998,1.7616797773628998
resultado,CVH,2025-09-30,GrossProfit,1084975.0,1.407013,1.2968160556694854e-06,0.9999987031839443
resultado,CVH,2023-12-31,OperatingIncome,-150713.0,-73901.0,0.49034257164279127,0.5096574283572087
resultado,CVH,2024-03-31,OperatingIncome,-44104.0,-416.0,0.009432251042989299,0.9905677489570107
resultado,CVH,2024-06-30,OperatingIncome,-32985.0,-62696.0,1.900742761861452,0.9007427618614522
resultado,CVH,2024-09-30,OperatingIncome,-49976.0,-44926.0,0.8989514967184249,0.10104850328157515
resultado,CVH,2024-12-31,OperatingIncome,-64349.0,-47642.0,0.7403689257020312,0.2596310742979689
resultado,CVH,2025-03-31,OperatingIncome,152067.0,108572.0,0.7139747611250304,0.2860252388749696
resultado,CVH,2025-06-30,OperatingIncome,116112.0,-108571.83061,-0.9350612392345322,1.935061239234532
resultado,CVH,2025-09-30,OperatingIncome,217401.0,0.172579,7.938279952714109e-07,0.9999992061720047
resultado,DGCU2,2023-12-31,Revenue,30249.73,29710.621,0.9821780558041344,0.017821944195865563
resultado,DGCU2,2024-03-31,Revenue,15447.01,9344.522,0.6049405030488101,0.39505949695118986
resultado,DGCU2,2024-06-30,Revenue,95796.45,65951.697,0.6884565868568199,0.3115434131431801
resultado,DGCU2,2024-09-30,Revenue,109924.72,92563.736,0.8420647876110123,0.15793521238898764
resultado,DGCU2,2024-12-31,Revenue,81396.04,62141.614,0.763447632096107,0.23655236790389303
resultado,DGCU2,2025-03-31,Revenue,63560.36,47931.467,0.7541094323568966,0.2458905676431034
resultado,DGCU2,2025-06-30,Revenue,87859.06,82930.784,0.9439070256385625,0.05609297436143749
resultado,DGCU2,2025-09-30,Revenue,100206.38,108016.587,1.0779412149206467,0.07794121492064672
resultado,DGCU2,2025-12-31,Revenue,87250.76,87250.755,0.999999942693909,5.7306090973931896e-08
resultado,DGCU2,2023-12-31,NetIncome,17980.34,7769.261,0.43209755766576163,0.5679024423342384
resultado,DGCU2,2024-03-31,NetIncome,-12056.72,-7293.599,0.604940564266235,0.395059435733765
resultado,DGCU2,2024-06-30,NetIncome,12597.6,7659.698,0.6080283546072268,0.39197164539277324
resultado,DGCU2,2024-09-30,NetIncome,12707.2,9688.793,0.76246482309242,0.23753517690758003
resultado,DGCU2,2024-12-31,NetIncome,10150.8,7732.341,0.7617469559049533,0.2382530440950466
resultado,DGCU2,2025-03-31,NetIncome,11846.9,8933.859,0.7541094294710009,0.2458905705289991
resultado,DGCU2,2025-06-30,NetIncome,20762.41,19596.783,0.9438587813264452,0.056141218673554774
resultado,DGCU2,2025-09-30,NetIncome,13040.72,14743.509,1.130574768877792,0.13057476887779207
resultado,DGCU2,2025-12-31,NetIncome,9613.73,9613.728,0.9999997919642012,2.0803579884264003e-07
resultado,DGCU2,2023-12-31,OperatingIncome,-2726.36,-1080.352,0.3962616822429907,0.6037383177570094
resultado,DGCU2,2024-03-31,OperatingIncome,-7321.23,-4056.829,0.5541185019457113,0.4458814980542886
resultado,DGCU2,2024-06-30,OperatingIncome,22202.03,14859.404,0.6692813224736658,0.33071867752633427
resultado,DGCU2,2024-09-30,OperatingIncome,25688.36,21336.308,0.8305827230699041,0.16941727693009595
resultado,DGCU2,2024-12-31,OperatingIncome,26351.77,19282.303,0.7317270528696934,0.26827294713030664
resultado,DGCU2,2025-03-31,OperatingIncome,19796.78,14350.814,0.7249064746893182,0.27509352531068176
resultado,DGCU2,2025-06-30,OperatingIncome,18925.06,21452.124,1.1335300390064813,0.13353003900648128
resultado,DGCU2,2025-09-30,OperatingIncome,21215.02,23216.236,1.094330149111337,0.09433014911133718
resultado,DGCU2,2025-12-31,OperatingIncome,20403.39,19768.108,0.9688638995774722,0.03113610042252779
resultado,ECOG,2023-12-31,Revenue,65382.2,146153.704831,2.2353745336039474,1.2353745336039474
resultado,ECOG,2024-09-30,Revenue,235489.15,355668.366,1.5103386546683786,0.5103386546683785
resultado,ECOG,2024-12-31,Revenue,174499.15,133214.312,0.7634095180406324,0.23659048195936766
resultado,ECOG,2025-03-31,Revenue,134084.2,101114.156,0.7541094028975822,0.24589059710241779
resultado,ECOG,2025-09-30,Revenue,219869.13,236438.926,1.0753620847092087,0.07536208470920862
resultado,ECOG,2025-12-31,Revenue,190196.03,190196.025,0.9999999737113335,2.6288666512422015e-08
resultado,ECOG,2023-12-31,NetIncome,16026.58,13521.242287,0.8436760860395667,0.15632391396043327
resultado,ECOG,2024-09-30,NetIncome,18887.49,15823.079,0.8377544607568289,0.1622455392431711
resultado,ECOG,2024-12-31,NetIncome,10040.15,25129.649,2.5029156934906354,1.5029156934906354
resultado,ECOG,2025-03-31,NetIncome,20217.79,16998.895,0.8407889784195008,0.15921102158049916
resultado,ECOG,2025-09-30,NetIncome,26446.99,33112.376,1.2520281514077782,0.2520281514077781
resultado,ECOG,2025-12-31,NetIncome,17913.1,12232.044,0.6828546706041947,0.31714532939580525
resultado,ECOG,2023-12-31,GrossProfit,9599.13,27466.010764,2.8613020934188826,1.861302093418883
resultado,ECOG,2024-09-30,GrossProfit,77442.49,112614.82,1.4541735421988626,0.45417354219886263
resultado,ECOG,2024-12-31,GrossProfit,79250.52,83986.425,1.0597586615204544,0.05975866152045436
resultado,ECOG,2025-03-31,GrossProfit,56313.76,44571.687,0.7914883857870616,0.20851161421293843
resultado,ECOG,2025-09-30,GrossProfit,73770.08,82651.162,1.1203886724807672,0.12038867248076719
resultado,ECOG,2025-12-31,GrossProfit,73418.28,76816.941,1.0462917545875496,0.04629175458754969
resultado,ECOG,2023-12-31,OperatingIncome,-3848.59,1038.530838,-0.26984709672893187,1.2698470967289317
resultado,ECOG,2024-09-30,OperatingIncome,56621.7,65373.063,1.1545584643343454,0.15455846433434542
resultado,ECOG,2024-12-31,OperatingIncome,51841.9,37660.145,0.726442221446359,0.27355777855364105
resultado,ECOG,2025-03-31,OperatingIncome,31923.31,23834.798,0.7466267752310145,0.2533732247689855
resultado,ECOG,2025-09-30,OperatingIncome,50892.05,51073.128,1.0035580802895538,0.003558080289553949
resultado,ECOG,2025-12-31,OperatingIncome,44721.05,38872.212,0.8692151011660056,0.13078489883399436
resultado,FIPL,2023-12-31,Revenue,14111.11,7277.299342,0.51571416720584,0.48428583279416004
resultado,FIPL,2024-03-31,Revenue,10297.62,12000.871924,1.1654024836806949,0.16540248368069496
resultado,FIPL,2024-06-30,Revenue,8302.15,8613.594919,1.0375137667953482,0.037513766795348145
resultado,FIPL,2024-09-30,Revenue,8570.0,6030.048248,0.7036228994165694,0.2963771005834306
resultado,FIPL,2024-12-31,Revenue,10998.0,-6030.04823441,-0.5482858914720858,1.548285891472086
resultado,FIPL,2025-03-31,Revenue,9972.0,22276121.27498641,2233.866954972564,2232.866954972564
resultado,FIPL,2025-06-30,Revenue,9730.88,-22244114.275,-2285.9303860493605,2286.93038604936
resultado,FIPL,2025-09-30,Revenue,9728.0,9019.0,0.9271175986842105,0.07288240131578948
resultado,FIPL,2023-12-31,NetIncome,11796.39,5209.235348,0.441595721063817,0.5584042789361829
resultado,FIPL,2024-03-31,NetIncome,-2348.54,1458.332533,-0.620952818772514,1.620952818772514
resultado,FIPL,2024-06-30,NetIncome,-5043.55,-2765.464492,0.5483170568349675,0.45168294316503255
resultado,FIPL,2024-09-30,NetIncome,3410.0,2399.426454,0.7036441214076246,0.2963558785923754
resultado,FIPL,2024-12-31,NetIncome,6695.0,-2399.42644706,-0.35839080613293506,1.3583908061329348
resultado,FIPL,2025-03-31,NetIncome,-7644.0,1129015.28599306,-147.6995402921324,148.6995402921324
resultado,FIPL,2025-06-30,NetIncome,-3895.38,-1131053.286,290.3576251867597,289.3576251867597
resultado,FIPL,2025-09-30,NetIncome,-3073.0,-3074.0,1.0003254149040026,0.0003254149040026033
resultado,FIPL,2023-12-31,GrossProfit,7251.13,4018.180306,0.5541453960968842,0.44585460390311576
resultado,FIPL,2024-03-31,GrossProfit,3258.92,5454.320408,1.6736588833110353,0.6736588833110354
resultado,FIPL,2024-06-30,GrossProfit,3001.43,3927.828282,1.3086523030688706,0.30865230306887054
resultado,FIPL,2024-09-30,GrossProfit,3121.0,2852.110375,0.9138450416533163,0.08615495834668369
resultado,FIPL,2024-12-31,GrossProfit,1964.0,-2852.1103702399996,-1.452194689531568,2.452194689531568
resultado,FIPL,2025-03-31,GrossProfit,-1034.0,5605654.69399524,-5421.329491291335,5422.329491291335
resultado,FIPL,2025-06-30,GrossProfit,-444.61,-5598855.694,12592.734517892086,12591.734517892084
resultado,FIPL,2025-09-30,GrossProfit,-194.0,-269.0,1.3865979381443299,0.3865979381443299
resultado,FIPL,2023-12-31,OperatingIncome,5486.87,3477.853327,0.6338501417019174,0.36614985829808255
resultado,FIPL,2024-03-31,OperatingIncome,1908.82,3201.548333,1.6772395160360853,0.6772395160360852
resultado,FIPL,2024-06-30,OperatingIncome,646.76,-1265.682257,-1.9569581560393345,2.9569581560393345
resultado,FIPL,2024-09-30,OperatingIncome,-2115.0,762.80054,-0.36066219385342785,1.360662193853428
resultado,FIPL,2024-12-31,OperatingIncome,2633.0,-762.80053763,-0.28970776210786175,1.2897077621078616
resultado,FIPL,2025-03-31,OperatingIncome,-5533.0,-1601262.2270023702,289.4021736855901,288.4021736855901
resultado,FIPL,2025-06-30,OperatingIncome,-5539.75,1594406.227,-287.8119458459317,288.8119458459317
resultado,FIPL,2025-09-30,OperatingIncome,-6980.0,-666.0,0.09541547277936963,0.9045845272206303
resultado,GCLA,2023-12-31,Revenue,132588.05,216468.402341,1.632638856525909,0.6326388565259088
resultado,GCLA,2024-03-31,Revenue,82489.34,49901.152233,0.6049406169694169,0.3950593830305831
resultado,GCLA,2024-06-30,Revenue,107344.79,78589.933768,0.7321262053612477,0.2678737946387523
resultado,GCLA,2024-09-30,Revenue,115603.62,-124161.109943,-1.074024411545244,2.074024411545244
resultado,GCLA,2024-12-31,Revenue,160047.33,122031.831455,0.7624733974318723,0.23752660256812771
resultado,GCLA,2025-03-31,Revenue,125402.92,94567.520365,0.7541093968545549,0.24589060314544506
resultado,GCLA,2025-06-30,Revenue,145643.34,5175595051.479635,35536.09146480461,35535.09146480461
resultado,GCLA,2025-09-30,Revenue,125577.42,-5175318144.745593,-41212.17130233758,41213.17130233758
resultado,GCLA,2025-12-31,Revenue,168516.77,168516.773415,1.0000000202650454,2.0265045513121698e-08
resultado,GCLA,2023-12-31,NetIncome,-18712.02,-11361.556287,0.6071795715801928,0.3928204284198072
resultado,GCLA,2024-03-31,NetIncome,-12005.84,-6863.482787,0.5716786819581137,0.4283213180418863
resultado,GCLA,2024-06-30,NetIncome,-4126.13,-3275.340534,0.7938044933145586,0.20619550668544137
resultado,GCLA,2024-09-30,NetIncome,2008.51,-1175.467824,-0.5852437000562607,1.5852437000562607
resultado,GCLA,2024-12-31,NetIncome,8831.07,6728.139394,0.7618713693810603,0.2381286306189397
resultado,GCLA,2025-03-31,NetIncome,6319.32,4866.354571,0.77007566810986,0.22992433189014005
resultado,GCLA,2025-06-30,NetIncome,27000.8,30247531053.645428,1120245.735446558,1120244.7354465583
resultado,GCLA,2025-09-30,NetIncome,8604.93,-30247495571.746002,-3515135.5759716816,3515136.5759716816
resultado,GCLA,2025-12-31,NetIncome,4299.79,3638.781824,0.8462696606113322,0.15373033938866779
resultado,GCLA,2023-12-31,GrossProfit,41039.13,80161.494987,1.9532942093801697,0.9532942093801697
resultado,GCLA,2024-03-31,GrossProfit,22901.04,16410.047354,0.7165634117053198,0.28343658829468016
resultado,GCLA,2024-06-30,GrossProfit,35934.45,29324.20401,0.8160471082763199,0.1839528917236801
resultado,GCLA,2024-09-30,GrossProfit,48496.46,-41404.275306,-0.8537587136463157,1.8537587136463156
resultado,GCLA,2024-12-31,GrossProfit,61808.18,51271.762406,0.8295303697018744,0.17046963029812556
resultado,GCLA,2025-03-31,GrossProfit,49716.0,40865.263099,0.8219740747244348,0.17802592527556513
resultado,GCLA,2025-06-30,GrossProfit,76350.98,5175648753.736901,67787.58771317541,67786.58771317542
resultado,GCLA,2025-09-30,GrossProfit,54047.31,-5175514908.411134,-95758.97317389402,95759.97317389403
resultado,GCLA,2025-12-31,GrossProfit,75396.93,81380.922842,1.0793665317938013,0.07936653179380125
resultado,GCLA,2023-12-31,OperatingIncome,-5352.77,9030.941257,-1.6871528679543488,2.6871528679543486
resultado,GCLA,2024-03-31,OperatingIncome,-4074.58,-2172.83057,0.5332649181019885,0.46673508189801155
resultado,GCLA,2024-06-30,OperatingIncome,-1173.57,111.434203,-0.09495317961433916,1.0949531796143392
resultado,GCLA,2024-09-30,OperatingIncome,13367.46,-2020.998711,-0.1511879377982055,1.1511879377982055
resultado,GCLA,2024-12-31,OperatingIncome,13291.71,9910.446194,0.7456110759262728,0.2543889240737271
resultado,GCLA,2025-03-31,OperatingIncome,11104.0,9222.319946,0.8305403409582133,0.16945965904178678
resultado,GCLA,2025-06-30,OperatingIncome,34116.45,-2107901961.319946,-61785.50116791009,61786.50116791009
resultado,GCLA,2025-09-30,OperatingIncome,17927.64,2107959043.355618,117581.51342595111,117580.5134259511
resultado,GCLA,2025-12-31,OperatingIncome,25175.2,25930.190388,1.029989449458197,0.029989449458196888
resultado,GRIM,2023-12-31,Revenue,85746.2,61186.831364,0.7135806760416205,0.2864193239583795
resultado,GRIM,2024-03-31,Revenue,53561.47,32401.507316,0.6049405909882607,0.39505940901173925
resultado,GRIM,2024-06-30,Revenue,66007.18,53359.892801,0.8083952806497718,0.19160471935022816
resultado,GRIM,2024-09-30,Revenue,49964.38,60368.111625,1.2082229705442158,0.2082229705442157
resultado,GRIM,2024-12-31,Revenue,144061.22,74466.054291,0.5169056203397416,0.48309437966025837
resultado,GRIM,2025-03-31,Revenue,79715.82,60114.448634,0.7541093930163423,0.24589060698365775
resultado,GRIM,2025-06-30,Revenue,62590.35,62842.383292,1.0040267116576278,0.004026711657627735
resultado,GRIM,2025-09-30,Revenue,75097.89,72108.017092,0.9601869918315946,0.03981300816840533
resultado,GRIM,2025-12-31,Revenue,75097.89,81450.176131,1.0845867457927247,0.08458674579272468
resultado,GRIM,2023-12-31,NetIncome,-14149.61,-3868.070384,0.27336939915658454,0.7266306008434155
resultado,GRIM,2024-03-31,NetIncome,1497.12,898.033942,0.59984098936625,0.4001590106337501
resultado,GRIM,2024-06-30,NetIncome,5141.15,3852.210772,0.7492897059996305,0.25071029400036954
resultado,GRIM,2024-09-30,NetIncome,889.7,1476.233673,1.659248817578959,0.659248817578959
resultado,GRIM,2024-12-31,NetIncome,8835.63,5233.40527,0.5923069741489855,0.4076930258510145
resultado,GRIM,2025-03-31,NetIncome,7026.38,5309.011131,0.7555826942180753,0.24441730578192467
resultado,GRIM,2025-06-30,NetIncome,4029.76,4337.988541,1.0764880640534422,0.07648806405344226
resultado,GRIM,2025-09-30,NetIncome,2635.85,1404.869211,0.5329852650947512,0.4670147349052488
resultado,GRIM,2025-12-31,NetIncome,2635.85,3883.71604,1.4734207333497733,0.4734207333497733
resultado,GRIM,2023-12-31,GrossProfit,52820.69,36799.820953,0.6966933024350874,0.3033066975649125
resultado,GRIM,2024-03-31,GrossProfit,26505.27,16034.116095,0.6049406814192045,0.39505931858079546
resultado,GRIM,2024-06-30,GrossProfit,38082.17,30291.649174,0.7954286526739416,0.20457134732605836
resultado,GRIM,2024-09-30,GrossProfit,27034.6,32654.383619,1.2078737476789005,0.20787374767890043
resultado,GRIM,2024-12-31,GrossProfit,79255.9,41306.842569,0.5211831872327486,0.47881681276725135
resultado,GRIM,2025-03-31,GrossProfit,41989.89,31664.972162,0.7541094335326908,0.2458905664673092
resultado,GRIM,2025-06-30,GrossProfit,35309.87,37605.68985,1.0650192099262896,0.06501920992628972
resultado,GRIM,2025-09-30,GrossProfit,34820.01,32404.477332,0.9306280306065391,0.06937196939346092
resultado,GRIM,2025-12-31,GrossProfit,34820.01,40295.438057,1.1572494682511578,0.1572494682511578
resultado,GRIM,2023-12-31,OperatingIncome,28099.84,19104.887052,0.6798930902097663,0.32010690979023376
resultado,GRIM,2024-03-31,OperatingIncome,9117.48,5515.533234,0.6049405355427159,0.3950594644572842
resultado,GRIM,2024-06-30,OperatingIncome,17694.61,13715.612397,0.7751293979918179,0.22487060200818212
resultado,GRIM,2024-09-30,OperatingIncome,11513.76,13846.693737,1.2026213623525241,0.20262136235252423
resultado,GRIM,2024-12-31,OperatingIncome,32673.33,16904.519312,0.517379750150964,0.4826202498490359
resultado,GRIM,2025-03-31,OperatingIncome,16242.53,12248.645794,0.7541094764177748,0.2458905235822252
resultado,GRIM,2025-06-30,OperatingIncome,11878.08,12377.584059,1.0420525925907218,0.0420525925907218
resultado,GRIM,2025-09-30,OperatingIncome,8780.15,6068.18958,0.6911259579847725,0.3088740420152275
resultado,GRIM,2025-12-31,OperatingIncome,8780.15,11729.064566,1.3358615246892136,0.3358615246892137
resultado,HARG,2023-12-31,Revenue,150929.0,-119302.671,-0.7904555850764267,1.7904555850764265
resultado,HARG,2024-03-31,Revenue,110018.0,66554.0,0.6049373738842735,0.3950626261157265
resultado,HARG,2024-06-30,Revenue,120482.0,-66397.52,-0.5510990853405489,1.5510990853405489
resultado,HARG,2024-09-30,Revenue,132936.0,277088.52,2.0843753385087562,1.0843753385087562
resultado,HARG,2024-12-31,Revenue,163062.0,122985.0,0.7542223203444088,0.24577767965559114
resultado,HARG,2025-03-31,Revenue,129890.0,97951.0,0.7541073215797983,0.2458926784202017
resultado,HARG,2025-06-30,Revenue,107947.0,113836.0,1.0545545499180153,0.054554549918015324
resultado,HARG,2025-09-30,Revenue,125548.0,133218.0,1.0610921719183102,0.06109217191831013
resultado,HARG,2025-12-31,Revenue,154262.0,154262.0,1.0,0.0
resultado,HARG,2023-12-31,NetIncome,23646.0,-14737.74,-0.6232656686120274,1.6232656686120273
resultado,HARG,2024-03-31,NetIncome,18338.0,10438.0,0.5692005671283673,0.4307994328716327
resultado,HARG,2024-06-30,NetIncome,8508.0,-10419.44,-1.2246638457921957,2.224663845792196
resultado,HARG,2024-09-30,NetIncome,6747.0,27908.44,4.13642211353194,3.13642211353194
resultado,HARG,2024-12-31,NetIncome,19633.0,13267.0,0.6757500127336628,0.3242499872663373
resultado,HARG,2025-03-31,NetIncome,1672.0,1359.0,0.812799043062201,0.18720095693779903
resultado,HARG,2025-06-30,NetIncome,148.0,312.0,2.108108108108108,1.1081081081081081
resultado,HARG,2025-09-30,NetIncome,-20437.0,-20245.0,0.9906052747467828,0.009394725253217204
resultado,HARG,2025-12-31,NetIncome,-21308.0,-22073.0,1.0359020086352544,0.03590200863525436
resultado,HARG,2023-12-31,GrossProfit,69421.0,-50964.909,-0.7341425361201942,1.734142536120194
resultado,HARG,2024-03-31,GrossProfit,34990.0,25486.0,0.7283795370105745,0.27162046298942555
resultado,HARG,2024-06-30,GrossProfit,36887.0,-25428.03,-0.6893493642746766,1.6893493642746766
resultado,HARG,2024-09-30,GrossProfit,27384.0,98558.03,3.599110064271107,2.599110064271107
resultado,HARG,2024-12-31,GrossProfit,58723.0,54268.0,0.9241353473085503,0.0758646526914497
resultado,HARG,2025-03-31,GrossProfit,31326.0,32823.0,1.0477877801187512,0.0477877801187512
resultado,HARG,2025-06-30,GrossProfit,32089.0,42032.0,1.3098569603290848,0.3098569603290847
resultado,HARG,2025-09-30,GrossProfit,25165.0,39977.0,1.588595271210014,0.5885952712100139
resultado,HARG,2025-12-31,GrossProfit,41033.0,50270.0,1.2251114956254723,0.22511149562547217
resultado,HARG,2023-12-31,OperatingIncome,33395.0,-16827.313,-0.5038871986824375,1.5038871986824374
resultado,HARG,2024-03-31,OperatingIncome,-6720.0,-3892.0,0.5791666666666667,0.42083333333333334
resultado,HARG,2024-06-30,OperatingIncome,432.0,3887.31,8.998402777777777,7.998402777777778
resultado,HARG,2024-09-30,OperatingIncome,5668.0,854.69,0.15079216654904729,0.8492078334509526
resultado,HARG,2024-12-31,OperatingIncome,25164.0,16974.0,0.6745350500715308,0.32546494992846925
resultado,HARG,2025-03-31,OperatingIncome,-1099.0,-566.0,0.5150136487716106,0.48498635122838946
resultado,HARG,2025-06-30,OperatingIncome,1450.0,5113.0,3.526206896551724,2.526206896551724
resultado,HARG,2025-09-30,OperatingIncome,-10932.0,-14247.0,1.303238199780461,0.303238199780461
resultado,HARG,2025-12-31,OperatingIncome,-15469.0,-27349.0,1.7679875880793845,0.7679875880793846
resultado,LEDE,2023-11-30,Revenue,324064.18,126318.291,0.3897940556096018,0.6102059443903982
resultado,LEDE,2024-02-29,Revenue,239210.91,273710.143,1.1442209847368583,0.14422098473685827
resultado,LEDE,2024-05-31,Revenue,232483.37,261089.249,1.1230448397233748,0.1230448397233747
resultado,LEDE,2024-08-31,Revenue,220279.67,153889.596,0.698610071460521,0.301389928539479
resultado,LEDE,2024-11-30,Revenue,315462.16,220261.847,0.6982195487408063,0.3017804512591937
resultado,LEDE,2025-02-28,Revenue,238692.81,208744.871,0.8745335521417675,0.12546644785823244
resultado,LEDE,2025-05-31,Revenue,249051.1,249051.103,1.0000000120457206,1.2045720725478433e-08
resultado,LEDE,2025-08-31,Revenue,205968.83,192404.514,0.9341438410850808,0.06585615891491928
resultado,LEDE,2023-11-30,NetIncome,74735.49,25802.533,0.34525140599198584,0.6547485940080142
resultado,LEDE,2024-02-29,NetIncome,32479.94,40611.257,1.2503488922701211,0.2503488922701212
resultado,LEDE,2024-05-31,NetIncome,-57706.25,-29090.508,0.5041136445359039,0.49588635546409615
resultado,LEDE,2024-08-31,NetIncome,-8907.11,-6230.0,0.6994412329027035,0.30055876709729645
resultado,LEDE,2024-11-30,NetIncome,15365.89,10745.85,0.6993314412637343,0.3006685587362658
resultado,LEDE,2025-02-28,NetIncome,-5264.39,-3618.173,0.6872919749486645,0.31270802505133555
resultado,LEDE,2025-05-31,NetIncome,-26076.15,-26076.146,0.999999846603122,1.5339687802129175e-07
resultado,LEDE,2025-08-31,NetIncome,-18497.86,-17279.67,0.934144273986288,0.06585572601371198
resultado,LEDE,2023-11-30,GrossProfit,167765.14,58144.201,0.3465809464349983,0.6534190535650016
resultado,LEDE,2024-02-29,GrossProfit,108166.98,117423.072,1.0855722513469452,0.0855722513469453
resultado,LEDE,2024-05-31,GrossProfit,15865.08,57999.636,3.655804824179897,2.6558048241798966
resultado,LEDE,2024-08-31,GrossProfit,44438.63,30138.105,0.6781960875031476,0.32180391249685236
resultado,LEDE,2024-11-30,GrossProfit,89734.18,62976.489,0.7018116062352161,0.2981883937647839
resultado,LEDE,2025-02-28,GrossProfit,63655.22,55419.158,0.8706145073412676,0.12938549265873242
resultado,LEDE,2025-05-31,GrossProfit,47116.27,46319.317,0.9830853970401309,0.01691460295986915
resultado,LEDE,2025-08-31,GrossProfit,44075.73,36611.681,0.8306539903025995,0.1693460096974005
resultado,LEDE,2023-11-30,OperatingIncome,104197.85,34181.344,0.3280426995374664,0.6719573004625335
resultado,LEDE,2024-02-29,OperatingIncome,60811.69,63394.879,1.0424784938553755,0.04247849385537548
resultado,LEDE,2024-05-31,OperatingIncome,-52208.31,-15374.168,0.29447741173770997,0.7055225882622901
resultado,LEDE,2024-08-31,OperatingIncome,-14148.37,-11140.85,0.7874299300908868,0.21257006990911323
resultado,LEDE,2024-11-30,OperatingIncome,9883.2,5982.484,0.6053185203173062,0.39468147968269385
resultado,LEDE,2025-02-28,OperatingIncome,11966.6,9136.397,0.7634914679190414,0.23650853208095862
resultado,LEDE,2025-05-31,OperatingIncome,-12038.9,-23171.585,1.9247260962380284,0.9247260962380284
resultado,LEDE,2025-08-31,OperatingIncome,-6915.35,-7641.945,1.1050698807724844,0.1050698807724843
resultado,METR,2023-12-31,Revenue,172173.0,155415.0,0.9026676656618634,0.09733233433813664
resultado,METR,2024-03-31,Revenue,107416.0,64744.0,0.6027407462575408,0.39725925374245924
resultado,METR,2024-06-30,Revenue,348767.0,244034.0,0.6997049606184071,0.30029503938159285
resultado,METR,2024-09-30,Revenue,427082.0,189297.0,0.4432333837530029,0.5567666162469971
resultado,METR,2024-12-31,Revenue,333691.0,427015.0,1.2796719120383828,0.2796719120383828
resultado,METR,2025-03-31,Revenue,271051.0,205186.0,0.7570014499116402,0.24299855008835974
resultado,METR,2025-06-30,Revenue,314009.0,299007.0,0.9522242993035231,0.04777570069647685
resultado,METR,2025-09-30,Revenue,366315.0,394449.0,1.0768027517300685,0.07680275173006838
resultado,METR,2025-12-31,Revenue,318663.0,318663.0,1.0,0.0
resultado,METR,2023-12-31,NetIncome,79003.0,54213.0,0.6862144475526246,0.31378555244737544
resultado,METR,2024-03-31,NetIncome,31715.0,19481.0,0.6142519312628094,0.3857480687371906
resultado,METR,2024-06-30,NetIncome,78038.0,55663.0,0.7132807093979856,0.2867192906020144
resultado,METR,2024-09-30,NetIncome,58152.0,52288.0,0.8991608199202091,0.1008391800797909
resultado,METR,2024-12-31,NetIncome,35228.0,29196.0,0.8287725672760304,0.17122743272396956
resultado,METR,2025-03-31,NetIncome,30155.0,23138.0,0.7673022715967501,0.23269772840324987
resultado,METR,2025-06-30,NetIncome,34765.0,33125.0,0.9528261182223501,0.04717388177764994
resultado,METR,2025-09-30,NetIncome,47227.0,51092.0,1.0818387786647468,0.08183877866474686
resultado,METR,2025-12-31,NetIncome,24374.0,25128.0,1.0309346024452286,0.030934602445228523
resultado,METR,2023-12-31,OperatingIncome,566.0,4273.0,7.549469964664311,6.549469964664311
resultado,METR,2024-03-31,OperatingIncome,-22717.0,-16470.0,0.7250077034819739,0.27499229651802615
resultado,METR,2024-06-30,OperatingIncome,59635.0,36219.0,0.6073446801375031,0.39265531986249685
resultado,METR,2024-09-30,OperatingIncome,105963.0,73201.0,0.6908166057963628,0.3091833942036371
resultado,METR,2024-12-31,OperatingIncome,54256.0,52422.0,0.966197286936007,0.03380271306399292
resultado,METR,2025-03-31,OperatingIncome,42560.0,32109.0,0.7544407894736842,0.2455592105263158
resultado,METR,2025-06-30,OperatingIncome,40277.0,46605.0,1.1571119994041263,0.15711199940412643
resultado,METR,2025-09-30,OperatingIncome,80022.0,84439.0,1.0551973207367973,0.05519732073679738
resultado,METR,2025-12-31,OperatingIncome,34003.0,33158.0,0.9751492515366291,0.02485074846337088
resultado,MIRG,2023-12-31,Revenue,626900.0,566781.638,0.9041021502632,0.09589784973680007
resultado,MIRG,2024-03-31,Revenue,418625.0,281924.0,0.6734523738429382,0.3265476261570618
resultado,MIRG,2024-06-30,Revenue,468859.0,388536.0,0.8286841033231739,0.1713158966768261
resultado,MIRG,2024-09-30,Revenue,499852.0,501859.0,1.0040151884957949,0.004015188495794755
resultado,MIRG,2024-12-31,Revenue,646596.0,557131.0,0.8616369417688944,0.13836305823110567
resultado,MIRG,2025-03-31,Revenue,607344.0,507330.0,0.8353256144787797,0.16467438552122027
resultado,MIRG,2025-06-30,Revenue,726311.0,749488.0,1.031910572743632,0.03191057274363186
resultado,MIRG,2025-09-30,Revenue,571790.0,691011.0,1.2085048706693016,0.20850487066930168
resultado,MIRG,2025-12-31,Revenue,718378.0,780375.0,1.0863013622354805,0.08630136223548049
resultado,MIRG,2023-12-31,NetIncome,-342723.0,-157361.831,0.459151650166461,0.540848349833539
resultado,MIRG,2024-03-31,NetIncome,214515.0,129544.0,0.6038925016898585,0.39610749831014147
resultado,MIRG,2024-06-30,NetIncome,-1140.0,14551.0,-12.764035087719298,13.764035087719298
resultado,MIRG,2024-09-30,NetIncome,-39510.0,-12542.0,0.31743862313338395,0.682561376866616
resultado,MIRG,2024-12-31,NetIncome,94759.0,72171.0,0.7616268639390453,0.23837313606095464
resultado,MIRG,2025-03-31,NetIncome,2478.0,1856.0,0.7489911218724778,0.2510088781275222
resultado,MIRG,2025-06-30,NetIncome,4506.0,4236.0,0.9400798934753661,0.05992010652463382
resultado,MIRG,2025-09-30,NetIncome,-3514.0,-3102.0,0.8827546955036994,0.11724530449630051
resultado,MIRG,2025-12-31,NetIncome,9605.0,9548.0,0.9940655908381052,0.005934409161894846
resultado,MIRG,2023-12-31,GrossProfit,79377.0,137366.629,1.7305595953487785,0.7305595953487785
resultado,MIRG,2024-03-31,GrossProfit,67371.0,69436.0,1.0306511703848837,0.030651170384883703
resultado,MIRG,2024-06-30,GrossProfit,17389.0,67488.0,3.88107424233711,2.88107424233711
resultado,MIRG,2024-09-30,GrossProfit,26382.0,89943.0,3.409256311121219,2.409256311121219
resultado,MIRG,2024-12-31,GrossProfit,106629.0,147329.0,1.3816972868544204,0.38169728685442045
resultado,MIRG,2025-03-31,GrossProfit,35194.0,82232.0,2.3365346365857818,1.3365346365857818
resultado,MIRG,2025-06-30,GrossProfit,73887.0,139161.0,1.8834301027244305,0.8834301027244306
resultado,MIRG,2025-09-30,GrossProfit,133618.0,199286.0,1.4914607313385921,0.4914607313385921
resultado,MIRG,2025-12-31,GrossProfit,122525.0,192457.0,1.5707569883697206,0.5707569883697204
resultado,MIRG,2023-12-31,OperatingIncome,-48742.0,-196810.577,4.037802654794633,3.037802654794633
resultado,MIRG,2024-03-31,OperatingIncome,43087.0,239778.0,5.564973193770743,4.564973193770743
resultado,MIRG,2024-06-30,OperatingIncome,-20700.0,59972.0,-2.8971980676328504,3.8971980676328504
resultado,MIRG,2024-09-30,OperatingIncome,-14427.0,24083.0,-1.6693006168988702,2.66930061689887
resultado,MIRG,2024-12-31,OperatingIncome,111907.0,170951.0,1.527616681708919,0.5276166817089191
resultado,MIRG,2025-03-31,OperatingIncome,11117.0,27861.0,2.5061617342808313,1.506161734280831
resultado,MIRG,2025-06-30,OperatingIncome,53413.0,28220.0,0.5283357984011383,0.4716642015988617
resultado,MIRG,2025-09-30,OperatingIncome,103403.0,17302.0,0.1673258996354071,0.8326741003645929
resultado,MIRG,2025-12-31,OperatingIncome,93845.0,85806.0,0.9143374713623528,0.08566252863764719
resultado,MOLA,2023-12-31,Revenue,490066.0,433111.642,0.8837822701432052,0.11621772985679481
resultado,MOLA,2024-03-31,Revenue,805820.0,811769.908,1.0073836688094115,0.007383668809411598
resultado,MOLA,2024-06-30,Revenue,906697.0,613706.0,0.6768589727328975,0.3231410272671025
resultado,MOLA,2024-09-30,Revenue,972439.0,708611.0,0.7286945505065099,0.27130544949349006
resultado,MOLA,2024-12-31,Revenue,939672.0,820469.0,0.8731440332371295,0.12685596676287045
resultado,MOLA,2025-03-31,Revenue,895326.0,895326.0,1.0,0.0
resultado,MOLA,2025-06-30,Revenue,807314.0,761845.0,0.943678667779823,0.05632133222017703
resultado,MOLA,2025-09-30,Revenue,860025.0,784039.0,0.9116467544548124,0.08835324554518764
resultado,MOLA,2025-12-31,Revenue,1135318.0,1256773.0,1.1069788376472496,0.1069788376472495
resultado,MOLA,2023-12-31,NetIncome,11607.0,9773.121,0.8420023261824761,0.15799767381752397
resultado,MOLA,2024-03-31,NetIncome,44936.0,35998.376,0.8011032579668862,0.19889674203311383
resultado,MOLA,2024-06-30,NetIncome,31869.0,21572.0,0.6768960431767549,0.32310395682324516
resultado,MOLA,2024-09-30,NetIncome,10547.0,8273.0,0.7843936664454347,0.21560633355456527
resultado,MOLA,2024-12-31,NetIncome,1069.0,3211.0,3.0037418147801684,2.0037418147801684
resultado,MOLA,2025-03-31,NetIncome,18145.0,18145.0,1.0,0.0
resultado,MOLA,2025-06-30,NetIncome,30396.0,28684.0,0.943676799578892,0.05632320042110804
resultado,MOLA,2025-09-30,NetIncome,72201.0,66442.0,0.9202365618204734,0.0797634381795266
resultado,MOLA,2025-12-31,NetIncome,77317.0,84788.0,1.096628167155994,0.09662816715599415
resultado,MOLA,2023-12-31,GrossProfit,19222.0,14924.106,0.7764075538445531,0.2235924461554469
resultado,MOLA,2024-03-31,GrossProfit,21882.0,60962.546,2.7859677360387534,1.7859677360387534
resultado,MOLA,2024-06-30,GrossProfit,40495.0,27409.0,0.6768489937029263,0.3231510062970737
resultado,MOLA,2024-09-30,GrossProfit,14430.0,11240.0,0.7789327789327789,0.22106722106722107
resultado,MOLA,2024-12-31,GrossProfit,4569.0,6577.0,1.4394834755964105,0.4394834755964106
resultado,MOLA,2025-03-31,GrossProfit,31236.0,27744.0,0.8882059162504802,0.11179408374951978
resultado,MOLA,2025-06-30,GrossProfit,65841.0,55922.0,0.8493491897146155,0.1506508102853845
resultado,MOLA,2025-09-30,GrossProfit,132259.0,118120.0,0.8930961220030394,0.10690387799696051
resultado,MOLA,2025-12-31,GrossProfit,134554.0,148228.0,1.1016246265439897,0.10162462654398978
resultado,MOLA,2023-12-31,OperatingIncome,1785.0,1694.534,0.9493187675070028,0.05068123249299714
resultado,MOLA,2024-03-31,OperatingIncome,-2768.0,39307.73,-14.200769508670522,15.200769508670522
resultado,MOLA,2024-06-30,OperatingIncome,24489.0,16553.0,0.6759361345910408,0.32406386540895915
resultado,MOLA,2024-09-30,OperatingIncome,-611.0,250.0,-0.40916530278232405,1.409165302782324
resultado,MOLA,2024-12-31,OperatingIncome,-14852.0,-9946.0,0.6696741179639106,0.3303258820360894
resultado,MOLA,2025-03-31,OperatingIncome,9074.0,9064.0,0.9988979501873485,0.001102049812651532
resultado,MOLA,2025-06-30,OperatingIncome,41828.0,39473.0,0.9436980013388161,0.0563019986611839
resultado,MOLA,2025-09-30,OperatingIncome,111224.0,102302.0,0.9197834999640365,0.08021650003596346
resultado,MOLA,2025-12-31,OperatingIncome,114291.0,125446.0,1.0976017359197137,0.09760173591971372
resultado,MOLI,2023-09-30,Revenue,223958.0,108545.921,0.4846708802543334,0.5153291197456666
resultado,MOLI,2023-12-31,Revenue,292756.0,221870.094,0.7578669403872167,0.2421330596127833
resultado,MOLI,2024-03-31,Revenue,285489.0,172704.0,0.6049409959753266,0.3950590040246735
resultado,MOLI,2024-06-30,Revenue,292221.0,218325.0,0.7471228967117353,0.2528771032882647
resultado,MOLI,2024-09-30,Revenue,315090.0,285815.0,0.9070900377669872,0.09290996223301279
resultado,MOLI,2024-12-31,Revenue,267614.0,205273.0,0.7670488091056522,0.23295119089434782
resultado,MOLI,2025-03-31,Revenue,211546.0,199548.0,0.9432842029629489,0.05671579703705104
resultado,MOLI,2025-06-30,Revenue,252110.0,237994.0,0.9440085676887073,0.05599143231129269
resultado,MOLI,2025-09-30,Revenue,233096.0,259210.0,1.1120310944846759,0.11203109448467584
resultado,MOLI,2025-12-31,Revenue,255191.0,255191.0,1.0,0.0
resultado,MOLI,2023-09-30,NetIncome,21622.0,10358.247,0.4790605401905466,0.5209394598094533
resultado,MOLI,2023-12-31,NetIncome,38829.0,26214.326,0.6751223570012105,0.3248776429987895
resultado,MOLI,2024-03-31,NetIncome,58449.0,35358.0,0.6049376379407688,0.3950623620592311
resultado,MOLI,2024-06-30,NetIncome,9741.0,10795.0,1.1082024432809774,0.1082024432809773
resultado,MOLI,2024-09-30,NetIncome,-4440.0,2231.0,-0.5024774774774775,1.5024774774774774
resultado,MOLI,2024-12-31,NetIncome,-20751.0,-15697.0,0.7564454725073491,0.24355452749265097
resultado,MOLI,2025-03-31,NetIncome,-5788.0,-5460.0,0.9433310297166552,0.056668970283344854
resultado,MOLI,2025-06-30,NetIncome,-14858.0,-14025.0,0.9439359267734554,0.05606407322654462
resultado,MOLI,2025-09-30,NetIncome,-16757.0,-17918.0,1.0692844781285433,0.0692844781285433
resultado,MOLI,2025-12-31,NetIncome,-3310.0,-3310.0,1.0,0.0
resultado,MOLI,2023-09-30,GrossProfit,65661.0,29534.044,0.44979583009701346,0.5502041699029865
resultado,MOLI,2023-12-31,GrossProfit,114098.0,73281.682,0.6422696453925573,0.35773035460744274
resultado,MOLI,2024-03-31,GrossProfit,85087.0,51498.0,0.6052393432604276,0.39476065673957245
resultado,MOLI,2024-06-30,GrossProfit,67071.0,51548.0,0.7685586915358351,0.23144130846416483
resultado,MOLI,2024-09-30,GrossProfit,64647.0,60908.0,0.9421628227141244,0.057837177285875604
resultado,MOLI,2024-12-31,GrossProfit,41723.0,32734.0,0.7845552812597368,0.21544471874026316
resultado,MOLI,2025-03-31,GrossProfit,39830.0,37958.0,0.9530002510670349,0.0469997489329651
resultado,MOLI,2025-06-30,GrossProfit,62470.0,59313.0,0.9494637425964463,0.050536257403553705
resultado,MOLI,2025-09-30,GrossProfit,60054.0,65860.0,1.0966796549771871,0.0966796549771872
resultado,MOLI,2025-12-31,GrossProfit,70452.0,70846.0,1.005592460114688,0.005592460114688015
resultado,MOLI,2023-09-30,OperatingIncome,16404.0,7071.749,0.43109906120458424,0.5689009387954158
resultado,MOLI,2023-12-31,OperatingIncome,32400.0,28947.98,0.8934561728395062,0.10654382716049383
resultado,MOLI,2024-03-31,OperatingIncome,25632.0,15634.0,0.6099406991260924,0.3900593008739076
resultado,MOLI,2024-06-30,OperatingIncome,-4810.0,-8260.0,1.7172557172557172,0.7172557172557172
resultado,MOLI,2024-09-30,OperatingIncome,-11632.0,-14212.0,1.2218019257221457,0.2218019257221458
resultado,MOLI,2024-12-31,OperatingIncome,-34987.0,-10393.0,0.2970531911852974,0.7029468088147026
resultado,MOLI,2025-03-31,OperatingIncome,-19237.0,-18069.0,0.9392836720902428,0.060716327909757235
resultado,MOLI,2025-06-30,OperatingIncome,-1806.0,-2173.0,1.2032115171650055,0.20321151716500555
resultado,MOLI,2025-09-30,OperatingIncome,952.0,-1613.0,-1.694327731092437,2.694327731092437
resultado,MOLI,2025-12-31,OperatingIncome,4155.0,2375.0,0.5716004813477737,0.42839951865222625
resultado,RIGO,2023-08-31,Revenue,35483.48,15470.874126,0.43600216568386185,0.563997834316138
resultado,RIGO,2023-11-30,Revenue,44276.39,25665.731771,0.5796708306842541,0.42032916931574593
resultado,RIGO,2024-02-29,Revenue,36987.75,20482.564686,0.5537661708538638,0.4462338291461362
resultado,RIGO,2024-05-31,Revenue,29517.96,25869.771738,0.8764078458673974,0.12359215413260265
resultado,RIGO,2024-08-31,Revenue,22686.43,28865.945467,1.272388183905533,0.272388183905533
resultado,RIGO,2024-11-30,Revenue,30734.99,30734.986724,0.9999998934113854,1.0658861457568649e-07
resultado,RIGO,2025-02-28,Revenue,31607.18,23755.604775,0.7515888723701387,0.24841112762986134
resultado,RIGO,2025-05-31,Revenue,26117.97,28069.315277,1.074712746702749,0.07471274670274912
resultado,RIGO,2023-08-31,NetIncome,789.95,402.108508,0.5090303285018039,0.49096967149819615
resultado,RIGO,2023-11-30,NetIncome,-1472.52,-380.437473,0.25835810243663926,0.7416418975633609
resultado,RIGO,2024-02-29,NetIncome,693.66,384.128151,0.5537700761179829,0.4462299238820171
resultado,RIGO,2024-05-31,NetIncome,-5012.86,-3394.467463,0.6771518580211696,0.32284814197883044
resultado,RIGO,2024-08-31,NetIncome,1415.4,1014.070639,0.7164551639112618,0.2835448360887382
resultado,RIGO,2024-11-30,NetIncome,17.78,17.776444,0.9998,0.00019999999999998147
resultado,RIGO,2025-02-28,NetIncome,-1443.04,-1084.56901,0.7515862415456259,0.24841375845437413
resultado,RIGO,2025-05-31,NetIncome,257.45,168.360123,0.6539527014954359,0.346047298504564
resultado,RIGO,2023-08-31,GrossProfit,8808.74,3341.199116,0.3793049988988209,0.620695001101179
resultado,RIGO,2023-11-30,GrossProfit,3304.7,2852.031326,0.8630227633370654,0.13697723666293463
resultado,RIGO,2024-02-29,GrossProfit,6269.46,3471.812255,0.5537657557429189,0.4462342442570812
resultado,RIGO,2024-05-31,GrossProfit,-2868.99,-1101.794502,0.3840356717869355,0.6159643282130645
resultado,RIGO,2024-08-31,GrossProfit,2861.32,3177.277543,1.1104237005997233,0.11042370059972319
resultado,RIGO,2024-11-30,GrossProfit,2914.61,2914.60963,0.9999998730533416,1.2694665845609128e-07
resultado,RIGO,2025-02-28,GrossProfit,3815.28,2867.520184,0.751588398230274,0.248411601769726
resultado,RIGO,2025-05-31,GrossProfit,4657.84,4893.386668,1.05056993542071,0.05056993542071002
resultado,RIGO,2023-08-31,OperatingIncome,6003.04,2075.042154,0.3456652219542099,0.6543347780457901
resultado,RIGO,2023-11-30,OperatingIncome,64.43,866.55522,13.449561074033832,12.449561074033832
resultado,RIGO,2024-02-29,OperatingIncome,3210.58,1777.912462,0.5537667530477359,0.4462332469522641
resultado,RIGO,2024-05-31,OperatingIncome,-6628.16,-4159.853886,0.6276031185125284,0.37239688148747163
resultado,RIGO,2024-08-31,OperatingIncome,539.53,221.974814,0.4114225603766241,0.5885774396233758
resultado,RIGO,2024-11-30,OperatingIncome,-85.42,-85.419614,0.999995481151955,4.518848045024498e-06
resultado,RIGO,2025-02-28,OperatingIncome,-170.8,-128.372819,0.751597300936768,0.24840269906323195
resultado,RIGO,2025-05-31,OperatingIncome,1520.99,1510.443247,0.9930658630234255,0.0069341369765745205
resultado,TGNO4,2023-12-31,NetIncome,68251.64,38354.287,0.561954071726335,0.43804592827366495
resultado,TGNO4,2024-03-31,NetIncome,-51208.37,-32252.176,0.6298223513070226,0.37017764869297737
resultado,TGNO4,2024-06-30,NetIncome,29307.49,17428.356,0.5946724199172293,0.4053275800827707
resultado,TGNO4,2024-09-30,NetIncome,31552.8,22149.337,0.7019769085469435,0.29802309145305644
resultado,TGNO4,2024-12-31,NetIncome,38876.5,29564.547,0.7604734736923334,0.23952652630766663
resultado,TGNO4,2025-03-31,NetIncome,86415.85,65167.007,0.75410942552784,0.24589057447215998
resultado,TGNO4,2025-06-30,NetIncome,35872.58,33879.462,0.9444389558821807,0.05556104411781929
resultado,TGNO4,2025-09-30,NetIncome,55617.93,61529.293,1.10628520335079,0.10628520335078989
resultado,TGNO4,2025-12-31,NetIncome,58461.17,58461.173,1.000000051316113,5.131611297292133e-08
resultado,TRAN,2023-12-31,Revenue,76289.43,84941.95,1.113417022515439,0.11341702251543896
resultado,TRAN,2024-03-31,Revenue,86835.12,35501.752,0.40884093901177315,0.5911590609882269
resultado,TRAN,2024-06-30,Revenue,113988.68,55149.197,0.48381292773984225,0.5161870722601577
resultado,TRAN,2024-09-30,Revenue,104014.6,63036.75,0.6060375178099997,0.3939624821900003
resultado,TRAN,2024-12-31,Revenue,142521.57,186383.895,1.3077592044488422,0.30775920444884225
resultado,TRAN,2025-03-31,Revenue,134410.26,101360.04,0.7541093961130645,0.2458906038869355
resultado,TRAN,2025-06-30,Revenue,129387.91,49301.748,0.38103829020810365,0.6189617097918964
resultado,TRAN,2025-09-30,Revenue,138612.93,104988.985,0.7574256240020322,0.24257437599796783
resultado,TRAN,2025-12-31,Revenue,197445.03,139396.895,0.7060035646377121,0.293996435362288
resultado,TRAN,2023-12-31,NetIncome,-23990.19,-5821.57,0.24266460582429736,0.7573353941757026
resultado,TRAN,2024-03-31,NetIncome,17120.31,10333.273,0.6035681012785399,0.3964318987214602
resultado,TRAN,2024-06-30,NetIncome,19399.23,14386.775,0.7416157754715007,0.25838422452849935
resultado,TRAN,2024-09-30,NetIncome,23237.5,20636.384,0.8880638622915545,0.11193613770844547
resultado,TRAN,2024-12-31,NetIncome,32644.89,24885.148,0.7622984179147181,0.23770158208528192
resultado,TRAN,2025-03-31,NetIncome,40585.03,30605.549,0.7541093107483228,0.24589068925167729
resultado,TRAN,2025-06-30,NetIncome,44985.75,42705.122,0.9493033238303241,0.05069667616967589
resultado,TRAN,2025-09-30,NetIncome,49851.27,54045.87,1.0841422896548074,0.08414228965480731
resultado,TRAN,2025-12-31,NetIncome,67074.22,67074.221,1.0000000149088577,1.4908857737618203e-08
resultado,TRAN,2023-12-31,OperatingIncome,-28611.26,3523.254,-0.12314221743467432,1.1231422174346744
resultado,TRAN,2024-03-31,OperatingIncome,19170.62,7928.48,0.41357452184645044,0.5864254781535495
resultado,TRAN,2024-06-30,OperatingIncome,30097.2,12445.575,0.4135127187911168,0.5864872812088832
resultado,TRAN,2024-09-30,OperatingIncome,37610.63,19789.416,0.5261655016148361,0.4738344983851639
resultado,TRAN,2024-12-31,OperatingIncome,49346.11,72703.698,1.473342032431736,0.47334203243173584
resultado,TRAN,2025-03-31,OperatingIncome,53632.54,42560.208,0.7935519742305697,0.2064480257694303
resultado,TRAN,2025-06-30,OperatingIncome,54608.67,27320.546,0.5002968576235238,0.4997031423764761
resultado,TRAN,2025-09-30,OperatingIncome,74784.44,55075.945,0.7364626251129245,0.26353737488707546
resultado,TRAN,2025-12-31,OperatingIncome,105669.37,76654.906,0.7254221918802015,0.27457780811979854
resultado,TXAR,2023-12-31,Revenue,338853.0,338853.0,1.0,0.0
resultado,TXAR,2024-03-31,Revenue,436394.0,436394.0,1.0,0.0
resultado,TXAR,2024-06-30,Revenue,464067.0,464067.0,1.0,0.0
resultado,TXAR,2024-09-30,Revenue,591147.0,591147.0,1.0,0.0
resultado,TXAR,2024-12-31,Revenue,535698.0,535698.0,1.0,0.0
resultado,TXAR,2025-03-31,Revenue,488616.0,488616.0,1.0,0.0
resultado,TXAR,2025-06-30,Revenue,600672.0,600672.0,1.0,0.0
resultado,TXAR,2025-09-30,Revenue,709850.0,709850.0,1.0,0.0
resultado,TXAR,2025-12-31,Revenue,715827.0,715827.0,1.0,0.0
resultado,TXAR,2023-12-31,NetIncome,-71080.0,-71080.0,1.0,0.0
resultado,TXAR,2024-03-31,NetIncome,216608.0,216608.0,1.0,0.0
resultado,TXAR,2024-06-30,NetIncome,-137946.0,-137954.0,1.0000579937076828,5.799370768271642e-05
resultado,TXAR,2024-09-30,NetIncome,11138.0,11147.0,1.000808044532232,0.0008080445322319985
resultado,TXAR,2024-12-31,NetIncome,16915.0,16910.0,0.9997044043748152,0.0002955956251847473
resultado,TXAR,2025-03-31,NetIncome,36319.0,36319.0,1.0,0.0
resultado,TXAR,2025-06-30,NetIncome,22898.0,22897.0,0.9999563280635864,4.3671936413660584e-05
resultado,TXAR,2025-09-30,NetIncome,-59681.0,-59682.0,1.0000167557514117,1.6755751411672055e-05
resultado,TXAR,2025-12-31,NetIncome,83883.0,83883.0,1.0,0.0
resultado,TXAR,2023-12-31,GrossProfit,112923.0,125477.0,1.1111731002541554,0.11117310025415549
resultado,TXAR,2024-03-31,GrossProfit,117643.0,137640.0,1.169980364322569,0.16998036432256913
resultado,TXAR,2024-06-30,GrossProfit,50646.0,71402.0,1.4098250602219327,0.40982506022193266
resultado,TXAR,2024-09-30,GrossProfit,93393.0,116684.0,1.249386999025623,0.24938699902562292
resultado,TXAR,2024-12-31,GrossProfit,59495.0,86379.0,1.4518699050340365,0.45186990503403646
resultado,TXAR,2025-03-31,GrossProfit,53238.0,77591.0,1.4574364175964536,0.45743641759645365
resultado,TXAR,2025-06-30,GrossProfit,76995.0,103786.0,1.347957659588285,0.34795765958828495
resultado,TXAR,2025-09-30,GrossProfit,108691.0,140618.0,1.2937409721136064,0.29374097211360645
resultado,TXAR,2025-12-31,GrossProfit,120908.0,159115.0,1.3160005954940948,0.3160005954940947
resultado,TXAR,2023-12-31,OperatingIncome,88858.0,87777.0,0.9878345224965676,0.012165477503432442
resultado,TXAR,2024-03-31,OperatingIncome,74631.0,74631.0,1.0,0.0
resultado,TXAR,2024-06-30,OperatingIncome,-2859.0,-2859.0,1.0,0.0
resultado,TXAR,2024-09-30,OperatingIncome,30959.0,30814.0,0.9953163861881844,0.004683613811815627
resultado,TXAR,2024-12-31,OperatingIncome,-917.0,-167663.0,182.83860414394766,181.83860414394766
resultado,TXAR,2025-03-31,OperatingIncome,-11069.0,-11069.0,1.0,0.0
resultado,TXAR,2025-06-30,OperatingIncome,4092.0,4092.0,1.0,0.0
resultado,TXAR,2025-09-30,OperatingIncome,29020.0,29020.0,1.0,0.0
resultado,TXAR,2025-12-31,OperatingIncome,44676.0,37088.0,0.8301548930074313,0.16984510699256872
resultado,VALO,2023-12-31,NetIncome,15491.41,5674.455,0.36629687033007324,0.6337031296699267
resultado,VALO,2024-03-31,NetIncome,5725.97,3470.774,0.6061460328992293,0.39385396710077075
resultado,VALO,2024-06-30,NetIncome,5918.35,4424.486,0.7475877567227351,0.25241224327726486
resultado,VALO,2024-09-30,NetIncome,5568.07,5189.231,0.9319622418539997,0.06803775814600031
resultado,VALO,2024-12-31,NetIncome,10649.9,8105.705,0.7611062075700241,0.23889379242997585
resultado,VALO,2025-03-31,NetIncome,17902.65,13.51024,0.000754650289202995,0.999245349710797
resultado,VALO,2025-06-30,NetIncome,15290.42,27927.90776,1.8264970981830453,0.8264970981830452
resultado,VALO,2025-09-30,NetIncome,7119.0,8697.873,1.2217829751369573,0.22178297513695738
resultado,VALO,2025-12-31,NetIncome,19298.86,19231.183,0.9964932125524513,0.0035067874475486985
resultado,VALO,2026-03-31,NetIncome,14801.61,14774.431,0.99816378083195,0.0018362191680499679
