cuit,empresa,guid,formulario,clase,url
30500001735,BANCO DE GALICIA Y BUENOS AIRES S A,cae45ee5-ada7-4162-b686-f5441d042037,Estados Contables,eeff,https://aif2.cnv.gov.ar/presentations/publicview/cae45ee5-ada7-4162-b686-f5441d042037
30500001735,BANCO DE GALICIA Y BUENOS AIRES S A,f47368ab-fe1d-40ff-80ff-9e9225e0d083,Estados Contables,eeff,https://aif2.cnv.gov.ar/presentations/publicview/f47368ab-fe1d-40ff-80ff-9e9225e0d083
30500001735,BANCO DE GALICIA Y BUENOS AIRES S A,ca5cd054-c22c-46cb-9d39-6668eb686a13,Estados Contables,eeff,https://aif2.cnv.gov.ar/presentations/publicview/ca5cd054-c22c-46cb-9d39-6668eb686a13
30500001735,BANCO DE GALICIA Y BUENOS AIRES S A,a6e1ffeb-d7e7-4cf1-82fd-191d984abea1,Estados Contables,eeff,https://aif2.cnv.gov.ar/presentations/publicview/a6e1ffeb-d7e7-4cf1-82fd-191d984abea1
30500001735,BANCO DE GALICIA Y BUENOS AIRES S A,f38fe7c3-4b8b-4530-998d-50982bbd5f46,Estados Contables,eeff,https://aif2.cnv.gov.ar/presentations/publicview/f38fe7c3-4b8b-4530-998d-50982bbd5f46
30500001735,BANCO DE GALICIA Y BUENOS AIRES S A,1e74377f-26c1-482e-a28d-44b6f3831d5a,Estados Contables,eeff,https://aif2.cnv.gov.ar/presentations/publicview/1e74377f-26c1-482e-a28d-44b6f3831d5a
30500001735,BANCO DE GALICIA Y BUENOS AIRES S A,b3910294-a4c7-4179-aec8-bc5afef189cb,Estados Contables,eeff,https://aif2.cnv.gov.ar/presentations/publicview/b3910294-a4c7-4179-aec8-bc5afef189cb
30500001735,BANCO DE GALICIA Y BUENOS AIRES S A,5724c64d-7a6f-4614-a8bb-d59380cbac2c,Estados Contables,eeff,https://aif2.cnv.gov.ar/presentations/publicview/5724c64d-7a6f-4614-a8bb-d59380cbac2c
30500001735,BANCO DE GALICIA Y BUENOS AIRES S A,0f651fca-5024-43a6-bd5e-48c4fded3fb2,Estados Contables,eeff,https://aif2.cnv.gov.ar/presentations/publicview/0f651fca-5024-43a6-bd5e-48c4fded3fb2
30500001735,BANCO DE GALICIA Y BUENOS AIRES S A,9751fd47-1b2c-4aa6-8dea-d61770198574,Estados Contables,eeff,https://aif2.cnv.gov.ar/presentations/publicview/9751fd47-1b2c-4aa6-8dea-d61770198574
30500001735,BANCO DE GALICIA Y BUENOS AIRES S A,005e4da3-5f22-4ea7-bdf9-55eab8c9c4e4,Estados Contables,eeff,https://aif2.cnv.gov.ar/presentations/publicview/005e4da3-5f22-4ea7-bdf9-55eab8c9c4e4
30500001735,BANCO DE GALICIA Y BUENOS AIRES S A,7248651f-754e-4089-bf11-8015b96e7fe6,Estados Contables,eeff,https://aif2.cnv.gov.ar/presentations/publicview/7248651f-754e-4089-bf11-8015b96e7fe6
30500001735,BANCO DE GALICIA Y BUENOS AIRES S A,ea7f26cd-70bd-4faf-ae72-eaf8b08b770c,Estados Contables,eeff,https://aif2.cnv.gov.ar/presentations/publicview/ea7f26cd-70bd-4faf-ae72-eaf8b08b770c
30500001735,BANCO DE GALICIA Y BUENOS AIRES S A,a50c2fe7-877a-4f9c-aa13-ccf476850e3e,Estados Contables,eeff,https://aif2.cnv.gov.ar/presentations/publicview/a50c2fe7-877a-4f9c-aa13-ccf476850e3e
30500001735,BANCO DE GALICIA Y BUENOS AIRES S A,063d3326-6422-4b98-8de9-0ab6a31a529a,Estados Contables,eeff,https://aif2.cnv.gov.ar/presentations/publicview/063d3326-6422-4b98-8de9-0ab6a31a529a
30500001735,BANCO DE GALICIA Y BUENOS AIRES S A,9548c567-fe88-4dc1-b51a-35fbb4d0f437,Estados Contables,eeff,https://aif2.cnv.gov.ar/presentations/publicview/9548c567-fe88-4dc1-b51a-35fbb4d0f437
30500001735,BANCO DE GALICIA Y BUENOS AIRES S A,be63b302-3e5f-4be1-8a98-9ee77115b68f,Estados Contables,eeff,https://aif2.cnv.gov.ar/presentations/publicview/be63b302-3e5f-4be1-8a98-9ee77115b68f
30500001735,BANCO DE GALICIA Y BUENOS AIRES S A,a8c0af23-1a09-4289-bcd8-b0af6af74ae4,Estados Contables,eeff,https://aif2.cnv.gov.ar/presentations/publicview/a8c0af23-1a09-4289-bcd8-b0af6af74ae4
30500001735,BANCO DE GALICIA Y BUENOS AIRES S A,0bd2c092-542b-486d-b885-bbbb622ff1b4,Estados Contables,eeff,https://aif2.cnv.gov.ar/presentations/publicview/0bd2c092-542b-486d-b885-bbbb622ff1b4
30500001735,BANCO DE GALICIA Y BUENOS AIRES S A,a4f5e3f5-81fc-4749-b23f-1bb2f769532d,Estados Contables,eeff,https://aif2.cnv.gov.ar/presentations/publicview/a4f5e3f5-81fc-4749-b23f-1bb2f769532d
30500001735,BANCO DE GALICIA Y BUENOS AIRES S A,75e94534-5eed-4e50-8234-fa864badb3b2,Estados Contables,eeff,https://aif2.cnv.gov.ar/presentations/publicview/75e94534-5eed-4e50-8234-fa864badb3b2
30500001735,BANCO DE GALICIA Y BUENOS AIRES S A,c44cda25-f38f-4843-8b26-6c543bd04395,Estados Contables,eeff,https://aif2.cnv.gov.ar/presentations/publicview/c44cda25-f38f-4843-8b26-6c543bd04395
30500001735,BANCO DE GALICIA Y BUENOS AIRES S A,1e35d4ad-a01e-498d-b86e-5589fbefc918,Estados Contables,eeff,https://aif2.cnv.gov.ar/presentations/publicview/1e35d4ad-a01e-498d-b86e-5589fbefc918
30500001735,BANCO DE GALICIA Y BUENOS AIRES S A,dda19e57-3743-42c2-9683-0426a20b58bf,Estados Contables,eeff,https://aif2.cnv.gov.ar/presentations/publicview/dda19e57-3743-42c2-9683-0426a20b58bf
30500003193,BANCO BBVA ARGENTINA S A,1c32ea7f-d052-4fe0-bfc9-e2e08ae65a98,Estados Contables,eeff,https://aif2.cnv.gov.ar/presentations/publicview/1c32ea7f-d052-4fe0-bfc9-e2e08ae65a98
30500003193,BANCO BBVA ARGENTINA S A,f0ff2e73-05b6-4e4e-a993-4940f32f621e,Estados Contables,eeff,https://aif2.cnv.gov.ar/presentations/publicview/f0ff2e73-05b6-4e4e-a993-4940f32f621e
30500003193,BANCO BBVA ARGENTINA S A,90bef893-40e5-4e33-a6d1-bce765b847f7,Estados Contables,eeff,https://aif2.cnv.gov.ar/presentations/publicview/90bef893-40e5-4e33-a6d1-bce765b847f7
30500003193,BANCO BBVA ARGENTINA S A,e68b0b7f-622c-408e-a311-808caab73790,Estados Contables,eeff,https://aif2.cnv.gov.ar/presentations/publicview/e68b0b7f-622c-408e-a311-808caab73790
30500003193,BANCO BBVA ARGENTINA S A,3c31bfb5-9cc3-41b5-84a8-8a55714243c5,Estados Contables,eeff,https://aif2.cnv.gov.ar/presentations/publicview/3c31bfb5-9cc3-41b5-84a8-8a55714243c5
30500003193,BANCO BBVA ARGENTINA S A,6a161eac-fef7-47e3-bb9e-0b6c42a4b752,Estados Contables,eeff,https://aif2.cnv.gov.ar/presentations/publicview/6a161eac-fef7-47e3-bb9e-0b6c42a4b752
30500003193,BANCO BBVA ARGENTINA S A,72161c78-b42b-4fef-b6f9-09f93db74a42,Estados Contables,eeff,https://aif2.cnv.gov.ar/presentations/publicview/72161c78-b42b-4fef-b6f9-09f93db74a42
30500003193,BANCO BBVA ARGENTINA S A,f3ab61d1-689e-483f-854d-e6279da70813,Estados Contables,eeff,https://aif2.cnv.gov.ar/presentations/publicview/f3ab61d1-689e-483f-854d-e6279da70813
30500003193,BANCO BBVA ARGENTINA S A,97c9fa74-78ed-45a1-bca3-f5874682e12c,Estados Contables,eeff,https://aif2.cnv.gov.ar/presentations/publicview/97c9fa74-78ed-45a1-bca3-f5874682e12c
30500003193,BANCO BBVA ARGENTINA S A,61af2369-92ae-4f77-9040-425a707ba901,Estados Contables,eeff,https://aif2.cnv.gov.ar/presentations/publicview/61af2369-92ae-4f77-9040-425a707ba901
30500003193,BANCO BBVA ARGENTINA S A,ffe8a8f2-b363-431f-9cda-4957ea8acfdd,Estados Contables,eeff,https://aif2.cnv.gov.ar/presentations/publicview/ffe8a8f2-b363-431f-9cda-4957ea8acfdd
30500003193,BANCO BBVA ARGENTINA S A,2ce8549d-7ed9-4c4b-9012-56c43ee7e57c,Estados Contables,eeff,https://aif2.cnv.gov.ar/presentations/publicview/2ce8549d-7ed9-4c4b-9012-56c43ee7e57c
30500003193,BANCO BBVA ARGENTINA S A,8a4489b7-3e03-43bd-af20-8f0b7b7d5c3a,Estados Contables,eeff,https://aif2.cnv.gov.ar/presentations/publicview/8a4489b7-3e03-43bd-af20-8f0b7b7d5c3a
30500003193,BANCO BBVA ARGENTINA S A,d70d5d64-d0a0-4e6f-b547-badcd7c0db0c,Estados Contables,eeff,https://aif2.cnv.gov.ar/presentations/publicview/d70d5d64-d0a0-4e6f-b547-badcd7c0db0c
30500003193,BANCO BBVA ARGENTINA S A,c1e9435c-d7c7-4fd8-9ed6-2ab61e2254a3,Estados Contables,eeff,https://aif2.cnv.gov.ar/presentations/publicview/c1e9435c-d7c7-4fd8-9ed6-2ab61e2254a3
30500003193,BANCO BBVA ARGENTINA S A,fa65b39c-2b28-4d42-bc3f-2246b5a3beab,Estados Contables,eeff,https://aif2.cnv.gov.ar/presentations/publicview/fa65b39c-2b28-4d42-bc3f-2246b5a3beab
30500003193,BANCO BBVA ARGENTINA S A,afea729b-e4a5-4d46-9bf3-9f30f1940f00,Estados Contables,eeff,https://aif2.cnv.gov.ar/presentations/publicview/afea729b-e4a5-4d46-9bf3-9f30f1940f00
30500003193,BANCO BBVA ARGENTINA S A,6915d680-9ac2-466a-8826-bb614cc629d6,Estados Contables,eeff,https://aif2.cnv.gov.ar/presentations/publicview/6915d680-9ac2-466a-8826-bb614cc629d6
30500003193,BANCO BBVA ARGENTINA S A,bb75f2b5-0afd-4cf1-95e0-4ecdbca65db9,Estados Contables,eeff,https://aif2.cnv.gov.ar/presentations/publicview/bb75f2b5-0afd-4cf1-95e0-4ecdbca65db9
30500003193,BANCO BBVA ARGENTINA S A,d4734fe3-1999-4554-bb0c-6ddb8faa824a,Estados Contables,eeff,https://aif2.cnv.gov.ar/presentations/publicview/d4734fe3-1999-4554-bb0c-6ddb8faa824a
30500003193,BANCO BBVA ARGENTINA S A,32a60bb2-9a4e-4ced-95fe-c435c7d5ce56,Estados Contables,eeff,https://aif2.cnv.gov.ar/presentations/publicview/32a60bb2-9a4e-4ced-95fe-c435c7d5ce56
30500003193,BANCO BBVA ARGENTINA S A,3a1aaa4f-c5e3-4315-bdae-0b56ccafd1d6,Estados Contables,eeff,https://aif2.cnv.gov.ar/presentations/publicview/3a1aaa4f-c5e3-4315-bdae-0b56ccafd1d6
30500003193,BANCO BBVA ARGENTINA S A,80a54f7b-eb06-4193-bec3-5ec5449dcb80,Estados Contables,eeff,https://aif2.cnv.gov.ar/presentations/publicview/80a54f7b-eb06-4193-bec3-5ec5449dcb80
30500003193,BANCO BBVA ARGENTINA S A,036ed683-fb40-49e0-8025-271afe24c8f6,Estados Contables,eeff,https://aif2.cnv.gov.ar/presentations/publicview/036ed683-fb40-49e0-8025-271afe24c8f6
30500003193,BANCO BBVA ARGENTINA S A,f47fa768-6a0f-4c6d-8309-409370e9d268,Estados Contables,eeff,https://aif2.cnv.gov.ar/presentations/publicview/f47fa768-6a0f-4c6d-8309-409370e9d268
30500003193,BANCO BBVA ARGENTINA S A,80199add-ac01-46c0-b8c7-01fe2113abe1,Estados Contables,eeff,https://aif2.cnv.gov.ar/presentations/publicview/80199add-ac01-46c0-b8c7-01fe2113abe1
30500003193,BANCO BBVA ARGENTINA S A,a3af14bf-87ba-4534-b1f1-d371e8db842e,Estados Contables,eeff,https://aif2.cnv.gov.ar/presentations/publicview/a3af14bf-87ba-4534-b1f1-d371e8db842e
30500003193,BANCO BBVA ARGENTINA S A,34c97f27-da63-4951-9c2c-80805ddd3b53,Estados Contables,eeff,https://aif2.cnv.gov.ar/presentations/publicview/34c97f27-da63-4951-9c2c-80805ddd3b53
30500003193,BANCO BBVA ARGENTINA S A,2117541e-6dbd-4ce9-8be1-660e9fc32777,Estados Contables,eeff,https://aif2.cnv.gov.ar/presentations/publicview/2117541e-6dbd-4ce9-8be1-660e9fc32777
30500006613,Banco Patagonia SA,4c8c8dc0-9456-4c85-9534-5e14c80cc517,Estados Contables,eeff,https://aif2.cnv.gov.ar/presentations/publicview/4c8c8dc0-9456-4c85-9534-5e14c80cc517
30500006613,Banco Patagonia SA,9f7dcb91-a495-48d8-b0ab-dba3d7f4d99c,Estados Contables,eeff,https://aif2.cnv.gov.ar/presentations/publicview/9f7dcb91-a495-48d8-b0ab-dba3d7f4d99c
30500006613,Banco Patagonia SA,4c3336e1-8722-42c1-b656-66aa0dc2552e,Estados Contables,eeff,https://aif2.cnv.gov.ar/presentations/publicview/4c3336e1-8722-42c1-b656-66aa0dc2552e
30500006613,Banco Patagonia SA,214cd49b-b612-4ec2-a638-1c6b8cb564ef,Estados Contables,eeff,https://aif2.cnv.gov.ar/presentations/publicview/214cd49b-b612-4ec2-a638-1c6b8cb564ef
30500006613,Banco Patagonia SA,d1bea367-081e-4257-801e-3cd04eb17584,Estados Contables,eeff,https://aif2.cnv.gov.ar/presentations/publicview/d1bea367-081e-4257-801e-3cd04eb17584
30500006613,Banco Patagonia SA,5c48c6b3-7f1f-473c-9c12-dbda9270b6ea,Estados Contables,eeff,https://aif2.cnv.gov.ar/presentations/publicview/5c48c6b3-7f1f-473c-9c12-dbda9270b6ea
30500006613,Banco Patagonia SA,609136c7-2175-4390-9b30-09b70593b429,Estados Contables,eeff,https://aif2.cnv.gov.ar/presentations/publicview/609136c7-2175-4390-9b30-09b70593b429
30500006613,Banco Patagonia SA,1eab8fb5-1cac-4f85-a2c9-e2ae8296f303,Estados Contables,eeff,https://aif2.cnv.gov.ar/presentations/publicview/1eab8fb5-1cac-4f85-a2c9-e2ae8296f303
30500006613,Banco Patagonia SA,c231170b-6911-4848-943a-938d495a6bd8,Estados Contables,eeff,https://aif2.cnv.gov.ar/presentations/publicview/c231170b-6911-4848-943a-938d495a6bd8
30500006613,Banco Patagonia SA,b4e53ec1-ed9d-4145-bb8a-643cbb7d49ad,Estados Contables,eeff,https://aif2.cnv.gov.ar/presentations/publicview/b4e53ec1-ed9d-4145-bb8a-643cbb7d49ad
30500006613,Banco Patagonia SA,793ab73d-98f9-4f04-89b0-0bdf3c5c98e6,Estados Contables,eeff,https://aif2.cnv.gov.ar/presentations/publicview/793ab73d-98f9-4f04-89b0-0bdf3c5c98e6
30500006613,Banco Patagonia SA,5acbb5b8-ff95-474e-9c24-9896860cded8,Estados Contables,eeff,https://aif2.cnv.gov.ar/presentations/publicview/5acbb5b8-ff95-474e-9c24-9896860cded8
30500006613,Banco Patagonia SA,37efeffd-0827-4771-8525-ddbae326a471,Estados Contables,eeff,https://aif2.cnv.gov.ar/presentations/publicview/37efeffd-0827-4771-8525-ddbae326a471
30500006613,Banco Patagonia SA,2fff78e0-011d-4c9e-a8b1-213bf1b89434,Estados Contables,eeff,https://aif2.cnv.gov.ar/presentations/publicview/2fff78e0-011d-4c9e-a8b1-213bf1b89434
30500006613,Banco Patagonia SA,f37d47c2-48c4-44ed-90f2-3abab93fa60c,Estados Contables,eeff,https://aif2.cnv.gov.ar/presentations/publicview/f37d47c2-48c4-44ed-90f2-3abab93fa60c
30500006613,Banco Patagonia SA,1b82e6ff-d3d5-4be3-8df3-5234d15b3a32,Estados Contables,eeff,https://aif2.cnv.gov.ar/presentations/publicview/1b82e6ff-d3d5-4be3-8df3-5234d15b3a32
30500006613,Banco Patagonia SA,a50a56e9-cdeb-4f5c-b5a0-75df06ee5b80,Estados Contables,eeff,https://aif2.cnv.gov.ar/presentations/publicview/a50a56e9-cdeb-4f5c-b5a0-75df06ee5b80
30500006613,Banco Patagonia SA,3ccaee1a-62c5-417f-82e7-51e57cc47650,Estados Contables,eeff,https://aif2.cnv.gov.ar/presentations/publicview/3ccaee1a-62c5-417f-82e7-51e57cc47650
30500006613,Banco Patagonia SA,4e964b62-ebe8-4a99-a256-08ddef3baa0a,Estados Contables,eeff,https://aif2.cnv.gov.ar/presentations/publicview/4e964b62-ebe8-4a99-a256-08ddef3baa0a
30500006613,Banco Patagonia SA,b323380d-ec63-490c-a821-cfee04117767,Estados Contables,eeff,https://aif2.cnv.gov.ar/presentations/publicview/b323380d-ec63-490c-a821-cfee04117767
30500006613,Banco Patagonia SA,5ba9d64c-cdc6-47de-bcb3-1a18cdd1ab3d,Estados Contables,eeff,https://aif2.cnv.gov.ar/presentations/publicview/5ba9d64c-cdc6-47de-bcb3-1a18cdd1ab3d
30500006613,Banco Patagonia SA,4b647867-bec4-4990-ac84-1a22fe7633cb,Estados Contables,eeff,https://aif2.cnv.gov.ar/presentations/publicview/4b647867-bec4-4990-ac84-1a22fe7633cb
30500006613,Banco Patagonia SA,cc2d3d10-d3e2-4c5b-bbcd-a9ae5837abd8,Estados Contables,eeff,https://aif2.cnv.gov.ar/presentations/publicview/cc2d3d10-d3e2-4c5b-bbcd-a9ae5837abd8
30500011072,Banco Hipotecario S A,9e53884f-69ea-45df-be1d-06e12f30731a,Estados Contables,eeff,https://aif2.cnv.gov.ar/presentations/publicview/9e53884f-69ea-45df-be1d-06e12f30731a
30500011072,Banco Hipotecario S A,73c00a51-78eb-443e-91bb-93209ecd6ae3,Estados Contables,eeff,https://aif2.cnv.gov.ar/presentations/publicview/73c00a51-78eb-443e-91bb-93209ecd6ae3
30500011072,Banco Hipotecario S A,e594a1e2-3cca-4d4e-8d0c-6bc0a6007039,Estados Contables,eeff,https://aif2.cnv.gov.ar/presentations/publicview/e594a1e2-3cca-4d4e-8d0c-6bc0a6007039
30500011072,Banco Hipotecario S A,9c229fca-39b6-445f-ab41-79830de68aab,Estados Contables,eeff,https://aif2.cnv.gov.ar/presentations/publicview/9c229fca-39b6-445f-ab41-79830de68aab
30500011072,Banco Hipotecario S A,aabc737e-04dc-4f40-90fa-ea9c721fd196,Estados Contables,eeff,https://aif2.cnv.gov.ar/presentations/publicview/aabc737e-04dc-4f40-90fa-ea9c721fd196
30500011072,Banco Hipotecario S A,0811980a-4562-4d5e-b476-8624646b4c7c,Estados Contables,eeff,https://aif2.cnv.gov.ar/presentations/publicview/0811980a-4562-4d5e-b476-8624646b4c7c
30500011072,Banco Hipotecario S A,7a04c490-8512-487a-8a4e-2c0a9cb34bf5,Estados Contables,eeff,https://aif2.cnv.gov.ar/presentations/publicview/7a04c490-8512-487a-8a4e-2c0a9cb34bf5
30500011072,Banco Hipotecario S A,0c1d3e33-1a93-4a5d-b3b3-31d09b1cd362,Estados Contables,eeff,https://aif2.cnv.gov.ar/presentations/publicview/0c1d3e33-1a93-4a5d-b3b3-31d09b1cd362
30500011072,Banco Hipotecario S A,74641ec9-1672-4c5a-be4e-52bf67946a0d,Estados Contables,eeff,https://aif2.cnv.gov.ar/presentations/publicview/74641ec9-1672-4c5a-be4e-52bf67946a0d
30500011072,Banco Hipotecario S A,f72ae47a-fcae-4d3e-bbc8-6a9c8f8443d5,Estados Contables,eeff,https://aif2.cnv.gov.ar/presentations/publicview/f72ae47a-fcae-4d3e-bbc8-6a9c8f8443d5
30500011072,Banco Hipotecario S A,4eb1c59a-5e1d-48d7-a88c-d2bb7e1848a0,Estados Contables,eeff,https://aif2.cnv.gov.ar/presentations/publicview/4eb1c59a-5e1d-48d7-a88c-d2bb7e1848a0
30500011072,Banco Hipotecario S A,49f9b3ab-9d33-4e50-acec-c4eca7f26415,Estados Contables,eeff,https://aif2.cnv.gov.ar/presentations/publicview/49f9b3ab-9d33-4e50-acec-c4eca7f26415
30500011072,Banco Hipotecario S A,823410b9-fddb-43fb-a72e-7f7533f563c6,Estados Contables,eeff,https://aif2.cnv.gov.ar/presentations/publicview/823410b9-fddb-43fb-a72e-7f7533f563c6
30500011072,Banco Hipotecario S A,5b7f98ce-f7cc-40be-a0cb-c9582d75b82d,Estados Contables,eeff,https://aif2.cnv.gov.ar/presentations/publicview/5b7f98ce-f7cc-40be-a0cb-c9582d75b82d
30500011072,Banco Hipotecario S A,20bc4f25-c581-444a-b75d-43922e736611,Estados Contables,eeff,https://aif2.cnv.gov.ar/presentations/publicview/20bc4f25-c581-444a-b75d-43922e736611
30500011072,Banco Hipotecario S A,51574770-9d6a-447e-a588-7a9ed093c11f,Estados Contables,eeff,https://aif2.cnv.gov.ar/presentations/publicview/51574770-9d6a-447e-a588-7a9ed093c11f
30500011072,Banco Hipotecario S A,30502cba-c3db-4b06-a0a3-817ea1c5925a,Estados Contables,eeff,https://aif2.cnv.gov.ar/presentations/publicview/30502cba-c3db-4b06-a0a3-817ea1c5925a
30500011072,Banco Hipotecario S A,b0080b36-a127-4001-9441-e96335895f01,Estados Contables,eeff,https://aif2.cnv.gov.ar/presentations/publicview/b0080b36-a127-4001-9441-e96335895f01
30500011072,Banco Hipotecario S A,81526567-7bf3-4062-a07f-1cb18f48db3e,Estados Contables,eeff,https://aif2.cnv.gov.ar/presentations/publicview/81526567-7bf3-4062-a07f-1cb18f48db3e
30500011072,Banco Hipotecario S A,500eb447-1dc4-43dc-a521-d79417af8eb4,Estados Contables,eeff,https://aif2.cnv.gov.ar/presentations/publicview/500eb447-1dc4-43dc-a521-d79417af8eb4
30500011072,Banco Hipotecario S A,43029101-970b-4278-83d8-acd73e0e641e,Estados Contables,eeff,https://aif2.cnv.gov.ar/presentations/publicview/43029101-970b-4278-83d8-acd73e0e641e
30500011072,Banco Hipotecario S A,388ac7a3-d440-4431-9c83-882d85fd9fa6,Estados Contables,eeff,https://aif2.cnv.gov.ar/presentations/publicview/388ac7a3-d440-4431-9c83-882d85fd9fa6
30500011072,Banco Hipotecario S A,b61cb573-0c50-4372-9497-b176abbf22e9,Estados Contables,eeff,https://aif2.cnv.gov.ar/presentations/publicview/b61cb573-0c50-4372-9497-b176abbf22e9
30500011072,Banco Hipotecario S A,1aaeacc2-1dee-443e-9801-ae55136c1423,Estados Contables,eeff,https://aif2.cnv.gov.ar/presentations/publicview/1aaeacc2-1dee-443e-9801-ae55136c1423
30500011072,Banco Hipotecario S A,9d48fdc7-8362-4d37-a67b-6ac7c4dd88d6,Estados Contables,eeff,https://aif2.cnv.gov.ar/presentations/publicview/9d48fdc7-8362-4d37-a67b-6ac7c4dd88d6
30500011072,Banco Hipotecario S A,807e6dff-7814-4b2b-8e6d-da2dcbc4ea9d,Estados Contables,eeff,https://aif2.cnv.gov.ar/presentations/publicview/807e6dff-7814-4b2b-8e6d-da2dcbc4ea9d
30500011072,Banco Hipotecario S A,4ece5693-9601-4a32-a980-92e2c478b967,Estados Contables,eeff,https://aif2.cnv.gov.ar/presentations/publicview/4ece5693-9601-4a32-a980-92e2c478b967
30500011072,Banco Hipotecario S A,56afd411-8bf0-4eb3-a050-0be22d43834c,Estados Contables,eeff,https://aif2.cnv.gov.ar/presentations/publicview/56afd411-8bf0-4eb3-a050-0be22d43834c
30500011072,Banco Hipotecario S A,6616331f-3a3c-4067-ab38-ceb558f8d69e,Estados Contables,eeff,https://aif2.cnv.gov.ar/presentations/publicview/6616331f-3a3c-4067-ab38-ceb558f8d69e
30500011072,Banco Hipotecario S A,473e6754-de23-48cf-bd75-e0c60a9c77f2,Estados Contables,eeff,https://aif2.cnv.gov.ar/presentations/publicview/473e6754-de23-48cf-bd75-e0c60a9c77f2
30500011072,Banco Hipotecario S A,0c2b8ff7-88eb-44f2-b57b-dee6cf5b4294,Estados Contables,eeff,https://aif2.cnv.gov.ar/presentations/publicview/0c2b8ff7-88eb-44f2-b57b-dee6cf5b4294
30500011072,Banco Hipotecario S A,5d71b88c-77ca-4fd0-80a8-ca183db72567,Estados Contables,eeff,https://aif2.cnv.gov.ar/presentations/publicview/5d71b88c-77ca-4fd0-80a8-ca183db72567
30500011072,Banco Hipotecario S A,075f4fc9-b95f-49ec-8797-c399ef9a20fc,Estados Contables,eeff,https://aif2.cnv.gov.ar/presentations/publicview/075f4fc9-b95f-49ec-8797-c399ef9a20fc
30500011072,Banco Hipotecario S A,8eb8ee93-f696-4be7-8cf7-dade3343bd33,Estados Contables,eeff,https://aif2.cnv.gov.ar/presentations/publicview/8eb8ee93-f696-4be7-8cf7-dade3343bd33
30500011072,Banco Hipotecario S A,43580eaa-bf8a-4100-bf1a-371c26c1da23,Estados Contables,eeff,https://aif2.cnv.gov.ar/presentations/publicview/43580eaa-bf8a-4100-bf1a-371c26c1da23
30500011072,Banco Hipotecario S A,d44e3032-cb23-4323-8df9-1d63b9624eab,Estados Contables,eeff,https://aif2.cnv.gov.ar/presentations/publicview/d44e3032-cb23-4323-8df9-1d63b9624eab
30500011072,Banco Hipotecario S A,a0dc4935-7f0d-414e-b3bf-c5a1b7936f96,Estados Contables,eeff,https://aif2.cnv.gov.ar/presentations/publicview/a0dc4935-7f0d-414e-b3bf-c5a1b7936f96
30500011072,Banco Hipotecario S A,2ce869ee-ac78-4b8a-b039-d77a3da32265,Estados Contables,eeff,https://aif2.cnv.gov.ar/presentations/publicview/2ce869ee-ac78-4b8a-b039-d77a3da32265
30500011072,Banco Hipotecario S A,d97bc708-7e1d-48f5-95ca-65c8e26c15f9,Estados Contables,eeff,https://aif2.cnv.gov.ar/presentations/publicview/d97bc708-7e1d-48f5-95ca-65c8e26c15f9
30500011072,Banco Hipotecario S A,2c1dc38b-26f9-4980-bae0-c4bb370ed879,Estados Contables,eeff,https://aif2.cnv.gov.ar/presentations/publicview/2c1dc38b-26f9-4980-bae0-c4bb370ed879
30500179151,Boldt,56dbd3b2-1c2f-49bf-add7-4219092edcc8,Estados Contables,eeff,https://aif2.cnv.gov.ar/presentations/publicview/56dbd3b2-1c2f-49bf-add7-4219092edcc8
30500179151,Boldt,66e53f98-b1f5-4ecd-9492-46ff55798eb4,Estados Contables,eeff,https://aif2.cnv.gov.ar/presentations/publicview/66e53f98-b1f5-4ecd-9492-46ff55798eb4
30500179151,Boldt,db066b79-a9e9-41a7-bbd9-893317ab968e,Estados Contables,eeff,https://aif2.cnv.gov.ar/presentations/publicview/db066b79-a9e9-41a7-bbd9-893317ab968e
30500179151,Boldt,1eff31af-b257-44d0-a017-347ca1a513ba,Estados Contables,eeff,https://aif2.cnv.gov.ar/presentations/publicview/1eff31af-b257-44d0-a017-347ca1a513ba
30500179151,Boldt,598cf1ba-165c-49ca-abd5-8e0e940b6ae3,Estados Contables,eeff,https://aif2.cnv.gov.ar/presentations/publicview/598cf1ba-165c-49ca-abd5-8e0e940b6ae3
30500179151,Boldt,421f55c7-c04d-4c2a-8e44-5fef076a8c1b,Estados Contables,eeff,https://aif2.cnv.gov.ar/presentations/publicview/421f55c7-c04d-4c2a-8e44-5fef076a8c1b
30500179151,Boldt,3109eee3-6d56-4ddd-aa4c-2a76ca187ea9,Estados Contables,eeff,https://aif2.cnv.gov.ar/presentations/publicview/3109eee3-6d56-4ddd-aa4c-2a76ca187ea9
30500179151,Boldt,90c56c43-0bf0-4c16-b710-0d1c175dd9a3,Estados Contables,eeff,https://aif2.cnv.gov.ar/presentations/publicview/90c56c43-0bf0-4c16-b710-0d1c175dd9a3
30500179151,Boldt,4238aca4-651e-4e00-ad57-e4965b2e666f,Estados Contables,eeff,https://aif2.cnv.gov.ar/presentations/publicview/4238aca4-651e-4e00-ad57-e4965b2e666f
30500179151,Boldt,bc516ca6-39a7-4289-b83c-6192752314aa,Estados Contables,eeff,https://aif2.cnv.gov.ar/presentations/publicview/bc516ca6-39a7-4289-b83c-6192752314aa
30500179151,Boldt,0f491cb4-b9b2-4e2d-8f08-ae66b6b7f3dc,Estados Contables,eeff,https://aif2.cnv.gov.ar/presentations/publicview/0f491cb4-b9b2-4e2d-8f08-ae66b6b7f3dc
30500179151,Boldt,99d3e4a7-41b9-4c75-a30f-7f35b2971a68,Estados Contables,eeff,https://aif2.cnv.gov.ar/presentations/publicview/99d3e4a7-41b9-4c75-a30f-7f35b2971a68
30500179151,Boldt,65309d77-dd79-4d3d-8d8a-c6eef3d89b7e,Estados Contables,eeff,https://aif2.cnv.gov.ar/presentations/publicview/65309d77-dd79-4d3d-8d8a-c6eef3d89b7e
30500179151,Boldt,c0c1d516-d28e-48da-9c23-00818aae9987,Estados Contables,eeff,https://aif2.cnv.gov.ar/presentations/publicview/c0c1d516-d28e-48da-9c23-00818aae9987
30500179151,Boldt,18ddeaaf-d758-4849-8d89-40a9622c862b,Estados Contables,eeff,https://aif2.cnv.gov.ar/presentations/publicview/18ddeaaf-d758-4849-8d89-40a9622c862b
30500179151,Boldt,0f6ecb4e-6c8a-43a5-91d8-e0c21c8e4021,Estados Contables,eeff,https://aif2.cnv.gov.ar/presentations/publicview/0f6ecb4e-6c8a-43a5-91d8-e0c21c8e4021
30500179151,Boldt,0284d4b3-4992-49f9-bb1f-a483056f3cdc,Estados Contables,eeff,https://aif2.cnv.gov.ar/presentations/publicview/0284d4b3-4992-49f9-bb1f-a483056f3cdc
30500179151,Boldt,f4585ac0-c294-4e49-ada6-b6ccdaf664f3,Estados Contables,eeff,https://aif2.cnv.gov.ar/presentations/publicview/f4585ac0-c294-4e49-ada6-b6ccdaf664f3
30500179151,Boldt,0926af89-a69f-46e3-9608-50fc758e6a52,Estados Contables,eeff,https://aif2.cnv.gov.ar/presentations/publicview/0926af89-a69f-46e3-9608-50fc758e6a52
30500179151,Boldt,753773f2-9c72-4322-8830-56c11412ba34,Estados Contables,eeff,https://aif2.cnv.gov.ar/presentations/publicview/753773f2-9c72-4322-8830-56c11412ba34
30500179151,Boldt,0d72428a-5132-4282-873b-f974bd922f40,Estados Contables,eeff,https://aif2.cnv.gov.ar/presentations/publicview/0d72428a-5132-4282-873b-f974bd922f40
30500179151,Boldt,cc65ef31-9ca7-4b15-91c6-2984af6fa4d9,Estados Contables,eeff,https://aif2.cnv.gov.ar/presentations/publicview/cc65ef31-9ca7-4b15-91c6-2984af6fa4d9
30500179151,Boldt,94150899-dbae-452e-89d8-e5c4b52084e2,Estados Contables,eeff,https://aif2.cnv.gov.ar/presentations/publicview/94150899-dbae-452e-89d8-e5c4b52084e2
30500179151,Boldt,e3be3cf1-828c-4758-bb72-c8d9650cec0a,Estados Contables,eeff,https://aif2.cnv.gov.ar/presentations/publicview/e3be3cf1-828c-4758-bb72-c8d9650cec0a
30500179151,Boldt,270a7999-0af8-4f18-9a86-b4de66bf405e,Estados Contables,eeff,https://aif2.cnv.gov.ar/presentations/publicview/270a7999-0af8-4f18-9a86-b4de66bf405e
30500179151,Boldt,7db2168e-0de8-4dba-a563-1eb8656473a9,Estados Contables,eeff,https://aif2.cnv.gov.ar/presentations/publicview/7db2168e-0de8-4dba-a563-1eb8656473a9
30500179151,Boldt,2f0dd882-7c52-4da6-a433-fb8fed8004c2,Estados Contables,eeff,https://aif2.cnv.gov.ar/presentations/publicview/2f0dd882-7c52-4da6-a433-fb8fed8004c2
30500179151,Boldt,ef80d1ba-af42-4167-b215-d32636e6ec28,Estados Contables,eeff,https://aif2.cnv.gov.ar/presentations/publicview/ef80d1ba-af42-4167-b215-d32636e6ec28
30500179151,Boldt,f1796458-090a-467b-a9df-22fe357f847b,Estados Contables,eeff,https://aif2.cnv.gov.ar/presentations/publicview/f1796458-090a-467b-a9df-22fe357f847b
30500179151,Boldt,d7df6766-ba16-46bb-97e9-db523ae0d836,Estados Contables,eeff,https://aif2.cnv.gov.ar/presentations/publicview/d7df6766-ba16-46bb-97e9-db523ae0d836
30500179151,Boldt,eab00607-814b-4fcd-99c8-4f5a52e82a32,Estados Contables,eeff,https://aif2.cnv.gov.ar/presentations/publicview/eab00607-814b-4fcd-99c8-4f5a52e82a32
30500179151,Boldt,092384e5-9218-40f1-af26-4eb3b94ffc4a,Estados Contables,eeff,https://aif2.cnv.gov.ar/presentations/publicview/092384e5-9218-40f1-af26-4eb3b94ffc4a
30500179151,Boldt,7b6f4b4c-6321-4caf-a212-5c7a6211b609,Estados Contables,eeff,https://aif2.cnv.gov.ar/presentations/publicview/7b6f4b4c-6321-4caf-a212-5c7a6211b609
30500179151,Boldt,bf2cfa08-00ab-4879-ae5c-2e13b535f122,Estados Contables,eeff,https://aif2.cnv.gov.ar/presentations/publicview/bf2cfa08-00ab-4879-ae5c-2e13b535f122
30500179151,Boldt,e70a0409-153d-4a05-8d64-e9b69a88af44,Estados Contables,eeff,https://aif2.cnv.gov.ar/presentations/publicview/e70a0409-153d-4a05-8d64-e9b69a88af44
30500526935,Rigolleau S A,ae392854-903e-4c6f-9445-5e2de4f51b56,Estados Contables,eeff,https://aif2.cnv.gov.ar/presentations/publicview/ae392854-903e-4c6f-9445-5e2de4f51b56
30500526935,Rigolleau S A,2fa4522c-7ca5-4893-b485-ee0cd0414e54,Estados Contables,eeff,https://aif2.cnv.gov.ar/presentations/publicview/2fa4522c-7ca5-4893-b485-ee0cd0414e54
30500526935,Rigolleau S A,1f467815-5793-4381-b6e4-d71ee2a09b38,Estados Contables,eeff,https://aif2.cnv.gov.ar/presentations/publicview/1f467815-5793-4381-b6e4-d71ee2a09b38
30500526935,Rigolleau S A,d8d20ab0-d2e5-40cd-9f4c-28ae1ec573de,Estados Contables,eeff,https://aif2.cnv.gov.ar/presentations/publicview/d8d20ab0-d2e5-40cd-9f4c-28ae1ec573de
30500526935,Rigolleau S A,155f9396-e734-48fb-bedd-d2aa6309d9a2,Estados Contables,eeff,https://aif2.cnv.gov.ar/presentations/publicview/155f9396-e734-48fb-bedd-d2aa6309d9a2
30500526935,Rigolleau S A,249e6684-ff68-46c4-8f24-01f719cbddf5,Estados Contables,eeff,https://aif2.cnv.gov.ar/presentations/publicview/249e6684-ff68-46c4-8f24-01f719cbddf5
30500526935,Rigolleau S A,d177799b-718f-4f0a-89e2-138c3fa74c90,Estados Contables,eeff,https://aif2.cnv.gov.ar/presentations/publicview/d177799b-718f-4f0a-89e2-138c3fa74c90
30500526935,Rigolleau S A,c6403c48-284d-43e8-957d-86811b8d294a,Estados Contables,eeff,https://aif2.cnv.gov.ar/presentations/publicview/c6403c48-284d-43e8-957d-86811b8d294a
30500526935,Rigolleau S A,13269f30-fb8b-4632-a4ba-238a0674f6f1,Estados Contables,eeff,https://aif2.cnv.gov.ar/presentations/publicview/13269f30-fb8b-4632-a4ba-238a0674f6f1
30500526935,Rigolleau S A,e01127b4-0cbf-447e-8928-510e510f4162,Estados Contables,eeff,https://aif2.cnv.gov.ar/presentations/publicview/e01127b4-0cbf-447e-8928-510e510f4162
30500526935,Rigolleau S A,c35e3230-78e8-4dd6-9565-1496abda80a9,Estados Contables,eeff,https://aif2.cnv.gov.ar/presentations/publicview/c35e3230-78e8-4dd6-9565-1496abda80a9
30500526935,Rigolleau S A,357a5f12-4dc4-4f97-a0fe-4d3682d1bd5c,Estados Contables,eeff,https://aif2.cnv.gov.ar/presentations/publicview/357a5f12-4dc4-4f97-a0fe-4d3682d1bd5c
30500526935,Rigolleau S A,c4d1c97f-5a99-448f-af02-9bdd59e1f45c,Estados Contables,eeff,https://aif2.cnv.gov.ar/presentations/publicview/c4d1c97f-5a99-448f-af02-9bdd59e1f45c
30500526935,Rigolleau S A,c47ddd8f-2a10-427e-983e-490455538945,Estados Contables,eeff,https://aif2.cnv.gov.ar/presentations/publicview/c47ddd8f-2a10-427e-983e-490455538945
30500526935,Rigolleau S A,f9abf89b-ec6f-4260-a831-2250c882a7fa,Estados Contables,eeff,https://aif2.cnv.gov.ar/presentations/publicview/f9abf89b-ec6f-4260-a831-2250c882a7fa
30500526935,Rigolleau S A,e8b4fd9b-a541-4708-8f61-7c1576c5e7f5,Estados Contables,eeff,https://aif2.cnv.gov.ar/presentations/publicview/e8b4fd9b-a541-4708-8f61-7c1576c5e7f5
30500526935,Rigolleau S A,7d3be2d9-db60-4516-95c4-bf90972ade0a,Estados Contables,eeff,https://aif2.cnv.gov.ar/presentations/publicview/7d3be2d9-db60-4516-95c4-bf90972ade0a
30500526935,Rigolleau S A,90012792-98f0-4567-821b-ea3944eea61c,Estados Contables,eeff,https://aif2.cnv.gov.ar/presentations/publicview/90012792-98f0-4567-821b-ea3944eea61c
30500526935,Rigolleau S A,13ab4462-a07d-48cd-9a61-e779ba51a515,Estados Contables,eeff,https://aif2.cnv.gov.ar/presentations/publicview/13ab4462-a07d-48cd-9a61-e779ba51a515
30500526935,Rigolleau S A,7f4c1b50-34e4-45b6-a7b6-8d683078432a,Estados Contables,eeff,https://aif2.cnv.gov.ar/presentations/publicview/7f4c1b50-34e4-45b6-a7b6-8d683078432a
30500526935,Rigolleau S A,87ae72b7-40f0-43e0-be0f-1db311d68c94,Estados Contables,eeff,https://aif2.cnv.gov.ar/presentations/publicview/87ae72b7-40f0-43e0-be0f-1db311d68c94
30500526935,Rigolleau S A,4309dea1-f62a-4663-a4b7-0846ca8a9f0c,Estados Contables,eeff,https://aif2.cnv.gov.ar/presentations/publicview/4309dea1-f62a-4663-a4b7-0846ca8a9f0c
30500526935,Rigolleau S A,1d449bd1-c800-444a-8c24-3c1f66823cd2,Estados Contables,eeff,https://aif2.cnv.gov.ar/presentations/publicview/1d449bd1-c800-444a-8c24-3c1f66823cd2
30500526935,Rigolleau S A,b03389a6-051f-4fe7-8ca5-22f0cbfb80dc,Estados Contables,eeff,https://aif2.cnv.gov.ar/presentations/publicview/b03389a6-051f-4fe7-8ca5-22f0cbfb80dc
30500526935,Rigolleau S A,fda7d6fe-f281-4940-b5e0-a6f0fef5c9d1,Estados Contables,eeff,https://aif2.cnv.gov.ar/presentations/publicview/fda7d6fe-f281-4940-b5e0-a6f0fef5c9d1
30500526935,Rigolleau S A,670975d9-ccb4-440c-9af2-5d03d97a3926,Estados Contables,eeff,https://aif2.cnv.gov.ar/presentations/publicview/670975d9-ccb4-440c-9af2-5d03d97a3926
30500526935,Rigolleau S A,0d87a295-e6e3-4282-8836-22a6a67b48c5,Estados Contables,eeff,https://aif2.cnv.gov.ar/presentations/publicview/0d87a295-e6e3-4282-8836-22a6a67b48c5
30500526935,Rigolleau S A,068344c3-b4a0-4100-b4ed-443b3fff0893,Estados Contables,eeff,https://aif2.cnv.gov.ar/presentations/publicview/068344c3-b4a0-4100-b4ed-443b3fff0893
30500526935,Rigolleau S A,3f11ddca-820b-40d8-b73e-1c19606eec8d,Estados Contables,eeff,https://aif2.cnv.gov.ar/presentations/publicview/3f11ddca-820b-40d8-b73e-1c19606eec8d
30500530851,Loma Negra CIASA,d4e27713-b930-4fa4-9cf0-ca85db4311b1,Estados Contables,eeff,https://aif2.cnv.gov.ar/presentations/publicview/d4e27713-b930-4fa4-9cf0-ca85db4311b1
30500530851,Loma Negra CIASA,ab9eb73f-78b7-4615-afe8-579f992b8d20,Estados Contables,eeff,https://aif2.cnv.gov.ar/presentations/publicview/ab9eb73f-78b7-4615-afe8-579f992b8d20
30500530851,Loma Negra CIASA,87551814-7f13-453d-a7ac-7649bb8e4ae5,Estados Contables,eeff,https://aif2.cnv.gov.ar/presentations/publicview/87551814-7f13-453d-a7ac-7649bb8e4ae5
30500530851,Loma Negra CIASA,b352cbba-314d-474e-bd43-5c5f7c5a4e2a,Estados Contables,eeff,https://aif2.cnv.gov.ar/presentations/publicview/b352cbba-314d-474e-bd43-5c5f7c5a4e2a
30500530851,Loma Negra CIASA,00813c59-cc7a-4dc4-bc1d-484a188b6145,Estados Contables,eeff,https://aif2.cnv.gov.ar/presentations/publicview/00813c59-cc7a-4dc4-bc1d-484a188b6145
30500530851,Loma Negra CIASA,e109dac4-cd02-44a1-99dc-69d71efa07b2,Estados Contables,eeff,https://aif2.cnv.gov.ar/presentations/publicview/e109dac4-cd02-44a1-99dc-69d71efa07b2
30500530851,Loma Negra CIASA,c3b1262b-47c1-4f27-b9de-a0d154e2ad3b,Estados Contables,eeff,https://aif2.cnv.gov.ar/presentations/publicview/c3b1262b-47c1-4f27-b9de-a0d154e2ad3b
30500530851,Loma Negra CIASA,52c931e1-3c10-49ba-a853-f37803c3baf9,Estados Contables,eeff,https://aif2.cnv.gov.ar/presentations/publicview/52c931e1-3c10-49ba-a853-f37803c3baf9
30500530851,Loma Negra CIASA,ca96660a-5f8a-4c6f-892d-99664f1c9be8,Estados Contables,eeff,https://aif2.cnv.gov.ar/presentations/publicview/ca96660a-5f8a-4c6f-892d-99664f1c9be8
30500530851,Loma Negra CIASA,76db5ec9-a150-42e5-8558-99233ed0cd0a,Estados Contables,eeff,https://aif2.cnv.gov.ar/presentations/publicview/76db5ec9-a150-42e5-8558-99233ed0cd0a
30500530851,Loma Negra CIASA,4ca9ce84-1f33-4f29-bd35-ba37238ffa93,Estados Contables,eeff,https://aif2.cnv.gov.ar/presentations/publicview/4ca9ce84-1f33-4f29-bd35-ba37238ffa93
30500530851,Loma Negra CIASA,28381095-9ec1-402c-b308-0512243beaf2,Estados Contables,eeff,https://aif2.cnv.gov.ar/presentations/publicview/28381095-9ec1-402c-b308-0512243beaf2
30500530851,Loma Negra CIASA,afbaf4a7-2d66-4ad1-a2ca-addd77ee6cda,Estados Contables,eeff,https://aif2.cnv.gov.ar/presentations/publicview/afbaf4a7-2d66-4ad1-a2ca-addd77ee6cda
30500530851,Loma Negra CIASA,b4ad4185-40f3-4f2d-b084-4d0d47b2a98f,Estados Contables,eeff,https://aif2.cnv.gov.ar/presentations/publicview/b4ad4185-40f3-4f2d-b084-4d0d47b2a98f
30500530851,Loma Negra CIASA,49dd0eb2-44cf-45ed-913d-04f5f6e13606,Estados Contables,eeff,https://aif2.cnv.gov.ar/presentations/publicview/49dd0eb2-44cf-45ed-913d-04f5f6e13606
30500530851,Loma Negra CIASA,76bc825b-d17b-4e97-9e92-dec84b50b884,Estados Contables,eeff,https://aif2.cnv.gov.ar/presentations/publicview/76bc825b-d17b-4e97-9e92-dec84b50b884
30500530851,Loma Negra CIASA,d79f5e52-d7c2-4093-8583-7419b8a0e8d2,Estados Contables,eeff,https://aif2.cnv.gov.ar/presentations/publicview/d79f5e52-d7c2-4093-8583-7419b8a0e8d2
30500530851,Loma Negra CIASA,fe2d09a3-cd9f-4e1c-9f32-d127e4e7bc32,Estados Contables,eeff,https://aif2.cnv.gov.ar/presentations/publicview/fe2d09a3-cd9f-4e1c-9f32-d127e4e7bc32
30500530851,Loma Negra CIASA,7bb2f8cc-e974-41ea-b25b-2d96989c993a,Estados Contables,eeff,https://aif2.cnv.gov.ar/presentations/publicview/7bb2f8cc-e974-41ea-b25b-2d96989c993a
30500530851,Loma Negra CIASA,93730516-93c0-4ad9-b2be-ead7bb3796da,Estados Contables,eeff,https://aif2.cnv.gov.ar/presentations/publicview/93730516-93c0-4ad9-b2be-ead7bb3796da
30500530851,Loma Negra CIASA,9a4f037c-7a70-4963-93c0-44fa65cb97f0,Estados Contables,eeff,https://aif2.cnv.gov.ar/presentations/publicview/9a4f037c-7a70-4963-93c0-44fa65cb97f0
30500530851,Loma Negra CIASA,bcc830b2-a50a-4d8e-9400-a0b46f617f10,Estados Contables,eeff,https://aif2.cnv.gov.ar/presentations/publicview/bcc830b2-a50a-4d8e-9400-a0b46f617f10
30500530851,Loma Negra CIASA,7a0dccc9-3779-4b7b-902e-2c4365e422dc,Estados Contables,eeff,https://aif2.cnv.gov.ar/presentations/publicview/7a0dccc9-3779-4b7b-902e-2c4365e422dc
30500530851,Loma Negra CIASA,f6c28943-f942-4a35-8750-336cc59565d2,Estados Contables,eeff,https://aif2.cnv.gov.ar/presentations/publicview/f6c28943-f942-4a35-8750-336cc59565d2
30500530851,Loma Negra CIASA,e0b1a46b-ea26-48e3-a53e-d7bf0925d644,Estados Contables,eeff,https://aif2.cnv.gov.ar/presentations/publicview/e0b1a46b-ea26-48e3-a53e-d7bf0925d644
30500530851,Loma Negra CIASA,d6495537-8b8c-45ee-8ce9-84791a49cd1b,Estados Contables,eeff,https://aif2.cnv.gov.ar/presentations/publicview/d6495537-8b8c-45ee-8ce9-84791a49cd1b
30500530851,Loma Negra CIASA,5ea208da-3964-4f01-a1b3-ffb66849bfbc,Estados Contables,eeff,https://aif2.cnv.gov.ar/presentations/publicview/5ea208da-3964-4f01-a1b3-ffb66849bfbc
30500530851,Loma Negra CIASA,317b252a-0081-4089-b068-2fd7db627b94,Estados Contables,eeff,https://aif2.cnv.gov.ar/presentations/publicview/317b252a-0081-4089-b068-2fd7db627b94
30500530851,Loma Negra CIASA,998884df-1705-412c-a8a3-cbb2171233c4,Estados Contables,eeff,https://aif2.cnv.gov.ar/presentations/publicview/998884df-1705-412c-a8a3-cbb2171233c4
30500530851,Loma Negra CIASA,1d949607-68d8-433b-8f59-8ee1f0a2e814,Estados Contables,eeff,https://aif2.cnv.gov.ar/presentations/publicview/1d949607-68d8-433b-8f59-8ee1f0a2e814
30500530851,Loma Negra CIASA,2d78c2d6-37b2-4c36-abaa-0eb5e9e71a66,Estados Contables,eeff,https://aif2.cnv.gov.ar/presentations/publicview/2d78c2d6-37b2-4c36-abaa-0eb5e9e71a66
30500781293,Grimoldi S A,c266dcdf-5f54-4955-8681-2b378444affe,Estados Contables,eeff,https://aif2.cnv.gov.ar/presentations/publicview/c266dcdf-5f54-4955-8681-2b378444affe
30500781293,Grimoldi S A,9e660a30-d79a-4e5c-b359-c455b3233723,Estados Contables,eeff,https://aif2.cnv.gov.ar/presentations/publicview/9e660a30-d79a-4e5c-b359-c455b3233723
30500781293,Grimoldi S A,1fdf901c-b33f-491b-8289-0b34981b0bde,Estados Contables,eeff,https://aif2.cnv.gov.ar/presentations/publicview/1fdf901c-b33f-491b-8289-0b34981b0bde
30500781293,Grimoldi S A,765d794a-dc37-44f4-b2e0-0ddd254d4fc7,Estados Contables,eeff,https://aif2.cnv.gov.ar/presentations/publicview/765d794a-dc37-44f4-b2e0-0ddd254d4fc7
30500781293,Grimoldi S A,295ac0ca-e0bd-4ad2-8333-30eaf6377a50,Estados Contables,eeff,https://aif2.cnv.gov.ar/presentations/publicview/295ac0ca-e0bd-4ad2-8333-30eaf6377a50
30500781293,Grimoldi S A,9ef2ccd7-978d-45e0-a73f-c1081c330168,Estados Contables,eeff,https://aif2.cnv.gov.ar/presentations/publicview/9ef2ccd7-978d-45e0-a73f-c1081c330168
30500781293,Grimoldi S A,f2184357-8c53-41f9-9c5d-202d66194a1f,Estados Contables,eeff,https://aif2.cnv.gov.ar/presentations/publicview/f2184357-8c53-41f9-9c5d-202d66194a1f
30500781293,Grimoldi S A,66ccdfcb-2dfa-4a9a-91b2-512b3c5527de,Estados Contables,eeff,https://aif2.cnv.gov.ar/presentations/publicview/66ccdfcb-2dfa-4a9a-91b2-512b3c5527de
30500781293,Grimoldi S A,dcb8a0fc-f674-4575-a0f5-4c831eea88da,Estados Contables,eeff,https://aif2.cnv.gov.ar/presentations/publicview/dcb8a0fc-f674-4575-a0f5-4c831eea88da
30500781293,Grimoldi S A,225e4d21-89df-4fe3-b0f0-24adc901f9ca,Estados Contables,eeff,https://aif2.cnv.gov.ar/presentations/publicview/225e4d21-89df-4fe3-b0f0-24adc901f9ca
30500781293,Grimoldi S A,5bd840d8-6577-4548-abbe-391a63c677bd,Estados Contables,eeff,https://aif2.cnv.gov.ar/presentations/publicview/5bd840d8-6577-4548-abbe-391a63c677bd
30500781293,Grimoldi S A,917f100c-b66d-48ba-8d18-c770bdf94678,Estados Contables,eeff,https://aif2.cnv.gov.ar/presentations/publicview/917f100c-b66d-48ba-8d18-c770bdf94678
30500781293,Grimoldi S A,bc3dc070-d904-46ed-934a-f16d15ae64ed,Estados Contables,eeff,https://aif2.cnv.gov.ar/presentations/publicview/bc3dc070-d904-46ed-934a-f16d15ae64ed
30500781293,Grimoldi S A,502c6aff-70cc-4b75-8afc-ca52887e3f09,Estados Contables,eeff,https://aif2.cnv.gov.ar/presentations/publicview/502c6aff-70cc-4b75-8afc-ca52887e3f09
30500781293,Grimoldi S A,2a78c929-4b64-4ff4-b0af-67bffb393c9a,Estados Contables,eeff,https://aif2.cnv.gov.ar/presentations/publicview/2a78c929-4b64-4ff4-b0af-67bffb393c9a
30500781293,Grimoldi S A,a585cd68-b105-4a82-9275-d1c7f0000dc6,Estados Contables,eeff,https://aif2.cnv.gov.ar/presentations/publicview/a585cd68-b105-4a82-9275-d1c7f0000dc6
30500781293,Grimoldi S A,eeb4d47e-8bf6-4e98-af9d-3620a30e98e1,Estados Contables,eeff,https://aif2.cnv.gov.ar/presentations/publicview/eeb4d47e-8bf6-4e98-af9d-3620a30e98e1
30500781293,Grimoldi S A,50a6cd9f-e3ea-4392-98fd-9a148fdfe5f3,Estados Contables,eeff,https://aif2.cnv.gov.ar/presentations/publicview/50a6cd9f-e3ea-4392-98fd-9a148fdfe5f3
30500781293,Grimoldi S A,b820237e-68db-4515-ab5f-95eb075d4038,Estados Contables,eeff,https://aif2.cnv.gov.ar/presentations/publicview/b820237e-68db-4515-ab5f-95eb075d4038
30500781293,Grimoldi S A,540fe7e3-3b8d-4af9-b6b8-4896a986a9df,Estados Contables,eeff,https://aif2.cnv.gov.ar/presentations/publicview/540fe7e3-3b8d-4af9-b6b8-4896a986a9df
30500781293,Grimoldi S A,f69cb68a-1acd-4e4f-b34f-934e2295b099,Estados Contables,eeff,https://aif2.cnv.gov.ar/presentations/publicview/f69cb68a-1acd-4e4f-b34f-934e2295b099
30500781293,Grimoldi S A,18349243-ac65-4eb7-acd2-2aecd32ed23d,Estados Contables,eeff,https://aif2.cnv.gov.ar/presentations/publicview/18349243-ac65-4eb7-acd2-2aecd32ed23d
30500781293,Grimoldi S A,6afb0899-b3c7-45d7-8259-ec8bde02afa9,Estados Contables,eeff,https://aif2.cnv.gov.ar/presentations/publicview/6afb0899-b3c7-45d7-8259-ec8bde02afa9
30500781293,Grimoldi S A,3c7b9b65-8c23-4d35-9c7e-ae5fb3f6356b,Estados Contables,eeff,https://aif2.cnv.gov.ar/presentations/publicview/3c7b9b65-8c23-4d35-9c7e-ae5fb3f6356b
30500781293,Grimoldi S A,7284089e-cf5b-4270-b771-d584789fbe31,Estados Contables,eeff,https://aif2.cnv.gov.ar/presentations/publicview/7284089e-cf5b-4270-b771-d584789fbe31
30500781293,Grimoldi S A,e5e53823-6c8a-43ac-a7ef-065d30a3bdfb,Estados Contables,eeff,https://aif2.cnv.gov.ar/presentations/publicview/e5e53823-6c8a-43ac-a7ef-065d30a3bdfb
30500781293,Grimoldi S A,5b59cdfb-1aea-40ee-be49-fdd49fe35fd3,Estados Contables,eeff,https://aif2.cnv.gov.ar/presentations/publicview/5b59cdfb-1aea-40ee-be49-fdd49fe35fd3
30500781293,Grimoldi S A,9c91e36f-cfa0-45df-8279-5a4e328a8c49,Estados Contables,eeff,https://aif2.cnv.gov.ar/presentations/publicview/9c91e36f-cfa0-45df-8279-5a4e328a8c49
30500781293,Grimoldi S A,d1c55863-0ae5-46a5-b7d1-33e8f25ed4d0,Estados Contables,eeff,https://aif2.cnv.gov.ar/presentations/publicview/d1c55863-0ae5-46a5-b7d1-33e8f25ed4d0
30500781293,Grimoldi S A,15d6279c-dd57-47cd-94a6-e228ac149558,Estados Contables,eeff,https://aif2.cnv.gov.ar/presentations/publicview/15d6279c-dd57-47cd-94a6-e228ac149558
30500781293,Grimoldi S A,97da3bb9-ce6b-4784-bb07-3e9e8903ecfe,Estados Contables,eeff,https://aif2.cnv.gov.ar/presentations/publicview/97da3bb9-ce6b-4784-bb07-3e9e8903ecfe
30500781293,Grimoldi S A,e12a8fe0-cef5-432b-9efd-3b44aeb37968,Estados Contables,eeff,https://aif2.cnv.gov.ar/presentations/publicview/e12a8fe0-cef5-432b-9efd-3b44aeb37968
30500781293,Grimoldi S A,426c551f-ba2f-4c7c-9be8-1ba02175da19,Estados Contables,eeff,https://aif2.cnv.gov.ar/presentations/publicview/426c551f-ba2f-4c7c-9be8-1ba02175da19
30500781293,Grimoldi S A,70eae902-7586-4dfe-98ff-4ca87ec64611,Estados Contables,eeff,https://aif2.cnv.gov.ar/presentations/publicview/70eae902-7586-4dfe-98ff-4ca87ec64611
30500833781,Longvie,a9ab85c1-fdf9-4a38-af2d-7547efd27913,Estados Contables,eeff,https://aif2.cnv.gov.ar/presentations/publicview/a9ab85c1-fdf9-4a38-af2d-7547efd27913
30500833781,Longvie,389ed80c-e69d-4e8d-8ba5-15ef460df9f3,Estados Contables,eeff,https://aif2.cnv.gov.ar/presentations/publicview/389ed80c-e69d-4e8d-8ba5-15ef460df9f3
30500833781,Longvie,848a1d16-5976-41b1-acdc-7e2b2c0495f4,Estados Contables,eeff,https://aif2.cnv.gov.ar/presentations/publicview/848a1d16-5976-41b1-acdc-7e2b2c0495f4
30500833781,Longvie,4ea29806-eb4d-4107-9a52-93f8b6d7db39,Estados Contables,eeff,https://aif2.cnv.gov.ar/presentations/publicview/4ea29806-eb4d-4107-9a52-93f8b6d7db39
30500833781,Longvie,03058bca-f69f-49f9-8da0-87142402eaa5,Estados Contables,eeff,https://aif2.cnv.gov.ar/presentations/publicview/03058bca-f69f-49f9-8da0-87142402eaa5
30500833781,Longvie,6dad1dda-94d9-4192-a28f-039dd46c75ff,Estados Contables,eeff,https://aif2.cnv.gov.ar/presentations/publicview/6dad1dda-94d9-4192-a28f-039dd46c75ff
30500833781,Longvie,5415b2b4-5111-4008-af16-e33e3231ed29,Estados Contables,eeff,https://aif2.cnv.gov.ar/presentations/publicview/5415b2b4-5111-4008-af16-e33e3231ed29
30500833781,Longvie,3da2c241-5ed2-4144-9a42-3cce6b711fdc,Estados Contables,eeff,https://aif2.cnv.gov.ar/presentations/publicview/3da2c241-5ed2-4144-9a42-3cce6b711fdc
30500833781,Longvie,f98cda89-5cf2-4466-a902-0ad1e131fd5e,Estados Contables,eeff,https://aif2.cnv.gov.ar/presentations/publicview/f98cda89-5cf2-4466-a902-0ad1e131fd5e
30500833781,Longvie,f99bea3d-492a-4cdb-a4c4-0794fa0c063c,Estados Contables,eeff,https://aif2.cnv.gov.ar/presentations/publicview/f99bea3d-492a-4cdb-a4c4-0794fa0c063c
30500833781,Longvie,76d62372-d694-4ffb-8f1e-2b2af6addd00,Estados Contables,eeff,https://aif2.cnv.gov.ar/presentations/publicview/76d62372-d694-4ffb-8f1e-2b2af6addd00
30500833781,Longvie,0f5bf1cb-6bc1-402b-a3c1-851601ae7884,Estados Contables,eeff,https://aif2.cnv.gov.ar/presentations/publicview/0f5bf1cb-6bc1-402b-a3c1-851601ae7884
30500833781,Longvie,2df779f7-c0e9-4019-bfff-3ac5964413e2,Estados Contables,eeff,https://aif2.cnv.gov.ar/presentations/publicview/2df779f7-c0e9-4019-bfff-3ac5964413e2
30500833781,Longvie,31f46157-d4d2-4d75-a2c6-13e9d686242f,Estados Contables,eeff,https://aif2.cnv.gov.ar/presentations/publicview/31f46157-d4d2-4d75-a2c6-13e9d686242f
30500833781,Longvie,49e5d92e-5fba-409d-b904-45449b67b5d6,Estados Contables,eeff,https://aif2.cnv.gov.ar/presentations/publicview/49e5d92e-5fba-409d-b904-45449b67b5d6
30500833781,Longvie,1d30da40-d651-421a-b67c-0be7f2887a04,Estados Contables,eeff,https://aif2.cnv.gov.ar/presentations/publicview/1d30da40-d651-421a-b67c-0be7f2887a04
30500833781,Longvie,34229d09-0040-47c4-be2e-782b53d058e0,Estados Contables,eeff,https://aif2.cnv.gov.ar/presentations/publicview/34229d09-0040-47c4-be2e-782b53d058e0
30500833781,Longvie,a27c8a5f-1574-43fa-973f-b1247f940b55,Estados Contables,eeff,https://aif2.cnv.gov.ar/presentations/publicview/a27c8a5f-1574-43fa-973f-b1247f940b55
30500833781,Longvie,590e9fa7-1e82-48e3-862e-2508184aabb6,Estados Contables,eeff,https://aif2.cnv.gov.ar/presentations/publicview/590e9fa7-1e82-48e3-862e-2508184aabb6
30500833781,Longvie,d6f0a259-ba04-4aac-90bb-cc3ce7c8b812,Estados Contables,eeff,https://aif2.cnv.gov.ar/presentations/publicview/d6f0a259-ba04-4aac-90bb-cc3ce7c8b812
30500833781,Longvie,1d9da837-4d93-4dd7-aadd-4fbfe764453d,Estados Contables,eeff,https://aif2.cnv.gov.ar/presentations/publicview/1d9da837-4d93-4dd7-aadd-4fbfe764453d
30500833781,Longvie,5c95b62f-aa66-4352-b1a3-fa6c346b3b84,Estados Contables,eeff,https://aif2.cnv.gov.ar/presentations/publicview/5c95b62f-aa66-4352-b1a3-fa6c346b3b84
30500833781,Longvie,f027a343-38fa-4d3c-9e66-522777ef7b54,Estados Contables,eeff,https://aif2.cnv.gov.ar/presentations/publicview/f027a343-38fa-4d3c-9e66-522777ef7b54
30500833781,Longvie,e3080cdc-fa5c-40e2-b31d-80ea382c5efe,Estados Contables,eeff,https://aif2.cnv.gov.ar/presentations/publicview/e3080cdc-fa5c-40e2-b31d-80ea382c5efe
30500833781,Longvie,fd231347-98c6-4951-bcf1-e7067a971315,Estados Contables,eeff,https://aif2.cnv.gov.ar/presentations/publicview/fd231347-98c6-4951-bcf1-e7067a971315
30500833781,Longvie,a2713de2-8acf-4877-9104-0c0bd857aee5,Estados Contables,eeff,https://aif2.cnv.gov.ar/presentations/publicview/a2713de2-8acf-4877-9104-0c0bd857aee5
30500833781,Longvie,15719c5e-d593-4ddc-b3bc-bbb594c39bba,Estados Contables,eeff,https://aif2.cnv.gov.ar/presentations/publicview/15719c5e-d593-4ddc-b3bc-bbb594c39bba
30500833781,Longvie,4ed40ef8-b3b8-4dd3-a23e-ff9c15107f26,Estados Contables,eeff,https://aif2.cnv.gov.ar/presentations/publicview/4ed40ef8-b3b8-4dd3-a23e-ff9c15107f26
30500833781,Longvie,a7b4cf63-8f45-4874-968f-fc8b44e9bcda,Estados Contables,eeff,https://aif2.cnv.gov.ar/presentations/publicview/a7b4cf63-8f45-4874-968f-fc8b44e9bcda
30500833781,Longvie,cc9f66fc-2e84-4455-83a2-32bec912af79,Estados Contables,eeff,https://aif2.cnv.gov.ar/presentations/publicview/cc9f66fc-2e84-4455-83a2-32bec912af79
30500833781,Longvie,ef6fac4a-3780-495a-9e00-7e0c77f90e8a,Estados Contables,eeff,https://aif2.cnv.gov.ar/presentations/publicview/ef6fac4a-3780-495a-9e00-7e0c77f90e8a
30500833781,Longvie,31d67c6b-3c3c-46b8-8b4d-6e42a04ab377,Estados Contables,eeff,https://aif2.cnv.gov.ar/presentations/publicview/31d67c6b-3c3c-46b8-8b4d-6e42a04ab377
30500833781,Longvie,7e7cf870-b043-495a-b94b-cfcea427ffdc,Estados Contables,eeff,https://aif2.cnv.gov.ar/presentations/publicview/7e7cf870-b043-495a-b94b-cfcea427ffdc
30500833781,Longvie,222a95c8-d125-467b-b6bf-e0e9cc8f79c9,Estados Contables,eeff,https://aif2.cnv.gov.ar/presentations/publicview/222a95c8-d125-467b-b6bf-e0e9cc8f79c9
30500833781,Longvie,6e5fb6fd-df8a-47f9-bced-b2d135dcf6ec,Estados Contables,eeff,https://aif2.cnv.gov.ar/presentations/publicview/6e5fb6fd-df8a-47f9-bced-b2d135dcf6ec
30500833781,Longvie,2823495c-3f37-4fb6-bf01-daaf4079fcd5,Estados Contables,eeff,https://aif2.cnv.gov.ar/presentations/publicview/2823495c-3f37-4fb6-bf01-daaf4079fcd5
30500833781,Longvie,a7c1d5df-2796-41a5-b1fd-9d764c0b1a73,Estados Contables,eeff,https://aif2.cnv.gov.ar/presentations/publicview/a7c1d5df-2796-41a5-b1fd-9d764c0b1a73
30500833781,Longvie,73670616-f578-43a3-ad5c-20e3bf4e181c,Estados Contables,eeff,https://aif2.cnv.gov.ar/presentations/publicview/73670616-f578-43a3-ad5c-20e3bf4e181c
30500833781,Longvie,960a35c3-ca35-456c-bdca-ac04b1695025,Estados Contables,eeff,https://aif2.cnv.gov.ar/presentations/publicview/960a35c3-ca35-456c-bdca-ac04b1695025
30500833781,Longvie,ad55aaac-cc26-4fbb-9d8d-00c2d3a5458e,Estados Contables,eeff,https://aif2.cnv.gov.ar/presentations/publicview/ad55aaac-cc26-4fbb-9d8d-00c2d3a5458e
30500833781,Longvie,ae6025b3-0514-434d-8f1a-4578179a36e3,Estados Contables,eeff,https://aif2.cnv.gov.ar/presentations/publicview/ae6025b3-0514-434d-8f1a-4578179a36e3
30500833781,Longvie,927149eb-dbcd-4756-a72a-fca9466c3560,Estados Contables,eeff,https://aif2.cnv.gov.ar/presentations/publicview/927149eb-dbcd-4756-a72a-fca9466c3560
30500833781,Longvie,e0caf38b-df89-414e-b21d-0e61ce7804f7,Estados Contables,eeff,https://aif2.cnv.gov.ar/presentations/publicview/e0caf38b-df89-414e-b21d-0e61ce7804f7
30500833781,Longvie,5ec882c1-8d31-4887-a1e9-6c6ed215e227,Estados Contables,eeff,https://aif2.cnv.gov.ar/presentations/publicview/5ec882c1-8d31-4887-a1e9-6c6ed215e227
30500833781,Longvie,6e42e64b-4ea9-4550-beb7-c87491fdeb70,Estados Contables,eeff,https://aif2.cnv.gov.ar/presentations/publicview/6e42e64b-4ea9-4550-beb7-c87491fdeb70
30500833781,Longvie,62b3b76f-21af-460e-9b13-71bfe60b4114,Estados Contables,eeff,https://aif2.cnv.gov.ar/presentations/publicview/62b3b76f-21af-460e-9b13-71bfe60b4114
30500858628,MOLINOS RÍO DE LA PLATA S A,635aa886-dd63-4cea-891a-9811c2ae9b78,Estados Contables,eeff,https://aif2.cnv.gov.ar/presentations/publicview/635aa886-dd63-4cea-891a-9811c2ae9b78
30500858628,MOLINOS RÍO DE LA PLATA S A,c4f9fcdc-c5de-4f93-8185-4e09418778ed,Estados Contables,eeff,https://aif2.cnv.gov.ar/presentations/publicview/c4f9fcdc-c5de-4f93-8185-4e09418778ed
30500858628,MOLINOS RÍO DE LA PLATA S A,2d0dd4e0-a622-451e-969e-29bab225523b,Estados Contables,eeff,https://aif2.cnv.gov.ar/presentations/publicview/2d0dd4e0-a622-451e-969e-29bab225523b
30500858628,MOLINOS RÍO DE LA PLATA S A,eeda825a-0e31-4d04-8c52-6a40273d11db,Estados Contables,eeff,https://aif2.cnv.gov.ar/presentations/publicview/eeda825a-0e31-4d04-8c52-6a40273d11db
30500858628,MOLINOS RÍO DE LA PLATA S A,3ffe2a36-3962-4308-afe2-812dccab4d50,Estados Contables,eeff,https://aif2.cnv.gov.ar/presentations/publicview/3ffe2a36-3962-4308-afe2-812dccab4d50
30500858628,MOLINOS RÍO DE LA PLATA S A,5c21b3a4-d621-42e8-9933-19e99dde04ac,Estados Contables,eeff,https://aif2.cnv.gov.ar/presentations/publicview/5c21b3a4-d621-42e8-9933-19e99dde04ac
30500858628,MOLINOS RÍO DE LA PLATA S A,6eb7bbc3-5a2e-41db-8e63-38dcdcda1fed,Estados Contables,eeff,https://aif2.cnv.gov.ar/presentations/publicview/6eb7bbc3-5a2e-41db-8e63-38dcdcda1fed
30500858628,MOLINOS RÍO DE LA PLATA S A,650cd27d-740b-4d3f-8b21-19a1a746e035,Estados Contables,eeff,https://aif2.cnv.gov.ar/presentations/publicview/650cd27d-740b-4d3f-8b21-19a1a746e035
30500858628,MOLINOS RÍO DE LA PLATA S A,ca69f9bf-734c-4fcd-ad50-4e777248895a,Estados Contables,eeff,https://aif2.cnv.gov.ar/presentations/publicview/ca69f9bf-734c-4fcd-ad50-4e777248895a
30500858628,MOLINOS RÍO DE LA PLATA S A,ec299288-3ea4-49c9-86ba-4ba19a451fa3,Estados Contables,eeff,https://aif2.cnv.gov.ar/presentations/publicview/ec299288-3ea4-49c9-86ba-4ba19a451fa3
30500858628,MOLINOS RÍO DE LA PLATA S A,7030231b-d36f-446b-ae1e-03c89ad9c101,Estados Contables,eeff,https://aif2.cnv.gov.ar/presentations/publicview/7030231b-d36f-446b-ae1e-03c89ad9c101
30500858628,MOLINOS RÍO DE LA PLATA S A,98536f6d-5db7-4802-bbe2-69108e02e544,Estados Contables,eeff,https://aif2.cnv.gov.ar/presentations/publicview/98536f6d-5db7-4802-bbe2-69108e02e544
30500858628,MOLINOS RÍO DE LA PLATA S A,ca8dca20-e7bf-40a5-acfb-96ae3cd6515f,Estados Contables,eeff,https://aif2.cnv.gov.ar/presentations/publicview/ca8dca20-e7bf-40a5-acfb-96ae3cd6515f
30500858628,MOLINOS RÍO DE LA PLATA S A,4f1aa784-db33-47e8-9718-d2a60f8c7491,Estados Contables,eeff,https://aif2.cnv.gov.ar/presentations/publicview/4f1aa784-db33-47e8-9718-d2a60f8c7491
30500858628,MOLINOS RÍO DE LA PLATA S A,a4ee43d0-8b5a-41c1-bba3-4aebf047f2a3,Estados Contables,eeff,https://aif2.cnv.gov.ar/presentations/publicview/a4ee43d0-8b5a-41c1-bba3-4aebf047f2a3
30500858628,MOLINOS RÍO DE LA PLATA S A,73f399fe-b725-420f-95d3-c5e7384a00da,Estados Contables,eeff,https://aif2.cnv.gov.ar/presentations/publicview/73f399fe-b725-420f-95d3-c5e7384a00da
30500858628,MOLINOS RÍO DE LA PLATA S A,2b6a9fc6-f3d2-4489-bca3-8ce629734765,Estados Contables,eeff,https://aif2.cnv.gov.ar/presentations/publicview/2b6a9fc6-f3d2-4489-bca3-8ce629734765
30500858628,MOLINOS RÍO DE LA PLATA S A,f5044574-01d8-4275-b51c-aa54e35b21fa,Estados Contables,eeff,https://aif2.cnv.gov.ar/presentations/publicview/f5044574-01d8-4275-b51c-aa54e35b21fa
30500858628,MOLINOS RÍO DE LA PLATA S A,4e7ceedf-982a-4fb3-b777-79de09cca020,Estados Contables,eeff,https://aif2.cnv.gov.ar/presentations/publicview/4e7ceedf-982a-4fb3-b777-79de09cca020
30500858628,MOLINOS RÍO DE LA PLATA S A,9e013fa4-8eb9-4c05-9f0b-761acea4d5c0,Estados Contables,eeff,https://aif2.cnv.gov.ar/presentations/publicview/9e013fa4-8eb9-4c05-9f0b-761acea4d5c0
30500858628,MOLINOS RÍO DE LA PLATA S A,acbeafba-8fb9-4950-b3e8-499740921cda,Estados Contables,eeff,https://aif2.cnv.gov.ar/presentations/publicview/acbeafba-8fb9-4950-b3e8-499740921cda
30500858628,MOLINOS RÍO DE LA PLATA S A,51ae5313-b79b-43f1-af47-f936e50568ae,Estados Contables,eeff,https://aif2.cnv.gov.ar/presentations/publicview/51ae5313-b79b-43f1-af47-f936e50568ae
30500858628,MOLINOS RÍO DE LA PLATA S A,61846dc4-d85b-4cbc-9388-a1eca5b3e084,Estados Contables,eeff,https://aif2.cnv.gov.ar/presentations/publicview/61846dc4-d85b-4cbc-9388-a1eca5b3e084
30500858628,MOLINOS RÍO DE LA PLATA S A,66938a71-0bf5-471b-ac32-f306d973ed3e,Estados Contables,eeff,https://aif2.cnv.gov.ar/presentations/publicview/66938a71-0bf5-471b-ac32-f306d973ed3e
30500858628,MOLINOS RÍO DE LA PLATA S A,e7f5e581-9d03-492d-b34e-7dba0abd67f9,Estados Contables,eeff,https://aif2.cnv.gov.ar/presentations/publicview/e7f5e581-9d03-492d-b34e-7dba0abd67f9
30500858628,MOLINOS RÍO DE LA PLATA S A,7b11fe3f-ff1a-46ad-8632-3b595101a6d9,Estados Contables,eeff,https://aif2.cnv.gov.ar/presentations/publicview/7b11fe3f-ff1a-46ad-8632-3b595101a6d9
30500858628,MOLINOS RÍO DE LA PLATA S A,fded9cfd-c52a-4d45-89f7-fd2da19d9c02,Estados Contables,eeff,https://aif2.cnv.gov.ar/presentations/publicview/fded9cfd-c52a-4d45-89f7-fd2da19d9c02
30500858628,MOLINOS RÍO DE LA PLATA S A,aa67e0b8-c9e3-46c3-a8b4-8ff140a45a8f,Estados Contables,eeff,https://aif2.cnv.gov.ar/presentations/publicview/aa67e0b8-c9e3-46c3-a8b4-8ff140a45a8f
30500858628,MOLINOS RÍO DE LA PLATA S A,7ec94765-b3db-45e0-9635-77abdad01c2f,Estados Contables,eeff,https://aif2.cnv.gov.ar/presentations/publicview/7ec94765-b3db-45e0-9635-77abdad01c2f
30500858628,MOLINOS RÍO DE LA PLATA S A,f48c8024-1b64-47ab-8b9f-a40ec99dbafb,Estados Contables,eeff,https://aif2.cnv.gov.ar/presentations/publicview/f48c8024-1b64-47ab-8b9f-a40ec99dbafb
30500858628,MOLINOS RÍO DE LA PLATA S A,f58678d5-10c4-4552-9653-4b5d35d74cbd,Estados Contables,eeff,https://aif2.cnv.gov.ar/presentations/publicview/f58678d5-10c4-4552-9653-4b5d35d74cbd
30500858628,MOLINOS RÍO DE LA PLATA S A,f40efe33-73de-44db-9ea9-80036a82f0aa,Estados Contables,eeff,https://aif2.cnv.gov.ar/presentations/publicview/f40efe33-73de-44db-9ea9-80036a82f0aa
30500858628,MOLINOS RÍO DE LA PLATA S A,6b27e88c-8232-4873-9bd5-163f746117f4,Estados Contables,eeff,https://aif2.cnv.gov.ar/presentations/publicview/6b27e88c-8232-4873-9bd5-163f746117f4
30500858628,MOLINOS RÍO DE LA PLATA S A,10fbc278-9eec-4fdc-a3ba-7bc98456c8f4,Estados Contables,eeff,https://aif2.cnv.gov.ar/presentations/publicview/10fbc278-9eec-4fdc-a3ba-7bc98456c8f4
30500858628,MOLINOS RÍO DE LA PLATA S A,87ef5499-621b-47e0-ac05-0205e8efdf67,Estados Contables,eeff,https://aif2.cnv.gov.ar/presentations/publicview/87ef5499-621b-47e0-ac05-0205e8efdf67
30500858628,MOLINOS RÍO DE LA PLATA S A,90fbe73d-f90e-4424-93bd-3d6dca867d08,Estados Contables,eeff,https://aif2.cnv.gov.ar/presentations/publicview/90fbe73d-f90e-4424-93bd-3d6dca867d08
30500858628,MOLINOS RÍO DE LA PLATA S A,5ddd5e65-3f32-42e7-b092-f45b1f4de981,Estados Contables,eeff,https://aif2.cnv.gov.ar/presentations/publicview/5ddd5e65-3f32-42e7-b092-f45b1f4de981
30500858628,MOLINOS RÍO DE LA PLATA S A,7cfc6989-f0ce-4848-b3a9-b13da48bb0f3,Estados Contables,eeff,https://aif2.cnv.gov.ar/presentations/publicview/7cfc6989-f0ce-4848-b3a9-b13da48bb0f3
30500858628,MOLINOS RÍO DE LA PLATA S A,f05f6151-0551-41b5-a653-0677bb114643,Estados Contables,eeff,https://aif2.cnv.gov.ar/presentations/publicview/f05f6151-0551-41b5-a653-0677bb114643
30500858628,MOLINOS RÍO DE LA PLATA S A,7a909aa7-2d7f-431c-8e2c-a06555f2a829,Estados Contables,eeff,https://aif2.cnv.gov.ar/presentations/publicview/7a909aa7-2d7f-431c-8e2c-a06555f2a829
30500858628,MOLINOS RÍO DE LA PLATA S A,71161aa5-109d-436c-aa73-9644170bfdd1,Estados Contables,eeff,https://aif2.cnv.gov.ar/presentations/publicview/71161aa5-109d-436c-aa73-9644170bfdd1
30500858628,MOLINOS RÍO DE LA PLATA S A,bef87ff0-6e30-4157-bed8-7ec95e709de5,Estados Contables,eeff,https://aif2.cnv.gov.ar/presentations/publicview/bef87ff0-6e30-4157-bed8-7ec95e709de5
30500858628,MOLINOS RÍO DE LA PLATA S A,fdaec698-903f-4977-8bdc-a8dc62696788,Estados Contables,eeff,https://aif2.cnv.gov.ar/presentations/publicview/fdaec698-903f-4977-8bdc-a8dc62696788
30500858628,MOLINOS RÍO DE LA PLATA S A,3ba57499-4fb1-43ad-9400-960610d41192,Estados Contables,eeff,https://aif2.cnv.gov.ar/presentations/publicview/3ba57499-4fb1-43ad-9400-960610d41192
30500858628,MOLINOS RÍO DE LA PLATA S A,96a829f0-12ab-4936-9ab3-efa56744ed6c,Estados Contables,eeff,https://aif2.cnv.gov.ar/presentations/publicview/96a829f0-12ab-4936-9ab3-efa56744ed6c
30500858628,MOLINOS RÍO DE LA PLATA S A,367abc83-f86b-4e81-ade9-92120e871db6,Estados Contables,eeff,https://aif2.cnv.gov.ar/presentations/publicview/367abc83-f86b-4e81-ade9-92120e871db6
30500858628,MOLINOS RÍO DE LA PLATA S A,9ee24972-95e9-4109-9349-5f44add882bc,Estados Contables,eeff,https://aif2.cnv.gov.ar/presentations/publicview/9ee24972-95e9-4109-9349-5f44add882bc
30500858628,MOLINOS RÍO DE LA PLATA S A,b0347c61-8c76-4f2a-9abf-64dbe134be10,Estados Contables,eeff,https://aif2.cnv.gov.ar/presentations/publicview/b0347c61-8c76-4f2a-9abf-64dbe134be10
30500858628,MOLINOS RÍO DE LA PLATA S A,a21b4f41-307b-4003-8a7f-04a87c16820a,Estados Contables,eeff,https://aif2.cnv.gov.ar/presentations/publicview/a21b4f41-307b-4003-8a7f-04a87c16820a
30500858628,MOLINOS RÍO DE LA PLATA S A,a94928ae-25d0-4978-8c9d-e3b14fabf20a,Estados Contables,eeff,https://aif2.cnv.gov.ar/presentations/publicview/a94928ae-25d0-4978-8c9d-e3b14fabf20a
30500858628,MOLINOS RÍO DE LA PLATA S A,1992f960-a3a0-4f8b-898e-4a7bba5af437,Estados Contables,eeff,https://aif2.cnv.gov.ar/presentations/publicview/1992f960-a3a0-4f8b-898e-4a7bba5af437
30500858628,MOLINOS RÍO DE LA PLATA S A,c689ca22-dba9-471d-afd2-f278fe5b571f,Estados Contables,eeff,https://aif2.cnv.gov.ar/presentations/publicview/c689ca22-dba9-471d-afd2-f278fe5b571f
30500858628,MOLINOS RÍO DE LA PLATA S A,8874f7ff-c64b-4b36-864a-7b75a24e8bd9,Estados Contables,eeff,https://aif2.cnv.gov.ar/presentations/publicview/8874f7ff-c64b-4b36-864a-7b75a24e8bd9
30500858628,MOLINOS RÍO DE LA PLATA S A,e47e49ab-5225-4519-a266-886611cf31fd,Estados Contables,eeff,https://aif2.cnv.gov.ar/presentations/publicview/e47e49ab-5225-4519-a266-886611cf31fd
30500858628,MOLINOS RÍO DE LA PLATA S A,93f1ea9d-2a90-4da6-9c99-bd79973209bc,Estados Contables,eeff,https://aif2.cnv.gov.ar/presentations/publicview/93f1ea9d-2a90-4da6-9c99-bd79973209bc
30500858628,MOLINOS RÍO DE LA PLATA S A,435501fb-3e5e-4f4e-a5e4-2fa21bd03ab3,Estados Contables,eeff,https://aif2.cnv.gov.ar/presentations/publicview/435501fb-3e5e-4f4e-a5e4-2fa21bd03ab3
30501062150,Celulosa Argentina,bf03c28b-1973-4d2d-9b1b-78c37580ff3f,Estados Contables,eeff,https://aif2.cnv.gov.ar/presentations/publicview/bf03c28b-1973-4d2d-9b1b-78c37580ff3f
30501062150,Celulosa Argentina,2334cd6c-a97b-4d85-9f3a-8b86531d6515,Estados Contables,eeff,https://aif2.cnv.gov.ar/presentations/publicview/2334cd6c-a97b-4d85-9f3a-8b86531d6515
30501062150,Celulosa Argentina,9e7bf404-e27f-4248-89dd-162f7664b265,Estados Contables,eeff,https://aif2.cnv.gov.ar/presentations/publicview/9e7bf404-e27f-4248-89dd-162f7664b265
30501062150,Celulosa Argentina,237a1373-7665-45f8-8e6f-fda03a74d61c,Estados Contables,eeff,https://aif2.cnv.gov.ar/presentations/publicview/237a1373-7665-45f8-8e6f-fda03a74d61c
30501062150,Celulosa Argentina,7beef6da-0aa5-47f3-b841-6b70dad65e45,Estados Contables,eeff,https://aif2.cnv.gov.ar/presentations/publicview/7beef6da-0aa5-47f3-b841-6b70dad65e45
30501062150,Celulosa Argentina,5ace263b-001a-48f4-8508-579be774b875,Estados Contables,eeff,https://aif2.cnv.gov.ar/presentations/publicview/5ace263b-001a-48f4-8508-579be774b875
30501062150,Celulosa Argentina,40665368-5a13-4ba1-a154-b73ee203d36b,Estados Contables,eeff,https://aif2.cnv.gov.ar/presentations/publicview/40665368-5a13-4ba1-a154-b73ee203d36b
30501062150,Celulosa Argentina,ed1077d0-83c8-4963-b4fc-08a80ec3aa8b,Estados Contables,eeff,https://aif2.cnv.gov.ar/presentations/publicview/ed1077d0-83c8-4963-b4fc-08a80ec3aa8b
30501062150,Celulosa Argentina,03820a26-3857-45b2-a6fa-d0092a5d07dc,Estados Contables,eeff,https://aif2.cnv.gov.ar/presentations/publicview/03820a26-3857-45b2-a6fa-d0092a5d07dc
30501062150,Celulosa Argentina,1fa1effa-40fd-4bc8-a87b-f052ae8ac691,Estados Contables,eeff,https://aif2.cnv.gov.ar/presentations/publicview/1fa1effa-40fd-4bc8-a87b-f052ae8ac691
30501062150,Celulosa Argentina,653b12e5-fc8c-408d-8b10-9a452fad6413,Estados Contables,eeff,https://aif2.cnv.gov.ar/presentations/publicview/653b12e5-fc8c-408d-8b10-9a452fad6413
30501062150,Celulosa Argentina,e0c01887-d21f-43c2-bb61-0e47c19b5c6c,Estados Contables,eeff,https://aif2.cnv.gov.ar/presentations/publicview/e0c01887-d21f-43c2-bb61-0e47c19b5c6c
30501062150,Celulosa Argentina,f4bb2e61-c24e-45b5-aad6-b5bbff2758c3,Estados Contables,eeff,https://aif2.cnv.gov.ar/presentations/publicview/f4bb2e61-c24e-45b5-aad6-b5bbff2758c3
30501062150,Celulosa Argentina,4a8bef46-7919-4dfc-993e-721121863a14,Estados Contables,eeff,https://aif2.cnv.gov.ar/presentations/publicview/4a8bef46-7919-4dfc-993e-721121863a14
30501062150,Celulosa Argentina,b5243998-287a-4ea1-80ab-64c7503183c0,Estados Contables,eeff,https://aif2.cnv.gov.ar/presentations/publicview/b5243998-287a-4ea1-80ab-64c7503183c0
30501062150,Celulosa Argentina,9c4f714c-cbb1-4ab9-8df3-138c1a38f2d3,Estados Contables,eeff,https://aif2.cnv.gov.ar/presentations/publicview/9c4f714c-cbb1-4ab9-8df3-138c1a38f2d3
30501062150,Celulosa Argentina,164cbcee-82f6-4fe6-b045-cfcf32e96547,Estados Contables,eeff,https://aif2.cnv.gov.ar/presentations/publicview/164cbcee-82f6-4fe6-b045-cfcf32e96547
30501062150,Celulosa Argentina,d0ab0dbb-1e9c-44fe-8db5-79aef2f2b0ed,Estados Contables,eeff,https://aif2.cnv.gov.ar/presentations/publicview/d0ab0dbb-1e9c-44fe-8db5-79aef2f2b0ed
30501062150,Celulosa Argentina,14470564-4a86-4980-8731-b83dee0b3b25,Estados Contables,eeff,https://aif2.cnv.gov.ar/presentations/publicview/14470564-4a86-4980-8731-b83dee0b3b25
30501062150,Celulosa Argentina,839877ca-f928-4498-96c6-a9c6815730b3,Estados Contables,eeff,https://aif2.cnv.gov.ar/presentations/publicview/839877ca-f928-4498-96c6-a9c6815730b3
30501062150,Celulosa Argentina,2772ba49-a8c4-4233-ba12-eed54a2cfdbd,Estados Contables,eeff,https://aif2.cnv.gov.ar/presentations/publicview/2772ba49-a8c4-4233-ba12-eed54a2cfdbd
30501062150,Celulosa Argentina,a7a67fc4-052a-4e9b-a1a7-7ab5835c4bb1,Estados Contables,eeff,https://aif2.cnv.gov.ar/presentations/publicview/a7a67fc4-052a-4e9b-a1a7-7ab5835c4bb1
30501062150,Celulosa Argentina,0aac6a2d-0fd4-45ad-a27b-de602fa53e9b,Estados Contables,eeff,https://aif2.cnv.gov.ar/presentations/publicview/0aac6a2d-0fd4-45ad-a27b-de602fa53e9b
30501062150,Celulosa Argentina,6dc4b0c7-587d-409d-892a-6e39d6118570,Estados Contables,eeff,https://aif2.cnv.gov.ar/presentations/publicview/6dc4b0c7-587d-409d-892a-6e39d6118570
30501062150,Celulosa Argentina,2ff1f4ba-7ad9-4a8e-9c91-638fa87dee1b,Estados Contables,eeff,https://aif2.cnv.gov.ar/presentations/publicview/2ff1f4ba-7ad9-4a8e-9c91-638fa87dee1b
30501062150,Celulosa Argentina,25119fbe-f47e-42e9-b8e2-cba054590ed7,Estados Contables,eeff,https://aif2.cnv.gov.ar/presentations/publicview/25119fbe-f47e-42e9-b8e2-cba054590ed7
30501062150,Celulosa Argentina,08daef07-6153-40ea-93ef-f7dcd7c221b2,Estados Contables,eeff,https://aif2.cnv.gov.ar/presentations/publicview/08daef07-6153-40ea-93ef-f7dcd7c221b2
30501062150,Celulosa Argentina,7dec2741-02d3-46a3-a292-ef9cb271dba5,Estados Contables,eeff,https://aif2.cnv.gov.ar/presentations/publicview/7dec2741-02d3-46a3-a292-ef9cb271dba5
30501062150,Celulosa Argentina,69be3f87-2a59-4d93-8b67-5a7d671ab7d3,Estados Contables,eeff,https://aif2.cnv.gov.ar/presentations/publicview/69be3f87-2a59-4d93-8b67-5a7d671ab7d3
30501062150,Celulosa Argentina,c95baaba-8da6-46c4-95c3-192ef830c09d,Estados Contables,eeff,https://aif2.cnv.gov.ar/presentations/publicview/c95baaba-8da6-46c4-95c3-192ef830c09d
30501062150,Celulosa Argentina,4ef5293a-9a63-4c7d-a1ad-d18d682f7dbe,Estados Contables,eeff,https://aif2.cnv.gov.ar/presentations/publicview/4ef5293a-9a63-4c7d-a1ad-d18d682f7dbe
30501062150,Celulosa Argentina,ca58c95c-9d31-44ef-9bd9-6faf003d0baf,Estados Contables,eeff,https://aif2.cnv.gov.ar/presentations/publicview/ca58c95c-9d31-44ef-9bd9-6faf003d0baf
30501111127,Holcim Argentina S A,523c374d-1b36-4605-90aa-f1da0cad054b,Estados Contables,eeff,https://aif2.cnv.gov.ar/presentations/publicview/523c374d-1b36-4605-90aa-f1da0cad054b
30501111127,Holcim Argentina S A,41be8b41-bdb4-4b6b-9ee7-555b614bbcd0,Estados Contables,eeff,https://aif2.cnv.gov.ar/presentations/publicview/41be8b41-bdb4-4b6b-9ee7-555b614bbcd0
30501111127,Holcim Argentina S A,b5f46726-458d-4016-a3b2-7ff0a28ec1a6,Estados Contables,eeff,https://aif2.cnv.gov.ar/presentations/publicview/b5f46726-458d-4016-a3b2-7ff0a28ec1a6
30501111127,Holcim Argentina S A,fbb0d72a-3193-413d-8d3a-0a40c8cf5d39,Estados Contables,eeff,https://aif2.cnv.gov.ar/presentations/publicview/fbb0d72a-3193-413d-8d3a-0a40c8cf5d39
30501111127,Holcim Argentina S A,4af44a36-cec0-408e-accb-703691d77100,Estados Contables,eeff,https://aif2.cnv.gov.ar/presentations/publicview/4af44a36-cec0-408e-accb-703691d77100
30501111127,Holcim Argentina S A,d18cce2f-bf5d-4eee-b249-9195ed614bc2,Estados Contables,eeff,https://aif2.cnv.gov.ar/presentations/publicview/d18cce2f-bf5d-4eee-b249-9195ed614bc2
30501111127,Holcim Argentina S A,36c0b377-03f5-4295-bca0-97f07e19bdeb,Estados Contables,eeff,https://aif2.cnv.gov.ar/presentations/publicview/36c0b377-03f5-4295-bca0-97f07e19bdeb
30501111127,Holcim Argentina S A,9eede9ef-eb52-4364-9c86-95880e928d05,Estados Contables,eeff,https://aif2.cnv.gov.ar/presentations/publicview/9eede9ef-eb52-4364-9c86-95880e928d05
30501111127,Holcim Argentina S A,afae0ed4-19fe-4412-92aa-a0b390f686e6,Estados Contables,eeff,https://aif2.cnv.gov.ar/presentations/publicview/afae0ed4-19fe-4412-92aa-a0b390f686e6
30501111127,Holcim Argentina S A,b1855e04-28f5-4584-9bc4-5ce167ab1428,Estados Contables,eeff,https://aif2.cnv.gov.ar/presentations/publicview/b1855e04-28f5-4584-9bc4-5ce167ab1428
30501111127,Holcim Argentina S A,1835d234-3603-4b4f-a937-0d55cb0e6266,Estados Contables,eeff,https://aif2.cnv.gov.ar/presentations/publicview/1835d234-3603-4b4f-a937-0d55cb0e6266
30501111127,Holcim Argentina S A,fdb6cefc-b037-4a74-9a8d-cadfbefb1ce9,Estados Contables,eeff,https://aif2.cnv.gov.ar/presentations/publicview/fdb6cefc-b037-4a74-9a8d-cadfbefb1ce9
30501111127,Holcim Argentina S A,b57a02fa-6c6f-47ca-993b-f9bce33ff823,Estados Contables,eeff,https://aif2.cnv.gov.ar/presentations/publicview/b57a02fa-6c6f-47ca-993b-f9bce33ff823
30501111127,Holcim Argentina S A,b37c484f-6d2f-480f-a875-d6dc9b8d7a69,Estados Contables,eeff,https://aif2.cnv.gov.ar/presentations/publicview/b37c484f-6d2f-480f-a875-d6dc9b8d7a69
30501111127,Holcim Argentina S A,f5e50517-d546-4de8-80bf-e7a1b648bdb7,Estados Contables,eeff,https://aif2.cnv.gov.ar/presentations/publicview/f5e50517-d546-4de8-80bf-e7a1b648bdb7
30501111127,Holcim Argentina S A,60931ec2-e8d0-446f-ab08-cbf82065e741,Estados Contables,eeff,https://aif2.cnv.gov.ar/presentations/publicview/60931ec2-e8d0-446f-ab08-cbf82065e741
30501111127,Holcim Argentina S A,9fe653e9-278d-4a61-9cd2-fd217aa2353a,Estados Contables,eeff,https://aif2.cnv.gov.ar/presentations/publicview/9fe653e9-278d-4a61-9cd2-fd217aa2353a
30501111127,Holcim Argentina S A,f6b8dcda-2178-4422-945d-11a9e5b30cdc,Estados Contables,eeff,https://aif2.cnv.gov.ar/presentations/publicview/f6b8dcda-2178-4422-945d-11a9e5b30cdc
30501111127,Holcim Argentina S A,57948f50-8ee0-422a-a7ee-7a72afd53d43,Estados Contables,eeff,https://aif2.cnv.gov.ar/presentations/publicview/57948f50-8ee0-422a-a7ee-7a72afd53d43
30501111127,Holcim Argentina S A,ef136497-10e7-457f-b579-f4ec7bd46252,Estados Contables,eeff,https://aif2.cnv.gov.ar/presentations/publicview/ef136497-10e7-457f-b579-f4ec7bd46252
30501111127,Holcim Argentina S A,5df0b1cc-519f-4c11-bd6b-e1d8c9696031,Estados Contables,eeff,https://aif2.cnv.gov.ar/presentations/publicview/5df0b1cc-519f-4c11-bd6b-e1d8c9696031
30501111127,Holcim Argentina S A,72fed1bf-c884-4409-b798-c274e48c9e25,Estados Contables,eeff,https://aif2.cnv.gov.ar/presentations/publicview/72fed1bf-c884-4409-b798-c274e48c9e25
30501111127,Holcim Argentina S A,80e3b570-77d5-4608-a9d0-2ff7c0e12c3a,Estados Contables,eeff,https://aif2.cnv.gov.ar/presentations/publicview/80e3b570-77d5-4608-a9d0-2ff7c0e12c3a
30501111127,Holcim Argentina S A,3d6b9762-1fdb-4e3e-a1cc-e5bc4d7c67bc,Estados Contables,eeff,https://aif2.cnv.gov.ar/presentations/publicview/3d6b9762-1fdb-4e3e-a1cc-e5bc4d7c67bc
30501111127,Holcim Argentina S A,360c81cf-d886-4d8a-8bc4-c5dba46b25f0,Estados Contables,eeff,https://aif2.cnv.gov.ar/presentations/publicview/360c81cf-d886-4d8a-8bc4-c5dba46b25f0
30501111127,Holcim Argentina S A,3c35d902-b527-464b-8a03-c9f0f5779e96,Estados Contables,eeff,https://aif2.cnv.gov.ar/presentations/publicview/3c35d902-b527-464b-8a03-c9f0f5779e96
30501111127,Holcim Argentina S A,e461230b-e98b-4197-8632-74764caa3a3a,Estados Contables,eeff,https://aif2.cnv.gov.ar/presentations/publicview/e461230b-e98b-4197-8632-74764caa3a3a
30501111127,Holcim Argentina S A,23a6d18c-810b-4905-9f9f-63c3fadb8791,Estados Contables,eeff,https://aif2.cnv.gov.ar/presentations/publicview/23a6d18c-810b-4905-9f9f-63c3fadb8791
30501111127,Holcim Argentina S A,797a1506-624c-4cda-92c3-934178b2fe04,Estados Contables,eeff,https://aif2.cnv.gov.ar/presentations/publicview/797a1506-624c-4cda-92c3-934178b2fe04
30501111127,Holcim Argentina S A,d5b0135f-c768-462d-9775-bc447aaa00e7,Estados Contables,eeff,https://aif2.cnv.gov.ar/presentations/publicview/d5b0135f-c768-462d-9775-bc447aaa00e7
30501111127,Holcim Argentina S A,486610f3-3d3f-45f7-8391-f6b3fd228add,Estados Contables,eeff,https://aif2.cnv.gov.ar/presentations/publicview/486610f3-3d3f-45f7-8391-f6b3fd228add
30501111127,Holcim Argentina S A,820dec0c-a57e-4ba9-92e0-da0a4cba5e72,Estados Contables,eeff,https://aif2.cnv.gov.ar/presentations/publicview/820dec0c-a57e-4ba9-92e0-da0a4cba5e72
30501111127,Holcim Argentina S A,c4d9e9c6-7987-4279-b0ef-ea9f7d152da0,Estados Contables,eeff,https://aif2.cnv.gov.ar/presentations/publicview/c4d9e9c6-7987-4279-b0ef-ea9f7d152da0
30501111127,Holcim Argentina S A,2dee5edc-0885-4f83-acc2-9c49d6af2d05,Estados Contables,eeff,https://aif2.cnv.gov.ar/presentations/publicview/2dee5edc-0885-4f83-acc2-9c49d6af2d05
30501111127,Holcim Argentina S A,9659d70e-e4fb-4275-9659-167239d811d2,Estados Contables,eeff,https://aif2.cnv.gov.ar/presentations/publicview/9659d70e-e4fb-4275-9659-167239d811d2
30501111127,Holcim Argentina S A,0b295d8b-425f-42c2-a985-49c8a91d7edd,Estados Contables,eeff,https://aif2.cnv.gov.ar/presentations/publicview/0b295d8b-425f-42c2-a985-49c8a91d7edd
30501111127,Holcim Argentina S A,a2fd9640-c881-4720-a540-4455dad636a6,Estados Contables,eeff,https://aif2.cnv.gov.ar/presentations/publicview/a2fd9640-c881-4720-a540-4455dad636a6
30501111127,Holcim Argentina S A,73b784ef-8800-41ee-a94e-337c5b693bc4,Estados Contables,eeff,https://aif2.cnv.gov.ar/presentations/publicview/73b784ef-8800-41ee-a94e-337c5b693bc4
30501152826,LABORATORIOS RICHMOND SOCIEDAD ANONIMA COMERCIAL,6681e2e3-c380-4618-a0bb-e6904eeceb50,Estados Contables,eeff,https://aif2.cnv.gov.ar/presentations/publicview/6681e2e3-c380-4618-a0bb-e6904eeceb50
30501152826,LABORATORIOS RICHMOND SOCIEDAD ANONIMA COMERCIAL,ffc2c669-fb2c-4d2f-8cc7-f041d0cb0dc7,Estados Contables,eeff,https://aif2.cnv.gov.ar/presentations/publicview/ffc2c669-fb2c-4d2f-8cc7-f041d0cb0dc7
30501152826,LABORATORIOS RICHMOND SOCIEDAD ANONIMA COMERCIAL,b80642d8-a4e6-4cf7-ad7c-404a9a1ab018,Estados Contables,eeff,https://aif2.cnv.gov.ar/presentations/publicview/b80642d8-a4e6-4cf7-ad7c-404a9a1ab018
30501152826,LABORATORIOS RICHMOND SOCIEDAD ANONIMA COMERCIAL,11845371-f06b-41a3-99d9-e3b7bb68573f,Estados Contables,eeff,https://aif2.cnv.gov.ar/presentations/publicview/11845371-f06b-41a3-99d9-e3b7bb68573f
30501152826,LABORATORIOS RICHMOND SOCIEDAD ANONIMA COMERCIAL,2222a64e-962e-4d49-be43-1fa308091614,Estados Contables,eeff,https://aif2.cnv.gov.ar/presentations/publicview/2222a64e-962e-4d49-be43-1fa308091614
30501152826,LABORATORIOS RICHMOND SOCIEDAD ANONIMA COMERCIAL,34fcd0b5-57a3-427e-9e61-fe27a960732c,Estados Contables,eeff,https://aif2.cnv.gov.ar/presentations/publicview/34fcd0b5-57a3-427e-9e61-fe27a960732c
30501152826,LABORATORIOS RICHMOND SOCIEDAD ANONIMA COMERCIAL,20639e0c-5a4a-4f90-b032-4394aab58b23,Estados Contables,eeff,https://aif2.cnv.gov.ar/presentations/publicview/20639e0c-5a4a-4f90-b032-4394aab58b23
30501152826,LABORATORIOS RICHMOND SOCIEDAD ANONIMA COMERCIAL,94604aa6-b85a-4ad1-89e0-0b2c17dcdb55,Estados Contables,eeff,https://aif2.cnv.gov.ar/presentations/publicview/94604aa6-b85a-4ad1-89e0-0b2c17dcdb55
30501152826,LABORATORIOS RICHMOND SOCIEDAD ANONIMA COMERCIAL,92d70907-6e1f-410f-92a8-d4162699e931,Estados Contables,eeff,https://aif2.cnv.gov.ar/presentations/publicview/92d70907-6e1f-410f-92a8-d4162699e931
30501152826,LABORATORIOS RICHMOND SOCIEDAD ANONIMA COMERCIAL,6d6566ba-3c45-4903-8f0c-6c7fd97a36d1,Estados Contables,eeff,https://aif2.cnv.gov.ar/presentations/publicview/6d6566ba-3c45-4903-8f0c-6c7fd97a36d1
30501152826,LABORATORIOS RICHMOND SOCIEDAD ANONIMA COMERCIAL,fa5ef201-6990-49b2-aa39-87621d4da692,Estados Contables,eeff,https://aif2.cnv.gov.ar/presentations/publicview/fa5ef201-6990-49b2-aa39-87621d4da692
30501152826,LABORATORIOS RICHMOND SOCIEDAD ANONIMA COMERCIAL,757c72dd-fbde-4649-89d2-dec6bf2e4368,Estados Contables,eeff,https://aif2.cnv.gov.ar/presentations/publicview/757c72dd-fbde-4649-89d2-dec6bf2e4368
30501152826,LABORATORIOS RICHMOND SOCIEDAD ANONIMA COMERCIAL,a71a707d-9fa1-4b58-a80d-b25db251854c,Estados Contables,eeff,https://aif2.cnv.gov.ar/presentations/publicview/a71a707d-9fa1-4b58-a80d-b25db251854c
30501152826,LABORATORIOS RICHMOND SOCIEDAD ANONIMA COMERCIAL,1e03ecaa-d26a-438c-b94c-ac96babdd7f8,Estados Contables,eeff,https://aif2.cnv.gov.ar/presentations/publicview/1e03ecaa-d26a-438c-b94c-ac96babdd7f8
30501152826,LABORATORIOS RICHMOND SOCIEDAD ANONIMA COMERCIAL,1db415a7-4e0d-4edc-a8f2-de87e801b4f1,Estados Contables,eeff,https://aif2.cnv.gov.ar/presentations/publicview/1db415a7-4e0d-4edc-a8f2-de87e801b4f1
30501152826,LABORATORIOS RICHMOND SOCIEDAD ANONIMA COMERCIAL,6f3616d7-850e-47b5-98f5-bc3f846536bb,Estados Contables,eeff,https://aif2.cnv.gov.ar/presentations/publicview/6f3616d7-850e-47b5-98f5-bc3f846536bb
30501152826,LABORATORIOS RICHMOND SOCIEDAD ANONIMA COMERCIAL,f3439d48-ec4d-4325-bd2a-bed157011668,Estados Contables,eeff,https://aif2.cnv.gov.ar/presentations/publicview/f3439d48-ec4d-4325-bd2a-bed157011668
30501152826,LABORATORIOS RICHMOND SOCIEDAD ANONIMA COMERCIAL,3a89995a-9e9c-4fd1-b06f-dfb3be95a9e7,Estados Contables,eeff,https://aif2.cnv.gov.ar/presentations/publicview/3a89995a-9e9c-4fd1-b06f-dfb3be95a9e7
30501152826,LABORATORIOS RICHMOND SOCIEDAD ANONIMA COMERCIAL,8ccdc91f-53fd-4846-a652-e5ba5b1d7a21,Estados Contables,eeff,https://aif2.cnv.gov.ar/presentations/publicview/8ccdc91f-53fd-4846-a652-e5ba5b1d7a21
30501152826,LABORATORIOS RICHMOND SOCIEDAD ANONIMA COMERCIAL,fad1c7f0-9f77-4423-9be8-21ce2b696493,Estados Contables,eeff,https://aif2.cnv.gov.ar/presentations/publicview/fad1c7f0-9f77-4423-9be8-21ce2b696493
30501152826,LABORATORIOS RICHMOND SOCIEDAD ANONIMA COMERCIAL,9c31c0cc-793f-4a6c-8add-7ab4d3aa4be5,Estados Contables,eeff,https://aif2.cnv.gov.ar/presentations/publicview/9c31c0cc-793f-4a6c-8add-7ab4d3aa4be5
30501152826,LABORATORIOS RICHMOND SOCIEDAD ANONIMA COMERCIAL,3af01757-772b-4473-bd52-c0c262ddb372,Estados Contables,eeff,https://aif2.cnv.gov.ar/presentations/publicview/3af01757-772b-4473-bd52-c0c262ddb372
30501152826,LABORATORIOS RICHMOND SOCIEDAD ANONIMA COMERCIAL,cc6f4f27-32b3-4685-ba7d-6273b8e7961e,Estados Contables,eeff,https://aif2.cnv.gov.ar/presentations/publicview/cc6f4f27-32b3-4685-ba7d-6273b8e7961e
30501152826,LABORATORIOS RICHMOND SOCIEDAD ANONIMA COMERCIAL,36ae007d-e5e5-4536-9b00-bb02cba9deca,Estados Contables,eeff,https://aif2.cnv.gov.ar/presentations/publicview/36ae007d-e5e5-4536-9b00-bb02cba9deca
30501152826,LABORATORIOS RICHMOND SOCIEDAD ANONIMA COMERCIAL,dd8e6ed2-06b6-41dd-8f6f-65be890e0ab9,Estados Contables,eeff,https://aif2.cnv.gov.ar/presentations/publicview/dd8e6ed2-06b6-41dd-8f6f-65be890e0ab9
30501152826,LABORATORIOS RICHMOND SOCIEDAD ANONIMA COMERCIAL,b8197c35-c175-4a6d-a929-12080c58c431,Estados Contables,eeff,https://aif2.cnv.gov.ar/presentations/publicview/b8197c35-c175-4a6d-a929-12080c58c431
30501152826,LABORATORIOS RICHMOND SOCIEDAD ANONIMA COMERCIAL,0e096999-d44c-4656-b22f-3181034b5a17,Estados Contables,eeff,https://aif2.cnv.gov.ar/presentations/publicview/0e096999-d44c-4656-b22f-3181034b5a17
30501152826,LABORATORIOS RICHMOND SOCIEDAD ANONIMA COMERCIAL,2e513a42-e2b2-492b-8f7b-3ee993c38f17,Estados Contables,eeff,https://aif2.cnv.gov.ar/presentations/publicview/2e513a42-e2b2-492b-8f7b-3ee993c38f17
30501152826,LABORATORIOS RICHMOND SOCIEDAD ANONIMA COMERCIAL,97c888e0-8c44-4476-b55e-d08d7068ba6a,Estados Contables,eeff,https://aif2.cnv.gov.ar/presentations/publicview/97c888e0-8c44-4476-b55e-d08d7068ba6a
30501152826,LABORATORIOS RICHMOND SOCIEDAD ANONIMA COMERCIAL,d52cf1eb-280b-4f7d-8ea3-962bfcfb6521,Estados Contables,eeff,https://aif2.cnv.gov.ar/presentations/publicview/d52cf1eb-280b-4f7d-8ea3-962bfcfb6521
30501152826,LABORATORIOS RICHMOND SOCIEDAD ANONIMA COMERCIAL,e552bb4f-ff1d-4213-b254-c85acc8485fc,Estados Contables,eeff,https://aif2.cnv.gov.ar/presentations/publicview/e552bb4f-ff1d-4213-b254-c85acc8485fc
30501152826,LABORATORIOS RICHMOND SOCIEDAD ANONIMA COMERCIAL,46e6057d-e413-469f-bea4-5314b6131d8f,Estados Contables,eeff,https://aif2.cnv.gov.ar/presentations/publicview/46e6057d-e413-469f-bea4-5314b6131d8f
30501152826,LABORATORIOS RICHMOND SOCIEDAD ANONIMA COMERCIAL,4b94ffa3-3f7b-41c8-9aac-159b7260de73,Estados Contables,eeff,https://aif2.cnv.gov.ar/presentations/publicview/4b94ffa3-3f7b-41c8-9aac-159b7260de73
30501152826,LABORATORIOS RICHMOND SOCIEDAD ANONIMA COMERCIAL,7bff1498-707c-4076-b2e4-b788b7eb7d2f,Estados Contables,eeff,https://aif2.cnv.gov.ar/presentations/publicview/7bff1498-707c-4076-b2e4-b788b7eb7d2f
30501152826,LABORATORIOS RICHMOND SOCIEDAD ANONIMA COMERCIAL,fa4fee04-ba71-4c64-a47e-74a17121af62,Estados Contables,eeff,https://aif2.cnv.gov.ar/presentations/publicview/fa4fee04-ba71-4c64-a47e-74a17121af62
30501152826,LABORATORIOS RICHMOND SOCIEDAD ANONIMA COMERCIAL,c7926270-1f00-4904-a866-b104b8af44cd,Estados Contables,eeff,https://aif2.cnv.gov.ar/presentations/publicview/c7926270-1f00-4904-a866-b104b8af44cd
30501152826,LABORATORIOS RICHMOND SOCIEDAD ANONIMA COMERCIAL,caf5cd42-e55f-45eb-bdd3-b2f16d3eb09f,Estados Contables,eeff,https://aif2.cnv.gov.ar/presentations/publicview/caf5cd42-e55f-45eb-bdd3-b2f16d3eb09f
30501152826,LABORATORIOS RICHMOND SOCIEDAD ANONIMA COMERCIAL,d651808c-29d7-45cd-82a4-b7eab8378d6a,Estados Contables,eeff,https://aif2.cnv.gov.ar/presentations/publicview/d651808c-29d7-45cd-82a4-b7eab8378d6a
30501152826,LABORATORIOS RICHMOND SOCIEDAD ANONIMA COMERCIAL,7a2f9522-6425-4895-adc8-565f76a7d0e6,Estados Contables,eeff,https://aif2.cnv.gov.ar/presentations/publicview/7a2f9522-6425-4895-adc8-565f76a7d0e6
30501152826,LABORATORIOS RICHMOND SOCIEDAD ANONIMA COMERCIAL,97c727ba-cab3-4b02-803b-3c0db17bb005,Estados Contables,eeff,https://aif2.cnv.gov.ar/presentations/publicview/97c727ba-cab3-4b02-803b-3c0db17bb005
30501152826,LABORATORIOS RICHMOND SOCIEDAD ANONIMA COMERCIAL,14bd2cb7-fc6f-43e7-8c30-f3868f263915,Estados Contables,eeff,https://aif2.cnv.gov.ar/presentations/publicview/14bd2cb7-fc6f-43e7-8c30-f3868f263915
30501152826,LABORATORIOS RICHMOND SOCIEDAD ANONIMA COMERCIAL,45a4d153-3052-4395-9efd-e2c52a371ef0,Estados Contables,eeff,https://aif2.cnv.gov.ar/presentations/publicview/45a4d153-3052-4395-9efd-e2c52a371ef0
30501152826,LABORATORIOS RICHMOND SOCIEDAD ANONIMA COMERCIAL,e1d8f5e9-e8c3-48a4-b9b4-2fb5e813e5d1,Estados Contables,eeff,https://aif2.cnv.gov.ar/presentations/publicview/e1d8f5e9-e8c3-48a4-b9b4-2fb5e813e5d1
30501152826,LABORATORIOS RICHMOND SOCIEDAD ANONIMA COMERCIAL,da10de85-be5c-40c4-9228-2da454d4e018,Estados Contables,eeff,https://aif2.cnv.gov.ar/presentations/publicview/da10de85-be5c-40c4-9228-2da454d4e018
30501152826,LABORATORIOS RICHMOND SOCIEDAD ANONIMA COMERCIAL,e6c2340d-44cf-4d37-80cb-40fa2164ce7e,Estados Contables,eeff,https://aif2.cnv.gov.ar/presentations/publicview/e6c2340d-44cf-4d37-80cb-40fa2164ce7e
30501152826,LABORATORIOS RICHMOND SOCIEDAD ANONIMA COMERCIAL,1fdb847d-d904-4168-be83-46a07376d7a6,Estados Contables,eeff,https://aif2.cnv.gov.ar/presentations/publicview/1fdb847d-d904-4168-be83-46a07376d7a6
30501152826,LABORATORIOS RICHMOND SOCIEDAD ANONIMA COMERCIAL,858bb9f2-dd0f-48c1-8414-787d432b81d4,Estados Contables,eeff,https://aif2.cnv.gov.ar/presentations/publicview/858bb9f2-dd0f-48c1-8414-787d432b81d4
30501152826,LABORATORIOS RICHMOND SOCIEDAD ANONIMA COMERCIAL,638f52a8-493a-4f78-8c48-d44b962a525f,Estados Contables,eeff,https://aif2.cnv.gov.ar/presentations/publicview/638f52a8-493a-4f78-8c48-d44b962a525f
30501152826,LABORATORIOS RICHMOND SOCIEDAD ANONIMA COMERCIAL,76e0b2cc-9ed3-4e79-b81e-a0ecd6e5f78b,Estados Contables,eeff,https://aif2.cnv.gov.ar/presentations/publicview/76e0b2cc-9ed3-4e79-b81e-a0ecd6e5f78b
30501152826,LABORATORIOS RICHMOND SOCIEDAD ANONIMA COMERCIAL,d03ab16b-0e58-42a4-a591-867775deadef,Estados Contables,eeff,https://aif2.cnv.gov.ar/presentations/publicview/d03ab16b-0e58-42a4-a591-867775deadef
30501152826,LABORATORIOS RICHMOND SOCIEDAD ANONIMA COMERCIAL,7bed8b16-80c2-4659-b1dc-2aa4ead98b13,Estados Contables,eeff,https://aif2.cnv.gov.ar/presentations/publicview/7bed8b16-80c2-4659-b1dc-2aa4ead98b13
30501152826,LABORATORIOS RICHMOND SOCIEDAD ANONIMA COMERCIAL,c7e652ee-cef7-4424-92f4-41b329ac0c21,Estados Contables,eeff,https://aif2.cnv.gov.ar/presentations/publicview/c7e652ee-cef7-4424-92f4-41b329ac0c21
30501152826,LABORATORIOS RICHMOND SOCIEDAD ANONIMA COMERCIAL,7711adf9-2710-490c-ae9b-642007b8121b,Estados Contables,eeff,https://aif2.cnv.gov.ar/presentations/publicview/7711adf9-2710-490c-ae9b-642007b8121b
30501152826,LABORATORIOS RICHMOND SOCIEDAD ANONIMA COMERCIAL,f71d3eee-5af7-499c-b9ad-ef00cd2de7e0,Estados Contables,eeff,https://aif2.cnv.gov.ar/presentations/publicview/f71d3eee-5af7-499c-b9ad-ef00cd2de7e0
30501152826,LABORATORIOS RICHMOND SOCIEDAD ANONIMA COMERCIAL,59d0b44e-c14b-4e65-b594-9f91357298ac,Estados Contables,eeff,https://aif2.cnv.gov.ar/presentations/publicview/59d0b44e-c14b-4e65-b594-9f91357298ac
30501152826,LABORATORIOS RICHMOND SOCIEDAD ANONIMA COMERCIAL,e8ff0dd8-3742-4776-aa5e-ada49f9bd8fb,Estados Contables,eeff,https://aif2.cnv.gov.ar/presentations/publicview/e8ff0dd8-3742-4776-aa5e-ada49f9bd8fb
30501250305,Ledesma S A,23c89a3c-7715-4f5e-93a7-b6d0b9ee7c1a,Estados Contables,eeff,https://aif2.cnv.gov.ar/presentations/publicview/23c89a3c-7715-4f5e-93a7-b6d0b9ee7c1a
30501250305,Ledesma S A,5ffe093a-06ec-4c63-a0fa-c1e0ee4106a1,Estados Contables,eeff,https://aif2.cnv.gov.ar/presentations/publicview/5ffe093a-06ec-4c63-a0fa-c1e0ee4106a1
30501250305,Ledesma S A,84e08437-5365-43db-bee4-4c945861386a,Estados Contables,eeff,https://aif2.cnv.gov.ar/presentations/publicview/84e08437-5365-43db-bee4-4c945861386a
30501250305,Ledesma S A,9261040c-6d41-4fe5-8f8a-931873ef1058,Estados Contables,eeff,https://aif2.cnv.gov.ar/presentations/publicview/9261040c-6d41-4fe5-8f8a-931873ef1058
30501250305,Ledesma S A,1ae97d42-af13-4e04-a4d4-4efbc05efff0,Estados Contables,eeff,https://aif2.cnv.gov.ar/presentations/publicview/1ae97d42-af13-4e04-a4d4-4efbc05efff0
30501250305,Ledesma S A,6d057741-afb3-41a3-aec5-47341573ec41,Estados Contables,eeff,https://aif2.cnv.gov.ar/presentations/publicview/6d057741-afb3-41a3-aec5-47341573ec41
30501250305,Ledesma S A,11082f22-572d-4d2d-93d2-cc5d47c20a12,Estados Contables,eeff,https://aif2.cnv.gov.ar/presentations/publicview/11082f22-572d-4d2d-93d2-cc5d47c20a12
30501250305,Ledesma S A,f54f53dd-2167-4a23-a7ef-04d3a4e22418,Estados Contables,eeff,https://aif2.cnv.gov.ar/presentations/publicview/f54f53dd-2167-4a23-a7ef-04d3a4e22418
30501250305,Ledesma S A,f1c126b7-99e6-48f8-965c-b2f314fb60c7,Estados Contables,eeff,https://aif2.cnv.gov.ar/presentations/publicview/f1c126b7-99e6-48f8-965c-b2f314fb60c7
30501250305,Ledesma S A,3b77f77c-c6b8-4014-926c-6d3764535679,Estados Contables,eeff,https://aif2.cnv.gov.ar/presentations/publicview/3b77f77c-c6b8-4014-926c-6d3764535679
30501250305,Ledesma S A,f273a17d-0ce3-4364-b729-9af96f1e7038,Estados Contables,eeff,https://aif2.cnv.gov.ar/presentations/publicview/f273a17d-0ce3-4364-b729-9af96f1e7038
30501250305,Ledesma S A,1604f63b-a428-46b5-ad1a-22567ebfb834,Estados Contables,eeff,https://aif2.cnv.gov.ar/presentations/publicview/1604f63b-a428-46b5-ad1a-22567ebfb834
30501250305,Ledesma S A,5b793b02-1679-4eaa-9a67-a76085eceb84,Estados Contables,eeff,https://aif2.cnv.gov.ar/presentations/publicview/5b793b02-1679-4eaa-9a67-a76085eceb84
30501250305,Ledesma S A,ed663527-81f1-4bcb-8cd4-97262bbe85a7,Estados Contables,eeff,https://aif2.cnv.gov.ar/presentations/publicview/ed663527-81f1-4bcb-8cd4-97262bbe85a7
30501250305,Ledesma S A,ddbebc84-d1b7-4a57-81d3-d2c4ae6a6990,Estados Contables,eeff,https://aif2.cnv.gov.ar/presentations/publicview/ddbebc84-d1b7-4a57-81d3-d2c4ae6a6990
30501250305,Ledesma S A,003c5df6-7ec8-4164-976d-8acc62c81424,Estados Contables,eeff,https://aif2.cnv.gov.ar/presentations/publicview/003c5df6-7ec8-4164-976d-8acc62c81424
30501250305,Ledesma S A,09001b73-2827-4a51-b2c0-91557fdc1627,Estados Contables,eeff,https://aif2.cnv.gov.ar/presentations/publicview/09001b73-2827-4a51-b2c0-91557fdc1627
30501250305,Ledesma S A,ab9cfe92-c164-4246-a54d-362080fbf4c0,Estados Contables,eeff,https://aif2.cnv.gov.ar/presentations/publicview/ab9cfe92-c164-4246-a54d-362080fbf4c0
30501250305,Ledesma S A,4f5061d3-6b40-46e6-b862-2841e579f10a,Estados Contables,eeff,https://aif2.cnv.gov.ar/presentations/publicview/4f5061d3-6b40-46e6-b862-2841e579f10a
30501250305,Ledesma S A,69235bef-edc9-44ba-926f-07350f53c393,Estados Contables,eeff,https://aif2.cnv.gov.ar/presentations/publicview/69235bef-edc9-44ba-926f-07350f53c393
30501250305,Ledesma S A,c37a75f0-928f-4f8c-a452-7b8ec22ae812,Estados Contables,eeff,https://aif2.cnv.gov.ar/presentations/publicview/c37a75f0-928f-4f8c-a452-7b8ec22ae812
30501250305,Ledesma S A,b40a34ab-94ef-4ba2-9c68-aeccddd4eb3a,Estados Contables,eeff,https://aif2.cnv.gov.ar/presentations/publicview/b40a34ab-94ef-4ba2-9c68-aeccddd4eb3a
30501250305,Ledesma S A,344b996d-edc8-461e-aabf-d24bef4b193b,Estados Contables,eeff,https://aif2.cnv.gov.ar/presentations/publicview/344b996d-edc8-461e-aabf-d24bef4b193b
30501250305,Ledesma S A,3646a17a-144a-4f0e-a333-ed01109eaf0d,Estados Contables,eeff,https://aif2.cnv.gov.ar/presentations/publicview/3646a17a-144a-4f0e-a333-ed01109eaf0d
30501250305,Ledesma S A,08ad8ffb-eb01-4d75-940b-b88d9a9c788d,Estados Contables,eeff,https://aif2.cnv.gov.ar/presentations/publicview/08ad8ffb-eb01-4d75-940b-b88d9a9c788d
30501250305,Ledesma S A,38190db3-4a2b-47cf-a99a-2b048ff0b862,Estados Contables,eeff,https://aif2.cnv.gov.ar/presentations/publicview/38190db3-4a2b-47cf-a99a-2b048ff0b862
30501290323,Cia Introductora de Bs As,1d290799-b95e-4360-92cf-637257f51c17,Estados Contables,eeff,https://aif2.cnv.gov.ar/presentations/publicview/1d290799-b95e-4360-92cf-637257f51c17
30501290323,Cia Introductora de Bs As,1c40fed1-d3ea-4cc5-9a1c-eef08fded933,Estados Contables,eeff,https://aif2.cnv.gov.ar/presentations/publicview/1c40fed1-d3ea-4cc5-9a1c-eef08fded933
30501290323,Cia Introductora de Bs As,e852f425-739c-4ace-911b-74d420a1a667,Estados Contables,eeff,https://aif2.cnv.gov.ar/presentations/publicview/e852f425-739c-4ace-911b-74d420a1a667
30501290323,Cia Introductora de Bs As,3981d13e-1bcd-4de6-98cb-d3758e9e2961,Estados Contables,eeff,https://aif2.cnv.gov.ar/presentations/publicview/3981d13e-1bcd-4de6-98cb-d3758e9e2961
30501290323,Cia Introductora de Bs As,d4dc6243-9492-4fe8-894a-79f1b53f0dd4,Estados Contables,eeff,https://aif2.cnv.gov.ar/presentations/publicview/d4dc6243-9492-4fe8-894a-79f1b53f0dd4
30501290323,Cia Introductora de Bs As,62d9af4b-aa53-4d5a-8ce2-7f4e72a2d963,Estados Contables,eeff,https://aif2.cnv.gov.ar/presentations/publicview/62d9af4b-aa53-4d5a-8ce2-7f4e72a2d963
30501290323,Cia Introductora de Bs As,baefda5f-2eea-4ecf-8a0a-084b591bff76,Estados Contables,eeff,https://aif2.cnv.gov.ar/presentations/publicview/baefda5f-2eea-4ecf-8a0a-084b591bff76
30501290323,Cia Introductora de Bs As,8dac9035-ecbe-4ae1-8b22-3a2c664171ed,Estados Contables,eeff,https://aif2.cnv.gov.ar/presentations/publicview/8dac9035-ecbe-4ae1-8b22-3a2c664171ed
30501290323,Cia Introductora de Bs As,083402ba-907f-49b0-a6a2-9372aa46d727,Estados Contables,eeff,https://aif2.cnv.gov.ar/presentations/publicview/083402ba-907f-49b0-a6a2-9372aa46d727
30501290323,Cia Introductora de Bs As,fe41ab1d-48ca-49e4-a5da-1af3cfefa587,Estados Contables,eeff,https://aif2.cnv.gov.ar/presentations/publicview/fe41ab1d-48ca-49e4-a5da-1af3cfefa587
30501290323,Cia Introductora de Bs As,cbdec53a-87f1-4c37-bca3-b5483e608417,Estados Contables,eeff,https://aif2.cnv.gov.ar/presentations/publicview/cbdec53a-87f1-4c37-bca3-b5483e608417
30501290323,Cia Introductora de Bs As,27758698-7dfa-4069-82c2-9f3736e0b981,Estados Contables,eeff,https://aif2.cnv.gov.ar/presentations/publicview/27758698-7dfa-4069-82c2-9f3736e0b981
30501290323,Cia Introductora de Bs As,ffdff59d-c889-43d0-aeae-d73754de49b1,Estados Contables,eeff,https://aif2.cnv.gov.ar/presentations/publicview/ffdff59d-c889-43d0-aeae-d73754de49b1
30501290323,Cia Introductora de Bs As,49de9b68-dc79-4f64-b3a5-f259efa37feb,Estados Contables,eeff,https://aif2.cnv.gov.ar/presentations/publicview/49de9b68-dc79-4f64-b3a5-f259efa37feb
30501290323,Cia Introductora de Bs As,924c28bf-1902-4365-ace5-c4ed4afb7060,Estados Contables,eeff,https://aif2.cnv.gov.ar/presentations/publicview/924c28bf-1902-4365-ace5-c4ed4afb7060
30501290323,Cia Introductora de Bs As,6b86926f-c316-444e-bc0f-e337e08f360c,Estados Contables,eeff,https://aif2.cnv.gov.ar/presentations/publicview/6b86926f-c316-444e-bc0f-e337e08f360c
30501290323,Cia Introductora de Bs As,cd41b8dd-fea8-4bd1-9dac-36e9273d0104,Estados Contables,eeff,https://aif2.cnv.gov.ar/presentations/publicview/cd41b8dd-fea8-4bd1-9dac-36e9273d0104
30501290323,Cia Introductora de Bs As,1854f457-4678-4d3d-9a07-9b9b5fcec2f3,Estados Contables,eeff,https://aif2.cnv.gov.ar/presentations/publicview/1854f457-4678-4d3d-9a07-9b9b5fcec2f3
30501290323,Cia Introductora de Bs As,8dec6f6d-9b4c-4939-9fb4-4afa9cb83a33,Estados Contables,eeff,https://aif2.cnv.gov.ar/presentations/publicview/8dec6f6d-9b4c-4939-9fb4-4afa9cb83a33
30501290323,Cia Introductora de Bs As,f19f375f-ab26-443e-9d2b-4d70afbb12cb,Estados Contables,eeff,https://aif2.cnv.gov.ar/presentations/publicview/f19f375f-ab26-443e-9d2b-4d70afbb12cb
30501290323,Cia Introductora de Bs As,01aa01a9-45f6-4dcc-889b-aed1a31b3c8d,Estados Contables,eeff,https://aif2.cnv.gov.ar/presentations/publicview/01aa01a9-45f6-4dcc-889b-aed1a31b3c8d
30501290323,Cia Introductora de Bs As,dd1cde01-5fa6-4739-a6da-651c6f9590cf,Estados Contables,eeff,https://aif2.cnv.gov.ar/presentations/publicview/dd1cde01-5fa6-4739-a6da-651c6f9590cf
30501290323,Cia Introductora de Bs As,955dc11d-570c-4358-a0ba-466652d1bbd5,Estados Contables,eeff,https://aif2.cnv.gov.ar/presentations/publicview/955dc11d-570c-4358-a0ba-466652d1bbd5
30501290323,Cia Introductora de Bs As,9405ec9d-aeb1-408d-9eb2-18a96e266900,Estados Contables,eeff,https://aif2.cnv.gov.ar/presentations/publicview/9405ec9d-aeb1-408d-9eb2-18a96e266900
30501290323,Cia Introductora de Bs As,d22a6454-0482-471b-bff4-790a1b3e6c5a,Estados Contables,eeff,https://aif2.cnv.gov.ar/presentations/publicview/d22a6454-0482-471b-bff4-790a1b3e6c5a
30501290323,Cia Introductora de Bs As,8e2551d5-2716-4513-a8e0-36bda643757d,Estados Contables,eeff,https://aif2.cnv.gov.ar/presentations/publicview/8e2551d5-2716-4513-a8e0-36bda643757d
30501290323,Cia Introductora de Bs As,ccc52313-72c9-4a38-a0b0-80e613b80c1c,Estados Contables,eeff,https://aif2.cnv.gov.ar/presentations/publicview/ccc52313-72c9-4a38-a0b0-80e613b80c1c
30501290323,Cia Introductora de Bs As,82d24396-b8f7-403e-9102-13c766b3c084,Estados Contables,eeff,https://aif2.cnv.gov.ar/presentations/publicview/82d24396-b8f7-403e-9102-13c766b3c084
30501290323,Cia Introductora de Bs As,2aef8d56-cb42-4a7b-83d8-6c31029b5730,Estados Contables,eeff,https://aif2.cnv.gov.ar/presentations/publicview/2aef8d56-cb42-4a7b-83d8-6c31029b5730
30501290323,Cia Introductora de Bs As,6b51e233-eaca-45b0-8b47-fe6a48d29432,Estados Contables,eeff,https://aif2.cnv.gov.ar/presentations/publicview/6b51e233-eaca-45b0-8b47-fe6a48d29432
30501290323,Cia Introductora de Bs As,ef9cfcd8-1cec-430a-a078-75687b7d046d,Estados Contables,eeff,https://aif2.cnv.gov.ar/presentations/publicview/ef9cfcd8-1cec-430a-a078-75687b7d046d
30501290323,Cia Introductora de Bs As,18d192fa-5250-44b6-bb36-8f4e69e7e8ba,Estados Contables,eeff,https://aif2.cnv.gov.ar/presentations/publicview/18d192fa-5250-44b6-bb36-8f4e69e7e8ba
30501290323,Cia Introductora de Bs As,c75a0c63-8571-44ab-9237-ac89d41f8ec7,Estados Contables,eeff,https://aif2.cnv.gov.ar/presentations/publicview/c75a0c63-8571-44ab-9237-ac89d41f8ec7
30501290323,Cia Introductora de Bs As,5c5938b6-fb3e-4889-a86e-dbe6f33fea2f,Estados Contables,eeff,https://aif2.cnv.gov.ar/presentations/publicview/5c5938b6-fb3e-4889-a86e-dbe6f33fea2f
30501290323,Cia Introductora de Bs As,8e8e14b4-c0b9-42bb-b63e-1694c908d19e,Estados Contables,eeff,https://aif2.cnv.gov.ar/presentations/publicview/8e8e14b4-c0b9-42bb-b63e-1694c908d19e
30501290323,Cia Introductora de Bs As,d04ee0e0-55d7-43c7-81b8-db15c777951b,Estados Contables,eeff,https://aif2.cnv.gov.ar/presentations/publicview/d04ee0e0-55d7-43c7-81b8-db15c777951b
30501290323,Cia Introductora de Bs As,874841f3-b8b8-49b3-bfff-c948606e7d8b,Estados Contables,eeff,https://aif2.cnv.gov.ar/presentations/publicview/874841f3-b8b8-49b3-bfff-c948606e7d8b
30501290323,Cia Introductora de Bs As,f7a4456c-7acc-4df1-8bd6-52b467dcc404,Estados Contables,eeff,https://aif2.cnv.gov.ar/presentations/publicview/f7a4456c-7acc-4df1-8bd6-52b467dcc404
30501290323,Cia Introductora de Bs As,ff824006-b70b-43af-ae04-cba824eb7e7d,Estados Contables,eeff,https://aif2.cnv.gov.ar/presentations/publicview/ff824006-b70b-43af-ae04-cba824eb7e7d
30501290323,Cia Introductora de Bs As,7edd6e9c-bd96-452e-8e73-106776502344,Estados Contables,eeff,https://aif2.cnv.gov.ar/presentations/publicview/7edd6e9c-bd96-452e-8e73-106776502344
30501290323,Cia Introductora de Bs As,2bba7cdb-2793-49dc-a976-30d9b5b5d8f5,Estados Contables,eeff,https://aif2.cnv.gov.ar/presentations/publicview/2bba7cdb-2793-49dc-a976-30d9b5b5d8f5
30501290323,Cia Introductora de Bs As,5937376a-4a44-4897-82a6-2e13695c277b,Estados Contables,eeff,https://aif2.cnv.gov.ar/presentations/publicview/5937376a-4a44-4897-82a6-2e13695c277b
30501290323,Cia Introductora de Bs As,95b6f0cb-ddcb-423d-a1a1-5a1d7c813f56,Estados Contables,eeff,https://aif2.cnv.gov.ar/presentations/publicview/95b6f0cb-ddcb-423d-a1a1-5a1d7c813f56
30501290323,Cia Introductora de Bs As,6ebee932-6492-4ada-8946-2faaa5f52532,Estados Contables,eeff,https://aif2.cnv.gov.ar/presentations/publicview/6ebee932-6492-4ada-8946-2faaa5f52532
30501290323,Cia Introductora de Bs As,91060dc5-3af4-4380-98b2-7ac208b11e56,Estados Contables,eeff,https://aif2.cnv.gov.ar/presentations/publicview/91060dc5-3af4-4380-98b2-7ac208b11e56
30501290323,Cia Introductora de Bs As,37f6d223-da8d-479f-bece-238427208028,Estados Contables,eeff,https://aif2.cnv.gov.ar/presentations/publicview/37f6d223-da8d-479f-bece-238427208028
30501407093,INSTITUTO ROSENBUSCH S A DE BIOLOGÍA E Y A,04cc4940-50c4-45f0-8288-676d639b0090,Estados Contables,eeff,https://aif2.cnv.gov.ar/presentations/publicview/04cc4940-50c4-45f0-8288-676d639b0090
30501407093,INSTITUTO ROSENBUSCH S A DE BIOLOGÍA E Y A,65e11d5a-849a-4bb5-8c6e-abf04ba036c4,Estados Contables,eeff,https://aif2.cnv.gov.ar/presentations/publicview/65e11d5a-849a-4bb5-8c6e-abf04ba036c4
30501407093,INSTITUTO ROSENBUSCH S A DE BIOLOGÍA E Y A,20aabf38-ab8b-49f2-b7ba-4bf8a7230b42,Estados Contables,eeff,https://aif2.cnv.gov.ar/presentations/publicview/20aabf38-ab8b-49f2-b7ba-4bf8a7230b42
30501407093,INSTITUTO ROSENBUSCH S A DE BIOLOGÍA E Y A,23ad9c60-5ee8-4b9f-a7c3-4ce7e3b18d9a,Estados Contables,eeff,https://aif2.cnv.gov.ar/presentations/publicview/23ad9c60-5ee8-4b9f-a7c3-4ce7e3b18d9a
30501407093,INSTITUTO ROSENBUSCH S A DE BIOLOGÍA E Y A,1cc1bfe8-ad72-4ef0-a0fa-d847e118d407,Estados Contables,eeff,https://aif2.cnv.gov.ar/presentations/publicview/1cc1bfe8-ad72-4ef0-a0fa-d847e118d407
30501407093,INSTITUTO ROSENBUSCH S A DE BIOLOGÍA E Y A,a50222d5-fdc1-4ad1-8909-2a1ef96efaa4,Estados Contables,eeff,https://aif2.cnv.gov.ar/presentations/publicview/a50222d5-fdc1-4ad1-8909-2a1ef96efaa4
30501407093,INSTITUTO ROSENBUSCH S A DE BIOLOGÍA E Y A,02749087-44b6-4b5e-9d3e-0e8d269b1c68,Estados Contables,eeff,https://aif2.cnv.gov.ar/presentations/publicview/02749087-44b6-4b5e-9d3e-0e8d269b1c68
30501407093,INSTITUTO ROSENBUSCH S A DE BIOLOGÍA E Y A,48ef1741-bc76-4018-a730-3bf810e7050e,Estados Contables,eeff,https://aif2.cnv.gov.ar/presentations/publicview/48ef1741-bc76-4018-a730-3bf810e7050e
30501407093,INSTITUTO ROSENBUSCH S A DE BIOLOGÍA E Y A,85afc7a5-71d6-42ea-8477-572551969e02,Estados Contables,eeff,https://aif2.cnv.gov.ar/presentations/publicview/85afc7a5-71d6-42ea-8477-572551969e02
30501407093,INSTITUTO ROSENBUSCH S A DE BIOLOGÍA E Y A,117a205f-bc46-4935-a95f-50f5628e47b1,Estados Contables,eeff,https://aif2.cnv.gov.ar/presentations/publicview/117a205f-bc46-4935-a95f-50f5628e47b1
30501407093,INSTITUTO ROSENBUSCH S A DE BIOLOGÍA E Y A,fb3afddd-e656-4d29-92d7-7804de50ed2d,Estados Contables,eeff,https://aif2.cnv.gov.ar/presentations/publicview/fb3afddd-e656-4d29-92d7-7804de50ed2d
30501407093,INSTITUTO ROSENBUSCH S A DE BIOLOGÍA E Y A,672919ec-7793-4b4e-ae05-cb37dfcdafcc,Estados Contables,eeff,https://aif2.cnv.gov.ar/presentations/publicview/672919ec-7793-4b4e-ae05-cb37dfcdafcc
30501407093,INSTITUTO ROSENBUSCH S A DE BIOLOGÍA E Y A,119ba7fd-b88d-4ac8-a4fb-3282599d08be,Estados Contables,eeff,https://aif2.cnv.gov.ar/presentations/publicview/119ba7fd-b88d-4ac8-a4fb-3282599d08be
30501407093,INSTITUTO ROSENBUSCH S A DE BIOLOGÍA E Y A,7392fcdb-a903-4646-bfaf-36de357df158,Estados Contables,eeff,https://aif2.cnv.gov.ar/presentations/publicview/7392fcdb-a903-4646-bfaf-36de357df158
30501407093,INSTITUTO ROSENBUSCH S A DE BIOLOGÍA E Y A,abb54adb-ad8a-4801-a8fc-0ccd05ae6905,Estados Contables,eeff,https://aif2.cnv.gov.ar/presentations/publicview/abb54adb-ad8a-4801-a8fc-0ccd05ae6905
30501407093,INSTITUTO ROSENBUSCH S A DE BIOLOGÍA E Y A,b80030e6-8241-4694-8b94-daad3475cc62,Estados Contables,eeff,https://aif2.cnv.gov.ar/presentations/publicview/b80030e6-8241-4694-8b94-daad3475cc62
30501407093,INSTITUTO ROSENBUSCH S A DE BIOLOGÍA E Y A,85c0584c-2031-4c57-94d7-ef979a764454,Estados Contables,eeff,https://aif2.cnv.gov.ar/presentations/publicview/85c0584c-2031-4c57-94d7-ef979a764454
30501407093,INSTITUTO ROSENBUSCH S A DE BIOLOGÍA E Y A,3f8028ac-64e7-4231-8680-ff69b9b9fca4,Estados Contables,eeff,https://aif2.cnv.gov.ar/presentations/publicview/3f8028ac-64e7-4231-8680-ff69b9b9fca4
30501407093,INSTITUTO ROSENBUSCH S A DE BIOLOGÍA E Y A,1469c39b-6833-45e4-aba3-663dd79c0b4a,Estados Contables,eeff,https://aif2.cnv.gov.ar/presentations/publicview/1469c39b-6833-45e4-aba3-663dd79c0b4a
30501407093,INSTITUTO ROSENBUSCH S A DE BIOLOGÍA E Y A,d51fdc15-27e3-49ab-85c8-05e38025cb75,Estados Contables,eeff,https://aif2.cnv.gov.ar/presentations/publicview/d51fdc15-27e3-49ab-85c8-05e38025cb75
30501407093,INSTITUTO ROSENBUSCH S A DE BIOLOGÍA E Y A,759ae5cb-b3ad-4694-af75-694656619f1c,Estados Contables,eeff,https://aif2.cnv.gov.ar/presentations/publicview/759ae5cb-b3ad-4694-af75-694656619f1c
30501407093,INSTITUTO ROSENBUSCH S A DE BIOLOGÍA E Y A,fefc43b1-5e6d-452b-839e-ee1255a6b538,Estados Contables,eeff,https://aif2.cnv.gov.ar/presentations/publicview/fefc43b1-5e6d-452b-839e-ee1255a6b538
30501407093,INSTITUTO ROSENBUSCH S A DE BIOLOGÍA E Y A,07d7e9da-2f8a-4029-bb67-de8712734ca1,Estados Contables,eeff,https://aif2.cnv.gov.ar/presentations/publicview/07d7e9da-2f8a-4029-bb67-de8712734ca1
30501407093,INSTITUTO ROSENBUSCH S A DE BIOLOGÍA E Y A,d9f823e3-9e92-4893-9a8d-22d611d96eef,Estados Contables,eeff,https://aif2.cnv.gov.ar/presentations/publicview/d9f823e3-9e92-4893-9a8d-22d611d96eef
30501407093,INSTITUTO ROSENBUSCH S A DE BIOLOGÍA E Y A,f87d456f-908c-40e2-b3a2-493596362da9,Estados Contables,eeff,https://aif2.cnv.gov.ar/presentations/publicview/f87d456f-908c-40e2-b3a2-493596362da9
30501407093,INSTITUTO ROSENBUSCH S A DE BIOLOGÍA E Y A,2eece9dd-083a-4f67-abf9-cccc0fc360e4,Estados Contables,eeff,https://aif2.cnv.gov.ar/presentations/publicview/2eece9dd-083a-4f67-abf9-cccc0fc360e4
30501407093,INSTITUTO ROSENBUSCH S A DE BIOLOGÍA E Y A,99b6dfc3-443b-4811-bb52-e9c083ddb26b,Estados Contables,eeff,https://aif2.cnv.gov.ar/presentations/publicview/99b6dfc3-443b-4811-bb52-e9c083ddb26b
30501407093,INSTITUTO ROSENBUSCH S A DE BIOLOGÍA E Y A,00ffdee3-492d-480f-9887-25b18c4a8e4f,Estados Contables,eeff,https://aif2.cnv.gov.ar/presentations/publicview/00ffdee3-492d-480f-9887-25b18c4a8e4f
30501407093,INSTITUTO ROSENBUSCH S A DE BIOLOGÍA E Y A,c01b1499-8440-4a98-868e-6edaf8aa0d7a,Estados Contables,eeff,https://aif2.cnv.gov.ar/presentations/publicview/c01b1499-8440-4a98-868e-6edaf8aa0d7a
30501407093,INSTITUTO ROSENBUSCH S A DE BIOLOGÍA E Y A,cdf781cb-e28c-4765-9d25-a696bc17fa9b,Estados Contables,eeff,https://aif2.cnv.gov.ar/presentations/publicview/cdf781cb-e28c-4765-9d25-a696bc17fa9b
30501407093,INSTITUTO ROSENBUSCH S A DE BIOLOGÍA E Y A,ffce1f9f-babe-4e75-a77f-110dbf9c67c6,Estados Contables,eeff,https://aif2.cnv.gov.ar/presentations/publicview/ffce1f9f-babe-4e75-a77f-110dbf9c67c6
30501407093,INSTITUTO ROSENBUSCH S A DE BIOLOGÍA E Y A,229ed997-f99a-4e94-9e8a-3e1be7578d2f,Estados Contables,eeff,https://aif2.cnv.gov.ar/presentations/publicview/229ed997-f99a-4e94-9e8a-3e1be7578d2f
30501407093,INSTITUTO ROSENBUSCH S A DE BIOLOGÍA E Y A,77436062-fa54-40f0-b375-5a0e03e8919c,Estados Contables,eeff,https://aif2.cnv.gov.ar/presentations/publicview/77436062-fa54-40f0-b375-5a0e03e8919c
30501407093,INSTITUTO ROSENBUSCH S A DE BIOLOGÍA E Y A,59700a94-c92c-4427-a895-9a39e23c16c9,Estados Contables,eeff,https://aif2.cnv.gov.ar/presentations/publicview/59700a94-c92c-4427-a895-9a39e23c16c9
30501407093,INSTITUTO ROSENBUSCH S A DE BIOLOGÍA E Y A,6ce87223-4646-41f5-acac-5f2647527392,Estados Contables,eeff,https://aif2.cnv.gov.ar/presentations/publicview/6ce87223-4646-41f5-acac-5f2647527392
30501407093,INSTITUTO ROSENBUSCH S A DE BIOLOGÍA E Y A,37ee28e9-d84e-406c-be34-715841722ef2,Estados Contables,eeff,https://aif2.cnv.gov.ar/presentations/publicview/37ee28e9-d84e-406c-be34-715841722ef2
30501407093,INSTITUTO ROSENBUSCH S A DE BIOLOGÍA E Y A,b0970dda-7686-4152-b103-457d07c57e26,Estados Contables,eeff,https://aif2.cnv.gov.ar/presentations/publicview/b0970dda-7686-4152-b103-457d07c57e26
30501407093,INSTITUTO ROSENBUSCH S A DE BIOLOGÍA E Y A,dfed545f-d811-4679-afe8-b170096ccb55,Estados Contables,eeff,https://aif2.cnv.gov.ar/presentations/publicview/dfed545f-d811-4679-afe8-b170096ccb55
30501407093,INSTITUTO ROSENBUSCH S A DE BIOLOGÍA E Y A,9d1e8129-2d5d-49f5-ad7d-e5f848ce6061,Estados Contables,eeff,https://aif2.cnv.gov.ar/presentations/publicview/9d1e8129-2d5d-49f5-ad7d-e5f848ce6061
30501407093,INSTITUTO ROSENBUSCH S A DE BIOLOGÍA E Y A,5bc71ba7-17bf-4e54-bf59-9aad73b7ed56,Estados Contables,eeff,https://aif2.cnv.gov.ar/presentations/publicview/5bc71ba7-17bf-4e54-bf59-9aad73b7ed56
30501407093,INSTITUTO ROSENBUSCH S A DE BIOLOGÍA E Y A,7c7da80f-991a-4ae3-8438-a385b75c5e72,Estados Contables,eeff,https://aif2.cnv.gov.ar/presentations/publicview/7c7da80f-991a-4ae3-8438-a385b75c5e72
30501407093,INSTITUTO ROSENBUSCH S A DE BIOLOGÍA E Y A,31cda846-607c-4ab9-8989-2cb8692afe39,Estados Contables,eeff,https://aif2.cnv.gov.ar/presentations/publicview/31cda846-607c-4ab9-8989-2cb8692afe39
30501407093,INSTITUTO ROSENBUSCH S A DE BIOLOGÍA E Y A,8aa61755-c1a2-45d2-8c43-6b77dd8323b4,Estados Contables,eeff,https://aif2.cnv.gov.ar/presentations/publicview/8aa61755-c1a2-45d2-8c43-6b77dd8323b4
30501407093,INSTITUTO ROSENBUSCH S A DE BIOLOGÍA E Y A,7be9ccea-70c5-4aab-a3f2-62354b5f241e,Estados Contables,eeff,https://aif2.cnv.gov.ar/presentations/publicview/7be9ccea-70c5-4aab-a3f2-62354b5f241e
30501407093,INSTITUTO ROSENBUSCH S A DE BIOLOGÍA E Y A,98ca8794-9351-4e0a-8ba6-218c47dd64a0,Estados Contables,eeff,https://aif2.cnv.gov.ar/presentations/publicview/98ca8794-9351-4e0a-8ba6-218c47dd64a0
30501407093,INSTITUTO ROSENBUSCH S A DE BIOLOGÍA E Y A,36442350-9f88-4b55-9358-ff7b7e0eaea6,Estados Contables,eeff,https://aif2.cnv.gov.ar/presentations/publicview/36442350-9f88-4b55-9358-ff7b7e0eaea6
30501407093,INSTITUTO ROSENBUSCH S A DE BIOLOGÍA E Y A,de4336b3-963f-40a5-abd0-366af465908e,Estados Contables,eeff,https://aif2.cnv.gov.ar/presentations/publicview/de4336b3-963f-40a5-abd0-366af465908e
30501407093,INSTITUTO ROSENBUSCH S A DE BIOLOGÍA E Y A,11f895e8-2a61-496f-b46e-eda8c5240660,Estados Contables,eeff,https://aif2.cnv.gov.ar/presentations/publicview/11f895e8-2a61-496f-b46e-eda8c5240660
30501407093,INSTITUTO ROSENBUSCH S A DE BIOLOGÍA E Y A,7558bc58-b8d3-4751-ad90-f9229cd911c1,Estados Contables,eeff,https://aif2.cnv.gov.ar/presentations/publicview/7558bc58-b8d3-4751-ad90-f9229cd911c1
30501407093,INSTITUTO ROSENBUSCH S A DE BIOLOGÍA E Y A,031af0a8-8637-4eba-b795-e5ade2e5eae9,Estados Contables,eeff,https://aif2.cnv.gov.ar/presentations/publicview/031af0a8-8637-4eba-b795-e5ade2e5eae9
30501407093,INSTITUTO ROSENBUSCH S A DE BIOLOGÍA E Y A,a0a99a24-e4a2-4230-b7bb-0742daf22f18,Estados Contables,eeff,https://aif2.cnv.gov.ar/presentations/publicview/a0a99a24-e4a2-4230-b7bb-0742daf22f18
30501407093,INSTITUTO ROSENBUSCH S A DE BIOLOGÍA E Y A,969dd13f-4522-4221-b860-24ff4fc6e126,Estados Contables,eeff,https://aif2.cnv.gov.ar/presentations/publicview/969dd13f-4522-4221-b860-24ff4fc6e126
30501999470,Domec Cia de Artefactos Domesticos,93e751c4-e9bc-430a-a6c2-69e9d53cf336,Estados Contables,eeff,https://aif2.cnv.gov.ar/presentations/publicview/93e751c4-e9bc-430a-a6c2-69e9d53cf336
30501999470,Domec Cia de Artefactos Domesticos,0e6a38a8-1433-4438-9c24-92b5acc829a0,Estados Contables,eeff,https://aif2.cnv.gov.ar/presentations/publicview/0e6a38a8-1433-4438-9c24-92b5acc829a0
30501999470,Domec Cia de Artefactos Domesticos,a0222795-7faa-4121-8825-36f28c9d1bb5,Estados Contables,eeff,https://aif2.cnv.gov.ar/presentations/publicview/a0222795-7faa-4121-8825-36f28c9d1bb5
30501999470,Domec Cia de Artefactos Domesticos,fc78eb03-dedc-415e-ae09-b30c867d15d5,Estados Contables,eeff,https://aif2.cnv.gov.ar/presentations/publicview/fc78eb03-dedc-415e-ae09-b30c867d15d5
30501999470,Domec Cia de Artefactos Domesticos,c2e06e06-c722-444e-899c-0982a568d3b6,Estados Contables,eeff,https://aif2.cnv.gov.ar/presentations/publicview/c2e06e06-c722-444e-899c-0982a568d3b6
30501999470,Domec Cia de Artefactos Domesticos,ba65c803-f7b8-4d49-ba35-8221d3f72bbb,Estados Contables,eeff,https://aif2.cnv.gov.ar/presentations/publicview/ba65c803-f7b8-4d49-ba35-8221d3f72bbb
30501999470,Domec Cia de Artefactos Domesticos,66abfee9-8cb8-4aa2-bd81-57c570588fa7,Estados Contables,eeff,https://aif2.cnv.gov.ar/presentations/publicview/66abfee9-8cb8-4aa2-bd81-57c570588fa7
30501999470,Domec Cia de Artefactos Domesticos,4d8ff6c4-b9c7-412b-b242-2a34461e9657,Estados Contables,eeff,https://aif2.cnv.gov.ar/presentations/publicview/4d8ff6c4-b9c7-412b-b242-2a34461e9657
30501999470,Domec Cia de Artefactos Domesticos,1e1f3a91-98f2-4df4-be8d-ad4b95cde91b,Estados Contables,eeff,https://aif2.cnv.gov.ar/presentations/publicview/1e1f3a91-98f2-4df4-be8d-ad4b95cde91b
30501999470,Domec Cia de Artefactos Domesticos,00d42bbc-c7e7-4277-87db-0a91b6163185,Estados Contables,eeff,https://aif2.cnv.gov.ar/presentations/publicview/00d42bbc-c7e7-4277-87db-0a91b6163185
30501999470,Domec Cia de Artefactos Domesticos,e026a04c-97d0-4d95-9bf5-a91ab4a885d8,Estados Contables,eeff,https://aif2.cnv.gov.ar/presentations/publicview/e026a04c-97d0-4d95-9bf5-a91ab4a885d8
30501999470,Domec Cia de Artefactos Domesticos,57e4c35a-52d1-4808-803d-829da3689b57,Estados Contables,eeff,https://aif2.cnv.gov.ar/presentations/publicview/57e4c35a-52d1-4808-803d-829da3689b57
30501999470,Domec Cia de Artefactos Domesticos,6ef4ba88-9a48-4807-85c6-8ab1dfb831c7,Estados Contables,eeff,https://aif2.cnv.gov.ar/presentations/publicview/6ef4ba88-9a48-4807-85c6-8ab1dfb831c7
30501999470,Domec Cia de Artefactos Domesticos,2f996b37-baea-410b-a3ae-8532a0bfde8a,Estados Contables,eeff,https://aif2.cnv.gov.ar/presentations/publicview/2f996b37-baea-410b-a3ae-8532a0bfde8a
30501999470,Domec Cia de Artefactos Domesticos,b603923f-7417-43e8-80e8-a587bddf2195,Estados Contables,eeff,https://aif2.cnv.gov.ar/presentations/publicview/b603923f-7417-43e8-80e8-a587bddf2195
30501999470,Domec Cia de Artefactos Domesticos,bc83011a-b3c0-42a7-80e5-e1c873571131,Estados Contables,eeff,https://aif2.cnv.gov.ar/presentations/publicview/bc83011a-b3c0-42a7-80e5-e1c873571131
30501999470,Domec Cia de Artefactos Domesticos,66845e8d-1450-45b5-a3d6-38288c98d2bf,Estados Contables,eeff,https://aif2.cnv.gov.ar/presentations/publicview/66845e8d-1450-45b5-a3d6-38288c98d2bf
30501999470,Domec Cia de Artefactos Domesticos,ac92096a-5814-43ea-ae34-3c641d2de15a,Estados Contables,eeff,https://aif2.cnv.gov.ar/presentations/publicview/ac92096a-5814-43ea-ae34-3c641d2de15a
30501999470,Domec Cia de Artefactos Domesticos,c405cadb-db77-4051-9bcd-494f0927e237,Estados Contables,eeff,https://aif2.cnv.gov.ar/presentations/publicview/c405cadb-db77-4051-9bcd-494f0927e237
30501999470,Domec Cia de Artefactos Domesticos,9412a582-2ad0-459c-860d-81c3bab81ea5,Estados Contables,eeff,https://aif2.cnv.gov.ar/presentations/publicview/9412a582-2ad0-459c-860d-81c3bab81ea5
30501999470,Domec Cia de Artefactos Domesticos,9533bd97-dbfc-433b-945d-54f9502506ee,Estados Contables,eeff,https://aif2.cnv.gov.ar/presentations/publicview/9533bd97-dbfc-433b-945d-54f9502506ee
30501999470,Domec Cia de Artefactos Domesticos,f7728c35-ee90-4d54-aee3-8f5c59ba654e,Estados Contables,eeff,https://aif2.cnv.gov.ar/presentations/publicview/f7728c35-ee90-4d54-aee3-8f5c59ba654e
30501999470,Domec Cia de Artefactos Domesticos,9f0c5a5f-241e-48ba-a719-63ee513d906d,Estados Contables,eeff,https://aif2.cnv.gov.ar/presentations/publicview/9f0c5a5f-241e-48ba-a719-63ee513d906d
30501999470,Domec Cia de Artefactos Domesticos,d86e0ca9-268b-4141-b8ef-a1f2107f1a2d,Estados Contables,eeff,https://aif2.cnv.gov.ar/presentations/publicview/d86e0ca9-268b-4141-b8ef-a1f2107f1a2d
30501999470,Domec Cia de Artefactos Domesticos,dad3a5b1-279f-4b82-bb64-00c88d99b016,Estados Contables,eeff,https://aif2.cnv.gov.ar/presentations/publicview/dad3a5b1-279f-4b82-bb64-00c88d99b016
30501999470,Domec Cia de Artefactos Domesticos,738e5389-8a37-411a-b7b4-c1cf8812118d,Estados Contables,eeff,https://aif2.cnv.gov.ar/presentations/publicview/738e5389-8a37-411a-b7b4-c1cf8812118d
30501999470,Domec Cia de Artefactos Domesticos,02314e17-c107-44db-a482-fdfc74e8848d,Estados Contables,eeff,https://aif2.cnv.gov.ar/presentations/publicview/02314e17-c107-44db-a482-fdfc74e8848d
30501999470,Domec Cia de Artefactos Domesticos,d06fab43-8c68-4191-9906-00443a93c2f5,Estados Contables,eeff,https://aif2.cnv.gov.ar/presentations/publicview/d06fab43-8c68-4191-9906-00443a93c2f5
30501999470,Domec Cia de Artefactos Domesticos,b6af5321-a8b5-45ad-8369-8341a4abf39b,Estados Contables,eeff,https://aif2.cnv.gov.ar/presentations/publicview/b6af5321-a8b5-45ad-8369-8341a4abf39b
30502112259,Fiplasto S A,691e63e1-d3ff-4631-ae0d-9791fceaec69,Estados Contables,eeff,https://aif2.cnv.gov.ar/presentations/publicview/691e63e1-d3ff-4631-ae0d-9791fceaec69
30502112259,Fiplasto S A,f6ecebef-0c36-4c05-b40e-f3fa6f5026ed,Estados Contables,eeff,https://aif2.cnv.gov.ar/presentations/publicview/f6ecebef-0c36-4c05-b40e-f3fa6f5026ed
30502112259,Fiplasto S A,3af9154f-d8f9-4c3f-9d57-cc1a9f9becbe,Estados Contables,eeff,https://aif2.cnv.gov.ar/presentations/publicview/3af9154f-d8f9-4c3f-9d57-cc1a9f9becbe
30502112259,Fiplasto S A,c7f3a292-5a1a-49fc-9e0a-ce1a6d799263,Estados Contables,eeff,https://aif2.cnv.gov.ar/presentations/publicview/c7f3a292-5a1a-49fc-9e0a-ce1a6d799263
30502112259,Fiplasto S A,d776e1b2-88a2-462e-81fc-db98a826bc72,Estados Contables,eeff,https://aif2.cnv.gov.ar/presentations/publicview/d776e1b2-88a2-462e-81fc-db98a826bc72
30502112259,Fiplasto S A,2b7f086c-231e-4873-b792-02be3346c6a2,Estados Contables,eeff,https://aif2.cnv.gov.ar/presentations/publicview/2b7f086c-231e-4873-b792-02be3346c6a2
30502112259,Fiplasto S A,00753dc6-049b-493a-9ea1-17d263f9c339,Estados Contables,eeff,https://aif2.cnv.gov.ar/presentations/publicview/00753dc6-049b-493a-9ea1-17d263f9c339
30502112259,Fiplasto S A,729c6786-53ed-4eda-b179-d040ff7f6ffb,Estados Contables,eeff,https://aif2.cnv.gov.ar/presentations/publicview/729c6786-53ed-4eda-b179-d040ff7f6ffb
30502112259,Fiplasto S A,0961789c-ef64-4b19-8f93-dd95a6dd27b7,Estados Contables,eeff,https://aif2.cnv.gov.ar/presentations/publicview/0961789c-ef64-4b19-8f93-dd95a6dd27b7
30502112259,Fiplasto S A,2804a102-ff64-40b7-b85d-b6158168aa51,Estados Contables,eeff,https://aif2.cnv.gov.ar/presentations/publicview/2804a102-ff64-40b7-b85d-b6158168aa51
30502112259,Fiplasto S A,6dfe2a47-c5f6-41f9-a7bb-b841cecddb46,Estados Contables,eeff,https://aif2.cnv.gov.ar/presentations/publicview/6dfe2a47-c5f6-41f9-a7bb-b841cecddb46
30502112259,Fiplasto S A,e7831680-947e-4a77-8376-ee4dade1ae43,Estados Contables,eeff,https://aif2.cnv.gov.ar/presentations/publicview/e7831680-947e-4a77-8376-ee4dade1ae43
30502112259,Fiplasto S A,cb2f828b-196c-4195-abf9-c72cc51509ee,Estados Contables,eeff,https://aif2.cnv.gov.ar/presentations/publicview/cb2f828b-196c-4195-abf9-c72cc51509ee
30502112259,Fiplasto S A,9fc56611-c750-4967-b91a-2a25643112d0,Estados Contables,eeff,https://aif2.cnv.gov.ar/presentations/publicview/9fc56611-c750-4967-b91a-2a25643112d0
30502112259,Fiplasto S A,54348d8c-4775-4610-9666-61c0c338daba,Estados Contables,eeff,https://aif2.cnv.gov.ar/presentations/publicview/54348d8c-4775-4610-9666-61c0c338daba
30502112259,Fiplasto S A,77e95579-9985-40d1-bc3a-487efcccd617,Estados Contables,eeff,https://aif2.cnv.gov.ar/presentations/publicview/77e95579-9985-40d1-bc3a-487efcccd617
30502112259,Fiplasto S A,0574a447-760f-4782-850e-388b33c119bc,Estados Contables,eeff,https://aif2.cnv.gov.ar/presentations/publicview/0574a447-760f-4782-850e-388b33c119bc
30502112259,Fiplasto S A,ff0d8cd6-86c0-4943-a1f9-3b45413fb790,Estados Contables,eeff,https://aif2.cnv.gov.ar/presentations/publicview/ff0d8cd6-86c0-4943-a1f9-3b45413fb790
30502112259,Fiplasto S A,db02c653-8314-4fef-ad38-8a3d5cbe4cb3,Estados Contables,eeff,https://aif2.cnv.gov.ar/presentations/publicview/db02c653-8314-4fef-ad38-8a3d5cbe4cb3
30502112259,Fiplasto S A,04de1267-8f91-43b4-b061-c94f05ee823a,Estados Contables,eeff,https://aif2.cnv.gov.ar/presentations/publicview/04de1267-8f91-43b4-b061-c94f05ee823a
30502112259,Fiplasto S A,aa89d63a-2ca8-47a4-8fe8-34ed1b6e117d,Estados Contables,eeff,https://aif2.cnv.gov.ar/presentations/publicview/aa89d63a-2ca8-47a4-8fe8-34ed1b6e117d
30502112259,Fiplasto S A,9d908a1f-f0a5-4b03-9bc9-135184fd014c,Estados Contables,eeff,https://aif2.cnv.gov.ar/presentations/publicview/9d908a1f-f0a5-4b03-9bc9-135184fd014c
30502112259,Fiplasto S A,b303c5e3-d0fc-472d-b251-40d14a64f3f7,Estados Contables,eeff,https://aif2.cnv.gov.ar/presentations/publicview/b303c5e3-d0fc-472d-b251-40d14a64f3f7
30502112259,Fiplasto S A,203cb5d6-f90e-44fb-afe1-24fdf7a493d0,Estados Contables,eeff,https://aif2.cnv.gov.ar/presentations/publicview/203cb5d6-f90e-44fb-afe1-24fdf7a493d0
30502112259,Fiplasto S A,cf09335d-b1cc-4bb2-9788-9b787ae33465,Estados Contables,eeff,https://aif2.cnv.gov.ar/presentations/publicview/cf09335d-b1cc-4bb2-9788-9b787ae33465
30502112259,Fiplasto S A,facac442-2fce-4152-97ab-6a70be4758f0,Estados Contables,eeff,https://aif2.cnv.gov.ar/presentations/publicview/facac442-2fce-4152-97ab-6a70be4758f0
30502112259,Fiplasto S A,42bcd208-2cc6-437c-9c27-d1d712b96a8c,Estados Contables,eeff,https://aif2.cnv.gov.ar/presentations/publicview/42bcd208-2cc6-437c-9c27-d1d712b96a8c
30502112259,Fiplasto S A,5e028a6c-7c37-4866-8ad1-f2a0cd8c1cf5,Estados Contables,eeff,https://aif2.cnv.gov.ar/presentations/publicview/5e028a6c-7c37-4866-8ad1-f2a0cd8c1cf5
30502112259,Fiplasto S A,ee2eea08-d6fa-4864-90e9-17431eadc4c4,Estados Contables,eeff,https://aif2.cnv.gov.ar/presentations/publicview/ee2eea08-d6fa-4864-90e9-17431eadc4c4
30502112259,Fiplasto S A,875667df-5377-4fd4-a5b2-7e9ebe36871a,Estados Contables,eeff,https://aif2.cnv.gov.ar/presentations/publicview/875667df-5377-4fd4-a5b2-7e9ebe36871a
30502112259,Fiplasto S A,0bd18b2c-80c5-4d7c-b871-7f85739e2e72,Estados Contables,eeff,https://aif2.cnv.gov.ar/presentations/publicview/0bd18b2c-80c5-4d7c-b871-7f85739e2e72
30502112259,Fiplasto S A,671ac9aa-17c5-4eb1-8f83-0754fdea4356,Estados Contables,eeff,https://aif2.cnv.gov.ar/presentations/publicview/671ac9aa-17c5-4eb1-8f83-0754fdea4356
30502112259,Fiplasto S A,cbcdd201-428f-49e6-98a1-ae5fb53d139c,Estados Contables,eeff,https://aif2.cnv.gov.ar/presentations/publicview/cbcdd201-428f-49e6-98a1-ae5fb53d139c
30503087967,Agrometal Sociedad Anonima Industrial,c6e28c46-a33f-4497-be18-d9cf276f1d7e,Estados Contables,eeff,https://aif2.cnv.gov.ar/presentations/publicview/c6e28c46-a33f-4497-be18-d9cf276f1d7e
30503087967,Agrometal Sociedad Anonima Industrial,14adc12b-b83c-44f4-9c3d-41be70789795,Estados Contables,eeff,https://aif2.cnv.gov.ar/presentations/publicview/14adc12b-b83c-44f4-9c3d-41be70789795
30503087967,Agrometal Sociedad Anonima Industrial,a26474ec-0089-419f-ae15-17fcd5159103,Estados Contables,eeff,https://aif2.cnv.gov.ar/presentations/publicview/a26474ec-0089-419f-ae15-17fcd5159103
30503087967,Agrometal Sociedad Anonima Industrial,5623e3e8-31fd-4abc-8d91-91db27572f0d,Estados Contables,eeff,https://aif2.cnv.gov.ar/presentations/publicview/5623e3e8-31fd-4abc-8d91-91db27572f0d
30503087967,Agrometal Sociedad Anonima Industrial,bf93a836-a9eb-4670-8c4a-9aacda5c25f2,Estados Contables,eeff,https://aif2.cnv.gov.ar/presentations/publicview/bf93a836-a9eb-4670-8c4a-9aacda5c25f2
30503087967,Agrometal Sociedad Anonima Industrial,e0ec1eca-8115-4408-aea9-688948b12606,Estados Contables,eeff,https://aif2.cnv.gov.ar/presentations/publicview/e0ec1eca-8115-4408-aea9-688948b12606
30503087967,Agrometal Sociedad Anonima Industrial,81191151-970f-4ef2-8f47-859c7b141afb,Estados Contables,eeff,https://aif2.cnv.gov.ar/presentations/publicview/81191151-970f-4ef2-8f47-859c7b141afb
30503087967,Agrometal Sociedad Anonima Industrial,e69df420-6d57-4514-87d6-53bd49231b6c,Estados Contables,eeff,https://aif2.cnv.gov.ar/presentations/publicview/e69df420-6d57-4514-87d6-53bd49231b6c
30503087967,Agrometal Sociedad Anonima Industrial,37fb5db8-558e-4667-80f4-51d1fbcfc5e0,Estados Contables,eeff,https://aif2.cnv.gov.ar/presentations/publicview/37fb5db8-558e-4667-80f4-51d1fbcfc5e0
30503087967,Agrometal Sociedad Anonima Industrial,08c28100-11f6-420c-bdd0-e249dddf8525,Estados Contables,eeff,https://aif2.cnv.gov.ar/presentations/publicview/08c28100-11f6-420c-bdd0-e249dddf8525
30503087967,Agrometal Sociedad Anonima Industrial,689cf1ce-eb91-4a23-bf69-cb5327fd5b3c,Estados Contables,eeff,https://aif2.cnv.gov.ar/presentations/publicview/689cf1ce-eb91-4a23-bf69-cb5327fd5b3c
30503087967,Agrometal Sociedad Anonima Industrial,ed4dce61-6116-4c98-838a-192e6a055c33,Estados Contables,eeff,https://aif2.cnv.gov.ar/presentations/publicview/ed4dce61-6116-4c98-838a-192e6a055c33
30503087967,Agrometal Sociedad Anonima Industrial,e0b91197-af1b-4c0d-8daf-b8dc7b24a312,Estados Contables,eeff,https://aif2.cnv.gov.ar/presentations/publicview/e0b91197-af1b-4c0d-8daf-b8dc7b24a312
30503087967,Agrometal Sociedad Anonima Industrial,3aba0870-6fee-4825-b090-9b54174497b0,Estados Contables,eeff,https://aif2.cnv.gov.ar/presentations/publicview/3aba0870-6fee-4825-b090-9b54174497b0
30503087967,Agrometal Sociedad Anonima Industrial,a8575379-4b1a-416a-a76a-7c0b49e48d5a,Estados Contables,eeff,https://aif2.cnv.gov.ar/presentations/publicview/a8575379-4b1a-416a-a76a-7c0b49e48d5a
30503087967,Agrometal Sociedad Anonima Industrial,b7c9d5a8-ce61-4027-b3b2-c665c6a2236c,Estados Contables,eeff,https://aif2.cnv.gov.ar/presentations/publicview/b7c9d5a8-ce61-4027-b3b2-c665c6a2236c
30503087967,Agrometal Sociedad Anonima Industrial,12f568a5-7df7-4c7c-b783-f2cc357be2d4,Estados Contables,eeff,https://aif2.cnv.gov.ar/presentations/publicview/12f568a5-7df7-4c7c-b783-f2cc357be2d4
30503087967,Agrometal Sociedad Anonima Industrial,ac08f274-8e7a-4133-aa8c-40ac7a824bb2,Estados Contables,eeff,https://aif2.cnv.gov.ar/presentations/publicview/ac08f274-8e7a-4133-aa8c-40ac7a824bb2
30503087967,Agrometal Sociedad Anonima Industrial,5437c40a-911d-44b1-9aef-0b613eb66ab0,Estados Contables,eeff,https://aif2.cnv.gov.ar/presentations/publicview/5437c40a-911d-44b1-9aef-0b613eb66ab0
30503087967,Agrometal Sociedad Anonima Industrial,84f6e457-fe38-48bf-89e4-d77bcedd1633,Estados Contables,eeff,https://aif2.cnv.gov.ar/presentations/publicview/84f6e457-fe38-48bf-89e4-d77bcedd1633
30503087967,Agrometal Sociedad Anonima Industrial,de2c20da-07e4-4ab2-ae0c-1f730fff4a45,Estados Contables,eeff,https://aif2.cnv.gov.ar/presentations/publicview/de2c20da-07e4-4ab2-ae0c-1f730fff4a45
30503087967,Agrometal Sociedad Anonima Industrial,2932736e-f6ae-413c-88cc-b441162155e9,Estados Contables,eeff,https://aif2.cnv.gov.ar/presentations/publicview/2932736e-f6ae-413c-88cc-b441162155e9
30503087967,Agrometal Sociedad Anonima Industrial,65f08905-17ad-49f5-ab6a-0ac194b9cffe,Estados Contables,eeff,https://aif2.cnv.gov.ar/presentations/publicview/65f08905-17ad-49f5-ab6a-0ac194b9cffe
30504249227,Carboclor S A Ex Sol Petroleo S A,50f1d61a-9e60-41c2-b844-3ef2e865894f,Estados Contables,eeff,https://aif2.cnv.gov.ar/presentations/publicview/50f1d61a-9e60-41c2-b844-3ef2e865894f
30504249227,Carboclor S A Ex Sol Petroleo S A,62701e26-9d90-418b-87b4-e509b3b2149a,Estados Contables,eeff,https://aif2.cnv.gov.ar/presentations/publicview/62701e26-9d90-418b-87b4-e509b3b2149a
30504249227,Carboclor S A Ex Sol Petroleo S A,4cfc6c33-7210-4017-a0be-61b26b295254,Estados Contables,eeff,https://aif2.cnv.gov.ar/presentations/publicview/4cfc6c33-7210-4017-a0be-61b26b295254
30504249227,Carboclor S A Ex Sol Petroleo S A,62f025ea-c826-47b3-8256-67ee5af3950a,Estados Contables,eeff,https://aif2.cnv.gov.ar/presentations/publicview/62f025ea-c826-47b3-8256-67ee5af3950a
30504249227,Carboclor S A Ex Sol Petroleo S A,5515ca60-c91c-4583-b327-780e06172702,Estados Contables,eeff,https://aif2.cnv.gov.ar/presentations/publicview/5515ca60-c91c-4583-b327-780e06172702
30504249227,Carboclor S A Ex Sol Petroleo S A,17621a9e-37d0-4c77-aa32-5af8ea96402e,Estados Contables,eeff,https://aif2.cnv.gov.ar/presentations/publicview/17621a9e-37d0-4c77-aa32-5af8ea96402e
30504249227,Carboclor S A Ex Sol Petroleo S A,ef9f61c5-7b1f-4988-80cf-5fa1ab3ee931,Estados Contables,eeff,https://aif2.cnv.gov.ar/presentations/publicview/ef9f61c5-7b1f-4988-80cf-5fa1ab3ee931
30504249227,Carboclor S A Ex Sol Petroleo S A,53b0c2cf-e727-4bbb-9f58-96eca963f224,Estados Contables,eeff,https://aif2.cnv.gov.ar/presentations/publicview/53b0c2cf-e727-4bbb-9f58-96eca963f224
30504249227,Carboclor S A Ex Sol Petroleo S A,59dcb949-7d69-47b1-a2f6-c59e4cb44ec4,Estados Contables,eeff,https://aif2.cnv.gov.ar/presentations/publicview/59dcb949-7d69-47b1-a2f6-c59e4cb44ec4
30504249227,Carboclor S A Ex Sol Petroleo S A,15d0e972-87e4-4799-a8be-2f77341ea845,Estados Contables,eeff,https://aif2.cnv.gov.ar/presentations/publicview/15d0e972-87e4-4799-a8be-2f77341ea845
30504249227,Carboclor S A Ex Sol Petroleo S A,2e25b00d-42f7-41fd-ad9e-d29ff80c4aef,Estados Contables,eeff,https://aif2.cnv.gov.ar/presentations/publicview/2e25b00d-42f7-41fd-ad9e-d29ff80c4aef
30504249227,Carboclor S A Ex Sol Petroleo S A,776da1db-6dee-440e-b644-970745066225,Estados Contables,eeff,https://aif2.cnv.gov.ar/presentations/publicview/776da1db-6dee-440e-b644-970745066225
30504249227,Carboclor S A Ex Sol Petroleo S A,dd9c2192-4698-404b-8185-f03895b25b0a,Estados Contables,eeff,https://aif2.cnv.gov.ar/presentations/publicview/dd9c2192-4698-404b-8185-f03895b25b0a
30504249227,Carboclor S A Ex Sol Petroleo S A,5464885d-efa0-4bc1-ae92-2147b2660c61,Estados Contables,eeff,https://aif2.cnv.gov.ar/presentations/publicview/5464885d-efa0-4bc1-ae92-2147b2660c61
30504249227,Carboclor S A Ex Sol Petroleo S A,f5b6590e-cc69-446c-8b14-fa68650c155f,Estados Contables,eeff,https://aif2.cnv.gov.ar/presentations/publicview/f5b6590e-cc69-446c-8b14-fa68650c155f
30504249227,Carboclor S A Ex Sol Petroleo S A,8a8e2e0c-a9c0-46f6-8f67-f32d48da78f6,Estados Contables,eeff,https://aif2.cnv.gov.ar/presentations/publicview/8a8e2e0c-a9c0-46f6-8f67-f32d48da78f6
30504249227,Carboclor S A Ex Sol Petroleo S A,03309201-244b-4144-bf97-d79ea848fa01,Estados Contables,eeff,https://aif2.cnv.gov.ar/presentations/publicview/03309201-244b-4144-bf97-d79ea848fa01
30504249227,Carboclor S A Ex Sol Petroleo S A,ce86d6f4-0ef6-42b1-a71f-dcf2abb9622f,Estados Contables,eeff,https://aif2.cnv.gov.ar/presentations/publicview/ce86d6f4-0ef6-42b1-a71f-dcf2abb9622f
30504249227,Carboclor S A Ex Sol Petroleo S A,b4523401-920b-4121-8127-a79e331c3d9d,Estados Contables,eeff,https://aif2.cnv.gov.ar/presentations/publicview/b4523401-920b-4121-8127-a79e331c3d9d
30504249227,Carboclor S A Ex Sol Petroleo S A,98ca8cf9-4efd-4f0d-8ccd-8bf37e05a809,Estados Contables,eeff,https://aif2.cnv.gov.ar/presentations/publicview/98ca8cf9-4efd-4f0d-8ccd-8bf37e05a809
30504249227,Carboclor S A Ex Sol Petroleo S A,ab5240f2-201f-4196-992c-93d6506cde9d,Estados Contables,eeff,https://aif2.cnv.gov.ar/presentations/publicview/ab5240f2-201f-4196-992c-93d6506cde9d
30504249227,Carboclor S A Ex Sol Petroleo S A,b9f85dc9-574c-4860-a467-655d8a61368c,Estados Contables,eeff,https://aif2.cnv.gov.ar/presentations/publicview/b9f85dc9-574c-4860-a467-655d8a61368c
30504249227,Carboclor S A Ex Sol Petroleo S A,58f6129d-8e40-4ae0-ac30-2542f9b97d19,Estados Contables,eeff,https://aif2.cnv.gov.ar/presentations/publicview/58f6129d-8e40-4ae0-ac30-2542f9b97d19
30504249227,Carboclor S A Ex Sol Petroleo S A,86d8ec6b-2de4-4d38-a958-a63ca5a09733,Estados Contables,eeff,https://aif2.cnv.gov.ar/presentations/publicview/86d8ec6b-2de4-4d38-a958-a63ca5a09733
30504249227,Carboclor S A Ex Sol Petroleo S A,37966a96-caf1-4e34-8e6e-63b63c3394be,Estados Contables,eeff,https://aif2.cnv.gov.ar/presentations/publicview/37966a96-caf1-4e34-8e6e-63b63c3394be
30504249227,Carboclor S A Ex Sol Petroleo S A,c026451d-0bb3-4a57-8a84-291b3069c02b,Estados Contables,eeff,https://aif2.cnv.gov.ar/presentations/publicview/c026451d-0bb3-4a57-8a84-291b3069c02b
30504249227,Carboclor S A Ex Sol Petroleo S A,47749ffb-c3aa-4e56-8108-e06b174334d8,Estados Contables,eeff,https://aif2.cnv.gov.ar/presentations/publicview/47749ffb-c3aa-4e56-8108-e06b174334d8
30504249227,Carboclor S A Ex Sol Petroleo S A,5dba26b2-7081-4639-920e-1fc0e92dfe15,Estados Contables,eeff,https://aif2.cnv.gov.ar/presentations/publicview/5dba26b2-7081-4639-920e-1fc0e92dfe15
30504249227,Carboclor S A Ex Sol Petroleo S A,ff111f51-8418-40f9-a40c-239365f689da,Estados Contables,eeff,https://aif2.cnv.gov.ar/presentations/publicview/ff111f51-8418-40f9-a40c-239365f689da
30504249227,Carboclor S A Ex Sol Petroleo S A,33db325c-ae2c-4a97-9e53-4d3f500195db,Estados Contables,eeff,https://aif2.cnv.gov.ar/presentations/publicview/33db325c-ae2c-4a97-9e53-4d3f500195db
30506730038,S A Importadora y Exp de La Patagonia,1d430682-98b8-4895-96bb-9dc9e2183102,Estados Contables,eeff,https://aif2.cnv.gov.ar/presentations/publicview/1d430682-98b8-4895-96bb-9dc9e2183102
30506730038,S A Importadora y Exp de La Patagonia,22c0c15d-bc9b-48b6-92e2-b9b6458036a7,Estados Contables,eeff,https://aif2.cnv.gov.ar/presentations/publicview/22c0c15d-bc9b-48b6-92e2-b9b6458036a7
30506730038,S A Importadora y Exp de La Patagonia,0160b890-a1b4-40d2-b63d-6e67f77e73f8,Estados Contables,eeff,https://aif2.cnv.gov.ar/presentations/publicview/0160b890-a1b4-40d2-b63d-6e67f77e73f8
30506730038,S A Importadora y Exp de La Patagonia,e2ac2728-74ec-45eb-8f69-7c3733035b83,Estados Contables,eeff,https://aif2.cnv.gov.ar/presentations/publicview/e2ac2728-74ec-45eb-8f69-7c3733035b83
30506730038,S A Importadora y Exp de La Patagonia,88c5c60c-e5cd-4cd0-810e-cbf77780c648,Estados Contables,eeff,https://aif2.cnv.gov.ar/presentations/publicview/88c5c60c-e5cd-4cd0-810e-cbf77780c648
30506730038,S A Importadora y Exp de La Patagonia,19d44650-4eaf-4395-a359-3975c6bba42b,Estados Contables,eeff,https://aif2.cnv.gov.ar/presentations/publicview/19d44650-4eaf-4395-a359-3975c6bba42b
30506730038,S A Importadora y Exp de La Patagonia,5ed58596-665d-482b-9bac-6ad590b31fbc,Estados Contables,eeff,https://aif2.cnv.gov.ar/presentations/publicview/5ed58596-665d-482b-9bac-6ad590b31fbc
30506730038,S A Importadora y Exp de La Patagonia,bd5ff462-5aa8-48bb-8eec-74660207c194,Estados Contables,eeff,https://aif2.cnv.gov.ar/presentations/publicview/bd5ff462-5aa8-48bb-8eec-74660207c194
30506730038,S A Importadora y Exp de La Patagonia,46137481-d4ac-421d-8e9d-643f8e2f6d82,Estados Contables,eeff,https://aif2.cnv.gov.ar/presentations/publicview/46137481-d4ac-421d-8e9d-643f8e2f6d82
30506730038,S A Importadora y Exp de La Patagonia,6372c14b-7bf3-4010-ae44-98a617e614a4,Estados Contables,eeff,https://aif2.cnv.gov.ar/presentations/publicview/6372c14b-7bf3-4010-ae44-98a617e614a4
30506730038,S A Importadora y Exp de La Patagonia,5274996d-28a8-458b-bde9-3d884ea55ab2,Estados Contables,eeff,https://aif2.cnv.gov.ar/presentations/publicview/5274996d-28a8-458b-bde9-3d884ea55ab2
30506730038,S A Importadora y Exp de La Patagonia,0d4e95b3-b8fc-4fb3-a7a4-7f32ba8e5550,Estados Contables,eeff,https://aif2.cnv.gov.ar/presentations/publicview/0d4e95b3-b8fc-4fb3-a7a4-7f32ba8e5550
30506730038,S A Importadora y Exp de La Patagonia,f245bcea-bae3-4cf1-8a31-cec34997d190,Estados Contables,eeff,https://aif2.cnv.gov.ar/presentations/publicview/f245bcea-bae3-4cf1-8a31-cec34997d190
30506730038,S A Importadora y Exp de La Patagonia,35cd9fa3-45f6-487e-a33d-9e430265aade,Estados Contables,eeff,https://aif2.cnv.gov.ar/presentations/publicview/35cd9fa3-45f6-487e-a33d-9e430265aade
30506730038,S A Importadora y Exp de La Patagonia,e8b874dc-ed6f-4989-9f96-c83fda09fa27,Estados Contables,eeff,https://aif2.cnv.gov.ar/presentations/publicview/e8b874dc-ed6f-4989-9f96-c83fda09fa27
30506730038,S A Importadora y Exp de La Patagonia,e1d47137-9588-47eb-98ae-1ce11ecb4010,Estados Contables,eeff,https://aif2.cnv.gov.ar/presentations/publicview/e1d47137-9588-47eb-98ae-1ce11ecb4010
30506730038,S A Importadora y Exp de La Patagonia,e40de5d4-cc93-4898-9418-3622a22c803d,Estados Contables,eeff,https://aif2.cnv.gov.ar/presentations/publicview/e40de5d4-cc93-4898-9418-3622a22c803d
30506730038,S A Importadora y Exp de La Patagonia,82f22395-390d-458f-883e-4352f4711dbb,Estados Contables,eeff,https://aif2.cnv.gov.ar/presentations/publicview/82f22395-390d-458f-883e-4352f4711dbb
30506730038,S A Importadora y Exp de La Patagonia,3371f120-dad4-4a56-8d14-312835f012e6,Estados Contables,eeff,https://aif2.cnv.gov.ar/presentations/publicview/3371f120-dad4-4a56-8d14-312835f012e6
30506730038,S A Importadora y Exp de La Patagonia,649367e2-ff39-437a-a374-56e5409ea05e,Estados Contables,eeff,https://aif2.cnv.gov.ar/presentations/publicview/649367e2-ff39-437a-a374-56e5409ea05e
30506730038,S A Importadora y Exp de La Patagonia,bcae5eb1-92b5-42ce-bfdb-ec9aefb13542,Estados Contables,eeff,https://aif2.cnv.gov.ar/presentations/publicview/bcae5eb1-92b5-42ce-bfdb-ec9aefb13542
30506730038,S A Importadora y Exp de La Patagonia,afc94978-e2e0-4564-acd7-92229d718bc3,Estados Contables,eeff,https://aif2.cnv.gov.ar/presentations/publicview/afc94978-e2e0-4564-acd7-92229d718bc3
30506730038,S A Importadora y Exp de La Patagonia,cb6be9b7-4afb-4a90-9355-efede5ef9ffe,Estados Contables,eeff,https://aif2.cnv.gov.ar/presentations/publicview/cb6be9b7-4afb-4a90-9355-efede5ef9ffe
30509284861,Garovaglio y Zorraquin S A,76f2d4a1-ad1f-44b5-ad80-8906dc5b645a,Estados Contables,eeff,https://aif2.cnv.gov.ar/presentations/publicview/76f2d4a1-ad1f-44b5-ad80-8906dc5b645a
30509284861,Garovaglio y Zorraquin S A,8c1ba761-3909-4caa-8d5f-8e751774f238,Estados Contables,eeff,https://aif2.cnv.gov.ar/presentations/publicview/8c1ba761-3909-4caa-8d5f-8e751774f238
30509284861,Garovaglio y Zorraquin S A,70879705-8d4a-42f1-a289-883767d5bb07,Estados Contables,eeff,https://aif2.cnv.gov.ar/presentations/publicview/70879705-8d4a-42f1-a289-883767d5bb07
30509284861,Garovaglio y Zorraquin S A,ff9e0ce7-a2e5-4079-aaef-e6d75b380064,Estados Contables,eeff,https://aif2.cnv.gov.ar/presentations/publicview/ff9e0ce7-a2e5-4079-aaef-e6d75b380064
30509284861,Garovaglio y Zorraquin S A,51104852-a18d-4f20-8314-00b7d690a619,Estados Contables,eeff,https://aif2.cnv.gov.ar/presentations/publicview/51104852-a18d-4f20-8314-00b7d690a619
30509284861,Garovaglio y Zorraquin S A,e0161c25-da65-4d43-a878-10972c73af71,Estados Contables,eeff,https://aif2.cnv.gov.ar/presentations/publicview/e0161c25-da65-4d43-a878-10972c73af71
30509284861,Garovaglio y Zorraquin S A,38b5a907-da83-43d9-882f-04e84c0a8439,Estados Contables,eeff,https://aif2.cnv.gov.ar/presentations/publicview/38b5a907-da83-43d9-882f-04e84c0a8439
30509284861,Garovaglio y Zorraquin S A,7af2a0ab-d546-4edc-b44c-cdf52c6cbba8,Estados Contables,eeff,https://aif2.cnv.gov.ar/presentations/publicview/7af2a0ab-d546-4edc-b44c-cdf52c6cbba8
30509284861,Garovaglio y Zorraquin S A,62f06f53-ff95-4867-abca-6d70d844baaa,Estados Contables,eeff,https://aif2.cnv.gov.ar/presentations/publicview/62f06f53-ff95-4867-abca-6d70d844baaa
30509284861,Garovaglio y Zorraquin S A,7f1bfc7f-ae3d-466c-98d7-c2a750df5c86,Estados Contables,eeff,https://aif2.cnv.gov.ar/presentations/publicview/7f1bfc7f-ae3d-466c-98d7-c2a750df5c86
30509284861,Garovaglio y Zorraquin S A,82065c6d-feb4-40d2-917f-513247bf799f,Estados Contables,eeff,https://aif2.cnv.gov.ar/presentations/publicview/82065c6d-feb4-40d2-917f-513247bf799f
30509284861,Garovaglio y Zorraquin S A,9d390227-fbde-4e0e-919b-aa3ae6b12c58,Estados Contables,eeff,https://aif2.cnv.gov.ar/presentations/publicview/9d390227-fbde-4e0e-919b-aa3ae6b12c58
30509284861,Garovaglio y Zorraquin S A,d2086739-4a9b-4552-832b-1ff6504f739c,Estados Contables,eeff,https://aif2.cnv.gov.ar/presentations/publicview/d2086739-4a9b-4552-832b-1ff6504f739c
30509284861,Garovaglio y Zorraquin S A,8e88602c-f7e3-4e93-93fd-f7e365dde84e,Estados Contables,eeff,https://aif2.cnv.gov.ar/presentations/publicview/8e88602c-f7e3-4e93-93fd-f7e365dde84e
30509284861,Garovaglio y Zorraquin S A,c9582c86-a364-478f-bfa2-2f3707968edc,Estados Contables,eeff,https://aif2.cnv.gov.ar/presentations/publicview/c9582c86-a364-478f-bfa2-2f3707968edc
30509284861,Garovaglio y Zorraquin S A,1698f7aa-eba4-469f-b267-b8793b662041,Estados Contables,eeff,https://aif2.cnv.gov.ar/presentations/publicview/1698f7aa-eba4-469f-b267-b8793b662041
30509284861,Garovaglio y Zorraquin S A,f4fb0610-5a3e-48fa-8b22-09a899d50614,Estados Contables,eeff,https://aif2.cnv.gov.ar/presentations/publicview/f4fb0610-5a3e-48fa-8b22-09a899d50614
30509284861,Garovaglio y Zorraquin S A,9fc879db-4323-433a-bd4b-9540533cff57,Estados Contables,eeff,https://aif2.cnv.gov.ar/presentations/publicview/9fc879db-4323-433a-bd4b-9540533cff57
30509284861,Garovaglio y Zorraquin S A,29d9d7c3-c97e-4cac-a5b2-566ce7d20777,Estados Contables,eeff,https://aif2.cnv.gov.ar/presentations/publicview/29d9d7c3-c97e-4cac-a5b2-566ce7d20777
30509284861,Garovaglio y Zorraquin S A,0a40da9b-fbd0-45c5-b1b1-04f265334c31,Estados Contables,eeff,https://aif2.cnv.gov.ar/presentations/publicview/0a40da9b-fbd0-45c5-b1b1-04f265334c31
30509284861,Garovaglio y Zorraquin S A,6bd3be17-90b8-4141-9b49-db1050e761a1,Estados Contables,eeff,https://aif2.cnv.gov.ar/presentations/publicview/6bd3be17-90b8-4141-9b49-db1050e761a1
30509284861,Garovaglio y Zorraquin S A,957bf0da-7bae-4ab6-a051-660527570522,Estados Contables,eeff,https://aif2.cnv.gov.ar/presentations/publicview/957bf0da-7bae-4ab6-a051-660527570522
30509284861,Garovaglio y Zorraquin S A,1ab5780d-b572-453f-8e83-315798966b5a,Estados Contables,eeff,https://aif2.cnv.gov.ar/presentations/publicview/1ab5780d-b572-453f-8e83-315798966b5a
30509284861,Garovaglio y Zorraquin S A,651c0dc8-9f00-4f79-919b-70f69d7d9c76,Estados Contables,eeff,https://aif2.cnv.gov.ar/presentations/publicview/651c0dc8-9f00-4f79-919b-70f69d7d9c76
30509284861,Garovaglio y Zorraquin S A,f3152c1f-9e32-4543-89ff-d87d8f164934,Estados Contables,eeff,https://aif2.cnv.gov.ar/presentations/publicview/f3152c1f-9e32-4543-89ff-d87d8f164934
30509284861,Garovaglio y Zorraquin S A,c4cc6068-d5ff-4cc4-9c06-65d509c844b7,Estados Contables,eeff,https://aif2.cnv.gov.ar/presentations/publicview/c4cc6068-d5ff-4cc4-9c06-65d509c844b7
30509284861,Garovaglio y Zorraquin S A,f80beed3-e6ee-4b63-b472-d0ccdba32b7a,Estados Contables,eeff,https://aif2.cnv.gov.ar/presentations/publicview/f80beed3-e6ee-4b63-b472-d0ccdba32b7a
30509284861,Garovaglio y Zorraquin S A,4f4a279f-1b8d-4c13-b9ad-a01b2d371851,Estados Contables,eeff,https://aif2.cnv.gov.ar/presentations/publicview/4f4a279f-1b8d-4c13-b9ad-a01b2d371851
30509284861,Garovaglio y Zorraquin S A,a14204df-ad42-4a27-8e86-bfae60ebdeeb,Estados Contables,eeff,https://aif2.cnv.gov.ar/presentations/publicview/a14204df-ad42-4a27-8e86-bfae60ebdeeb
30509284861,Garovaglio y Zorraquin S A,2f9e387f-28c8-4a58-9d09-943e83abe712,Estados Contables,eeff,https://aif2.cnv.gov.ar/presentations/publicview/2f9e387f-28c8-4a58-9d09-943e83abe712
30509284861,Garovaglio y Zorraquin S A,d5fcb3c5-a880-4fcc-848d-8914758762ed,Estados Contables,eeff,https://aif2.cnv.gov.ar/presentations/publicview/d5fcb3c5-a880-4fcc-848d-8914758762ed
30509284861,Garovaglio y Zorraquin S A,56c69651-23d4-428c-9037-69f5b46a243c,Estados Contables,eeff,https://aif2.cnv.gov.ar/presentations/publicview/56c69651-23d4-428c-9037-69f5b46a243c
30509284861,Garovaglio y Zorraquin S A,3d2f53e8-3b53-42d5-bb91-e51e3f48e407,Estados Contables,eeff,https://aif2.cnv.gov.ar/presentations/publicview/3d2f53e8-3b53-42d5-bb91-e51e3f48e407
30509284861,Garovaglio y Zorraquin S A,ce589c1a-30e2-4de7-a475-db5a26fdcdc8,Estados Contables,eeff,https://aif2.cnv.gov.ar/presentations/publicview/ce589c1a-30e2-4de7-a475-db5a26fdcdc8
30509284861,Garovaglio y Zorraquin S A,7acc707f-e767-4596-977e-dafbf1286da8,Estados Contables,eeff,https://aif2.cnv.gov.ar/presentations/publicview/7acc707f-e767-4596-977e-dafbf1286da8
30509284861,Garovaglio y Zorraquin S A,81a4032e-d0c5-4da8-a2ea-8e3bdd78b214,Estados Contables,eeff,https://aif2.cnv.gov.ar/presentations/publicview/81a4032e-d0c5-4da8-a2ea-8e3bdd78b214
30509284861,Garovaglio y Zorraquin S A,4c72e733-37c5-442f-a28b-24502d6202d7,Estados Contables,eeff,https://aif2.cnv.gov.ar/presentations/publicview/4c72e733-37c5-442f-a28b-24502d6202d7
30509284861,Garovaglio y Zorraquin S A,1ef7fe96-b922-45e6-873f-368bd7a1d53a,Estados Contables,eeff,https://aif2.cnv.gov.ar/presentations/publicview/1ef7fe96-b922-45e6-873f-368bd7a1d53a
30509284861,Garovaglio y Zorraquin S A,96f357b5-6e36-4bc1-90df-a03d603aec9f,Estados Contables,eeff,https://aif2.cnv.gov.ar/presentations/publicview/96f357b5-6e36-4bc1-90df-a03d603aec9f
30509284861,Garovaglio y Zorraquin S A,8d87164c-7b82-448c-9daf-40c8d7168139,Estados Contables,eeff,https://aif2.cnv.gov.ar/presentations/publicview/8d87164c-7b82-448c-9daf-40c8d7168139
30509284861,Garovaglio y Zorraquin S A,f17dd117-f225-49ea-95f8-bf49b43c06c3,Estados Contables,eeff,https://aif2.cnv.gov.ar/presentations/publicview/f17dd117-f225-49ea-95f8-bf49b43c06c3
30509284861,Garovaglio y Zorraquin S A,dafb12d9-9de3-4d82-a81d-aa3d38cdea50,Estados Contables,eeff,https://aif2.cnv.gov.ar/presentations/publicview/dafb12d9-9de3-4d82-a81d-aa3d38cdea50
30509284861,Garovaglio y Zorraquin S A,f130496e-d6a3-40bc-b524-d03a45bc4d5c,Estados Contables,eeff,https://aif2.cnv.gov.ar/presentations/publicview/f130496e-d6a3-40bc-b524-d03a45bc4d5c
30509284861,Garovaglio y Zorraquin S A,d1f4a194-38e9-4588-98f7-d7a1f492e73d,Estados Contables,eeff,https://aif2.cnv.gov.ar/presentations/publicview/d1f4a194-38e9-4588-98f7-d7a1f492e73d
30509284861,Garovaglio y Zorraquin S A,548d2393-d636-4881-bc4a-547af250d3eb,Estados Contables,eeff,https://aif2.cnv.gov.ar/presentations/publicview/548d2393-d636-4881-bc4a-547af250d3eb
30509284861,Garovaglio y Zorraquin S A,c6556cef-43c0-4d62-96b0-5c6bccb0d4aa,Estados Contables,eeff,https://aif2.cnv.gov.ar/presentations/publicview/c6556cef-43c0-4d62-96b0-5c6bccb0d4aa
30509284861,Garovaglio y Zorraquin S A,bc48d954-4009-4b4d-b3ee-b4d250b4022e,Estados Contables,eeff,https://aif2.cnv.gov.ar/presentations/publicview/bc48d954-4009-4b4d-b3ee-b4d250b4022e
30509284861,Garovaglio y Zorraquin S A,0bf5e8ad-0eda-4d38-a3bf-237ff43cd39c,Estados Contables,eeff,https://aif2.cnv.gov.ar/presentations/publicview/0bf5e8ad-0eda-4d38-a3bf-237ff43cd39c
30509284861,Garovaglio y Zorraquin S A,a40ddf2f-577b-4008-99be-c9c6c4df4a50,Estados Contables,eeff,https://aif2.cnv.gov.ar/presentations/publicview/a40ddf2f-577b-4008-99be-c9c6c4df4a50
30509284861,Garovaglio y Zorraquin S A,1a4e5d85-23cc-4813-a742-f758534ffeb9,Estados Contables,eeff,https://aif2.cnv.gov.ar/presentations/publicview/1a4e5d85-23cc-4813-a742-f758534ffeb9
30509284861,Garovaglio y Zorraquin S A,99538e25-47a1-49fd-b4c2-ab5de19c7310,Estados Contables,eeff,https://aif2.cnv.gov.ar/presentations/publicview/99538e25-47a1-49fd-b4c2-ab5de19c7310
30509284861,Garovaglio y Zorraquin S A,0209fc2f-6a5e-422d-a153-5fbaabc500be,Estados Contables,eeff,https://aif2.cnv.gov.ar/presentations/publicview/0209fc2f-6a5e-422d-a153-5fbaabc500be
30509284861,Garovaglio y Zorraquin S A,41c3383a-8648-4823-8273-deec13ab2bcf,Estados Contables,eeff,https://aif2.cnv.gov.ar/presentations/publicview/41c3383a-8648-4823-8273-deec13ab2bcf
30509300700,Cresud SACIF Y A,d0d0d9a0-f0a2-499f-ae30-0a54b9701d58,Estados Contables,eeff,https://aif2.cnv.gov.ar/presentations/publicview/d0d0d9a0-f0a2-499f-ae30-0a54b9701d58
30509300700,Cresud SACIF Y A,3a1cf1c6-b628-46b8-a4bd-bc61e300c2dc,Estados Contables,eeff,https://aif2.cnv.gov.ar/presentations/publicview/3a1cf1c6-b628-46b8-a4bd-bc61e300c2dc
30509300700,Cresud SACIF Y A,4c0ae3e5-5830-4721-9e14-d2f5c689102d,Estados Contables,eeff,https://aif2.cnv.gov.ar/presentations/publicview/4c0ae3e5-5830-4721-9e14-d2f5c689102d
30509300700,Cresud SACIF Y A,d8ee4d38-44e8-4c74-82ab-068e8c3389c5,Estados Contables,eeff,https://aif2.cnv.gov.ar/presentations/publicview/d8ee4d38-44e8-4c74-82ab-068e8c3389c5
30509300700,Cresud SACIF Y A,c27aa0cd-f4cd-46e7-a9c6-908856fffb03,Estados Contables,eeff,https://aif2.cnv.gov.ar/presentations/publicview/c27aa0cd-f4cd-46e7-a9c6-908856fffb03
30509300700,Cresud SACIF Y A,e7b40e7a-d1c4-42be-85c5-415d18b95e57,Estados Contables,eeff,https://aif2.cnv.gov.ar/presentations/publicview/e7b40e7a-d1c4-42be-85c5-415d18b95e57
30509300700,Cresud SACIF Y A,a6412dd5-85d9-4c8f-8879-5d26f1769866,Estados Contables,eeff,https://aif2.cnv.gov.ar/presentations/publicview/a6412dd5-85d9-4c8f-8879-5d26f1769866
30509300700,Cresud SACIF Y A,ebdd4db8-cdbb-4bda-972d-666b4265c9ac,Estados Contables,eeff,https://aif2.cnv.gov.ar/presentations/publicview/ebdd4db8-cdbb-4bda-972d-666b4265c9ac
30509300700,Cresud SACIF Y A,5fbf137c-df09-45f2-b53b-8a19b699634a,Estados Contables,eeff,https://aif2.cnv.gov.ar/presentations/publicview/5fbf137c-df09-45f2-b53b-8a19b699634a
30509300700,Cresud SACIF Y A,7b6f30a0-4453-4033-83c9-0c6140e825e6,Estados Contables,eeff,https://aif2.cnv.gov.ar/presentations/publicview/7b6f30a0-4453-4033-83c9-0c6140e825e6
30509300700,Cresud SACIF Y A,702bc3eb-ad37-49b7-9f92-fe87924e5f2f,Estados Contables,eeff,https://aif2.cnv.gov.ar/presentations/publicview/702bc3eb-ad37-49b7-9f92-fe87924e5f2f
30509300700,Cresud SACIF Y A,d0a6e3d5-1ceb-4ee5-a368-47cd63c84316,Estados Contables,eeff,https://aif2.cnv.gov.ar/presentations/publicview/d0a6e3d5-1ceb-4ee5-a368-47cd63c84316
30509300700,Cresud SACIF Y A,dff4a571-ec56-4eb1-8588-36cb1d734051,Estados Contables,eeff,https://aif2.cnv.gov.ar/presentations/publicview/dff4a571-ec56-4eb1-8588-36cb1d734051
30509300700,Cresud SACIF Y A,d8fb7e8f-7c33-4955-84c5-395083d97f31,Estados Contables,eeff,https://aif2.cnv.gov.ar/presentations/publicview/d8fb7e8f-7c33-4955-84c5-395083d97f31
30509300700,Cresud SACIF Y A,43acd956-9627-4324-bcf1-16303e23d122,Estados Contables,eeff,https://aif2.cnv.gov.ar/presentations/publicview/43acd956-9627-4324-bcf1-16303e23d122
30509300700,Cresud SACIF Y A,d5ddd44b-3a17-42bf-b38b-92e453c244fb,Estados Contables,eeff,https://aif2.cnv.gov.ar/presentations/publicview/d5ddd44b-3a17-42bf-b38b-92e453c244fb
30509300700,Cresud SACIF Y A,85fb63c0-3886-46cb-ba0b-05ab6b5c11f1,Estados Contables,eeff,https://aif2.cnv.gov.ar/presentations/publicview/85fb63c0-3886-46cb-ba0b-05ab6b5c11f1
30509300700,Cresud SACIF Y A,0eff0750-b2d2-4bf1-9a77-a66fe01086f9,Estados Contables,eeff,https://aif2.cnv.gov.ar/presentations/publicview/0eff0750-b2d2-4bf1-9a77-a66fe01086f9
30509300700,Cresud SACIF Y A,0eeaff4d-88c8-4784-9f49-5172966e0980,Estados Contables,eeff,https://aif2.cnv.gov.ar/presentations/publicview/0eeaff4d-88c8-4784-9f49-5172966e0980
30509300700,Cresud SACIF Y A,b8a87644-ea06-41ac-b88f-bc1752039cda,Estados Contables,eeff,https://aif2.cnv.gov.ar/presentations/publicview/b8a87644-ea06-41ac-b88f-bc1752039cda
30509300700,Cresud SACIF Y A,6f2c95fb-287f-401a-bcc1-7c0650f2d3f4,Estados Contables,eeff,https://aif2.cnv.gov.ar/presentations/publicview/6f2c95fb-287f-401a-bcc1-7c0650f2d3f4
30509300700,Cresud SACIF Y A,7e217b7a-5d19-49af-9e32-225e144bd172,Estados Contables,eeff,https://aif2.cnv.gov.ar/presentations/publicview/7e217b7a-5d19-49af-9e32-225e144bd172
30509300700,Cresud SACIF Y A,5f9a0298-aa30-421d-bc09-a1a7ee175b4a,Estados Contables,eeff,https://aif2.cnv.gov.ar/presentations/publicview/5f9a0298-aa30-421d-bc09-a1a7ee175b4a
30509300700,Cresud SACIF Y A,f0e9a7bb-9fbc-41b9-9596-c5717a390c37,Estados Contables,eeff,https://aif2.cnv.gov.ar/presentations/publicview/f0e9a7bb-9fbc-41b9-9596-c5717a390c37
30509300700,Cresud SACIF Y A,074e86f2-bc57-4f9f-9001-edcbd3960c39,Estados Contables,eeff,https://aif2.cnv.gov.ar/presentations/publicview/074e86f2-bc57-4f9f-9001-edcbd3960c39
30509300700,Cresud SACIF Y A,8006d356-616a-407a-8eb4-74cdc368baeb,Estados Contables,eeff,https://aif2.cnv.gov.ar/presentations/publicview/8006d356-616a-407a-8eb4-74cdc368baeb
30509300700,Cresud SACIF Y A,d1aec066-64c1-4c25-a6ef-301cbc36c36f,Estados Contables,eeff,https://aif2.cnv.gov.ar/presentations/publicview/d1aec066-64c1-4c25-a6ef-301cbc36c36f
30509300700,Cresud SACIF Y A,6330a1a3-697b-4708-83f3-940d40ee2dff,Estados Contables,eeff,https://aif2.cnv.gov.ar/presentations/publicview/6330a1a3-697b-4708-83f3-940d40ee2dff
30509300700,Cresud SACIF Y A,909b6408-cb18-4746-ac21-6caa735de74c,Estados Contables,eeff,https://aif2.cnv.gov.ar/presentations/publicview/909b6408-cb18-4746-ac21-6caa735de74c
30509300700,Cresud SACIF Y A,81b380d5-bf36-4b46-9627-234f6f10152c,Estados Contables,eeff,https://aif2.cnv.gov.ar/presentations/publicview/81b380d5-bf36-4b46-9627-234f6f10152c
30509300700,Cresud SACIF Y A,95aa69eb-98a2-4aa3-ae4a-cf14504f36c9,Estados Contables,eeff,https://aif2.cnv.gov.ar/presentations/publicview/95aa69eb-98a2-4aa3-ae4a-cf14504f36c9
30509300700,Cresud SACIF Y A,8e1625e6-9eef-4369-9710-5c6998c1e56d,Estados Contables,eeff,https://aif2.cnv.gov.ar/presentations/publicview/8e1625e6-9eef-4369-9710-5c6998c1e56d
30509300700,Cresud SACIF Y A,b2681f63-1194-426c-92fd-a841ccd43de8,Estados Contables,eeff,https://aif2.cnv.gov.ar/presentations/publicview/b2681f63-1194-426c-92fd-a841ccd43de8
30509300700,Cresud SACIF Y A,397b0626-3424-4e44-a789-16ffdde3da3d,Estados Contables,eeff,https://aif2.cnv.gov.ar/presentations/publicview/397b0626-3424-4e44-a789-16ffdde3da3d
30511190238,S A San Miguel A G I C I y F,c569f426-080d-4454-839f-e1df7509aa64,Estados Contables,eeff,https://aif2.cnv.gov.ar/presentations/publicview/c569f426-080d-4454-839f-e1df7509aa64
30511190238,S A San Miguel A G I C I y F,f1ac3e0f-c730-47f3-a13e-ef12212c844d,Estados Contables,eeff,https://aif2.cnv.gov.ar/presentations/publicview/f1ac3e0f-c730-47f3-a13e-ef12212c844d
30511190238,S A San Miguel A G I C I y F,34bba9de-10e1-433c-9431-89e11471da48,Estados Contables,eeff,https://aif2.cnv.gov.ar/presentations/publicview/34bba9de-10e1-433c-9431-89e11471da48
30511190238,S A San Miguel A G I C I y F,b5bebbf4-972d-468d-ad9e-a9eaf3851cb5,Estados Contables,eeff,https://aif2.cnv.gov.ar/presentations/publicview/b5bebbf4-972d-468d-ad9e-a9eaf3851cb5
30511190238,S A San Miguel A G I C I y F,07832b11-352e-414a-b306-7b9f90a770be,Estados Contables,eeff,https://aif2.cnv.gov.ar/presentations/publicview/07832b11-352e-414a-b306-7b9f90a770be
30511190238,S A San Miguel A G I C I y F,01f846a5-09b4-45d7-b749-2015eb03c2da,Estados Contables,eeff,https://aif2.cnv.gov.ar/presentations/publicview/01f846a5-09b4-45d7-b749-2015eb03c2da
30511190238,S A San Miguel A G I C I y F,3301e1e6-0f51-438e-9cd1-8416506d6f4c,Estados Contables,eeff,https://aif2.cnv.gov.ar/presentations/publicview/3301e1e6-0f51-438e-9cd1-8416506d6f4c
30511190238,S A San Miguel A G I C I y F,794f2900-e040-468a-984f-80d8ee948c65,Estados Contables,eeff,https://aif2.cnv.gov.ar/presentations/publicview/794f2900-e040-468a-984f-80d8ee948c65
30511190238,S A San Miguel A G I C I y F,2c960e61-dc32-491d-9055-e2288edc47df,Estados Contables,eeff,https://aif2.cnv.gov.ar/presentations/publicview/2c960e61-dc32-491d-9055-e2288edc47df
30511190238,S A San Miguel A G I C I y F,c2ff34f8-ba68-4392-abb6-440b66e476aa,Estados Contables,eeff,https://aif2.cnv.gov.ar/presentations/publicview/c2ff34f8-ba68-4392-abb6-440b66e476aa
30511190238,S A San Miguel A G I C I y F,e9b43d7b-2ec6-4caf-8226-df2e0cc493a8,Estados Contables,eeff,https://aif2.cnv.gov.ar/presentations/publicview/e9b43d7b-2ec6-4caf-8226-df2e0cc493a8
30511190238,S A San Miguel A G I C I y F,c72ed176-b4b3-4238-a3a2-955a9544eedb,Estados Contables,eeff,https://aif2.cnv.gov.ar/presentations/publicview/c72ed176-b4b3-4238-a3a2-955a9544eedb
30511190238,S A San Miguel A G I C I y F,17d3b814-f7fe-4699-924e-972d272725d6,Estados Contables,eeff,https://aif2.cnv.gov.ar/presentations/publicview/17d3b814-f7fe-4699-924e-972d272725d6
30516888241,TERNIUM ARGENTINA S A,af760295-9768-477f-b92c-7413108d311d,Estados Contables,eeff,https://aif2.cnv.gov.ar/presentations/publicview/af760295-9768-477f-b92c-7413108d311d
30516888241,TERNIUM ARGENTINA S A,3b7e3131-70fe-4645-bc10-7e3018114654,Estados Contables,eeff,https://aif2.cnv.gov.ar/presentations/publicview/3b7e3131-70fe-4645-bc10-7e3018114654
30516888241,TERNIUM ARGENTINA S A,e2ae0a9d-cf52-4d07-8ba9-c269d63a4ec4,Estados Contables,eeff,https://aif2.cnv.gov.ar/presentations/publicview/e2ae0a9d-cf52-4d07-8ba9-c269d63a4ec4
30516888241,TERNIUM ARGENTINA S A,15256b46-6bac-4b2a-b88e-be3e4fd5518b,Estados Contables,eeff,https://aif2.cnv.gov.ar/presentations/publicview/15256b46-6bac-4b2a-b88e-be3e4fd5518b
30516888241,TERNIUM ARGENTINA S A,edfa42a3-61e2-4bf8-a634-dd5703c92c97,Estados Contables,eeff,https://aif2.cnv.gov.ar/presentations/publicview/edfa42a3-61e2-4bf8-a634-dd5703c92c97
30516888241,TERNIUM ARGENTINA S A,a42b064b-2644-47fb-a55a-b43fca99ec7e,Estados Contables,eeff,https://aif2.cnv.gov.ar/presentations/publicview/a42b064b-2644-47fb-a55a-b43fca99ec7e
30516888241,TERNIUM ARGENTINA S A,7d2a8f91-c25f-4c18-8108-09371d767d89,Estados Contables,eeff,https://aif2.cnv.gov.ar/presentations/publicview/7d2a8f91-c25f-4c18-8108-09371d767d89
30516888241,TERNIUM ARGENTINA S A,66f7d0f4-891e-4a64-ab10-1edeae9bd3c1,Estados Contables,eeff,https://aif2.cnv.gov.ar/presentations/publicview/66f7d0f4-891e-4a64-ab10-1edeae9bd3c1
30516888241,TERNIUM ARGENTINA S A,bff323ad-83a9-4b47-b9b1-7c5ef5798392,Estados Contables,eeff,https://aif2.cnv.gov.ar/presentations/publicview/bff323ad-83a9-4b47-b9b1-7c5ef5798392
30516888241,TERNIUM ARGENTINA S A,e9c29504-5f2a-4456-bbaf-6a13b4c140c0,Estados Contables,eeff,https://aif2.cnv.gov.ar/presentations/publicview/e9c29504-5f2a-4456-bbaf-6a13b4c140c0
30516888241,TERNIUM ARGENTINA S A,4fe4c5db-f23c-471d-b6c8-23da4b84f878,Estados Contables,eeff,https://aif2.cnv.gov.ar/presentations/publicview/4fe4c5db-f23c-471d-b6c8-23da4b84f878
30516888241,TERNIUM ARGENTINA S A,ed42106a-9b28-49ee-babd-987a91e2acf2,Estados Contables,eeff,https://aif2.cnv.gov.ar/presentations/publicview/ed42106a-9b28-49ee-babd-987a91e2acf2
30516888241,TERNIUM ARGENTINA S A,2650761e-9b6f-4939-b899-75ea64373640,Estados Contables,eeff,https://aif2.cnv.gov.ar/presentations/publicview/2650761e-9b6f-4939-b899-75ea64373640
30516888241,TERNIUM ARGENTINA S A,50c90e93-6d03-4b5d-9ed0-4c449ffcb939,Estados Contables,eeff,https://aif2.cnv.gov.ar/presentations/publicview/50c90e93-6d03-4b5d-9ed0-4c449ffcb939
30516888241,TERNIUM ARGENTINA S A,ec0757c5-940a-4c0a-8b25-9e89547b021a,Estados Contables,eeff,https://aif2.cnv.gov.ar/presentations/publicview/ec0757c5-940a-4c0a-8b25-9e89547b021a
30516888241,TERNIUM ARGENTINA S A,d811e7ec-1dc9-411a-b74b-a0fc9b0d4943,Estados Contables,eeff,https://aif2.cnv.gov.ar/presentations/publicview/d811e7ec-1dc9-411a-b74b-a0fc9b0d4943
30516888241,TERNIUM ARGENTINA S A,8e4be529-b85f-47cd-9b3d-4cbcfd5e0659,Estados Contables,eeff,https://aif2.cnv.gov.ar/presentations/publicview/8e4be529-b85f-47cd-9b3d-4cbcfd5e0659
30516888241,TERNIUM ARGENTINA S A,740c43a6-b228-4cbf-85d1-b2b428048638,Estados Contables,eeff,https://aif2.cnv.gov.ar/presentations/publicview/740c43a6-b228-4cbf-85d1-b2b428048638
30516888241,TERNIUM ARGENTINA S A,d9567dd7-ec1e-436b-bcdd-cdd8a46389e3,Estados Contables,eeff,https://aif2.cnv.gov.ar/presentations/publicview/d9567dd7-ec1e-436b-bcdd-cdd8a46389e3
30516888241,TERNIUM ARGENTINA S A,d4f541ff-231e-42a9-a17c-a3ebe6ca32a8,Estados Contables,eeff,https://aif2.cnv.gov.ar/presentations/publicview/d4f541ff-231e-42a9-a17c-a3ebe6ca32a8
30516888241,TERNIUM ARGENTINA S A,1514708f-a276-46da-9288-6d1dff974674,Estados Contables,eeff,https://aif2.cnv.gov.ar/presentations/publicview/1514708f-a276-46da-9288-6d1dff974674
30516888241,TERNIUM ARGENTINA S A,fd4ae9cb-5c92-44c5-997c-7410820cbc72,Estados Contables,eeff,https://aif2.cnv.gov.ar/presentations/publicview/fd4ae9cb-5c92-44c5-997c-7410820cbc72
30516888241,TERNIUM ARGENTINA S A,15ede25e-41a0-45fd-87ae-bc3e32dea6f2,Estados Contables,eeff,https://aif2.cnv.gov.ar/presentations/publicview/15ede25e-41a0-45fd-87ae-bc3e32dea6f2
30516888241,TERNIUM ARGENTINA S A,9c2702dd-441f-4f25-bff2-eca88a25f338,Estados Contables,eeff,https://aif2.cnv.gov.ar/presentations/publicview/9c2702dd-441f-4f25-bff2-eca88a25f338
30516888241,TERNIUM ARGENTINA S A,313661dd-8d00-4c08-872b-44f31cbc02a6,Estados Contables,eeff,https://aif2.cnv.gov.ar/presentations/publicview/313661dd-8d00-4c08-872b-44f31cbc02a6
30516888241,TERNIUM ARGENTINA S A,7050f868-9dcd-47b6-9a5b-85ec1a882a9d,Estados Contables,eeff,https://aif2.cnv.gov.ar/presentations/publicview/7050f868-9dcd-47b6-9a5b-85ec1a882a9d
30516888241,TERNIUM ARGENTINA S A,e9bcdde4-8b20-41e6-b3ad-a7bbba54fbe2,Estados Contables,eeff,https://aif2.cnv.gov.ar/presentations/publicview/e9bcdde4-8b20-41e6-b3ad-a7bbba54fbe2
30516888241,TERNIUM ARGENTINA S A,e60df073-c5ee-4bf2-928d-d86f5519fae1,Estados Contables,eeff,https://aif2.cnv.gov.ar/presentations/publicview/e60df073-c5ee-4bf2-928d-d86f5519fae1
30516888241,TERNIUM ARGENTINA S A,40964d50-3b1a-401c-b180-f35e650c9300,Estados Contables,eeff,https://aif2.cnv.gov.ar/presentations/publicview/40964d50-3b1a-401c-b180-f35e650c9300
30516888241,TERNIUM ARGENTINA S A,12fd243f-1421-44b6-ab14-96c28acb670f,Estados Contables,eeff,https://aif2.cnv.gov.ar/presentations/publicview/12fd243f-1421-44b6-ab14-96c28acb670f
30516888241,TERNIUM ARGENTINA S A,a0a39632-3c11-4888-893e-c531f440abbf,Estados Contables,eeff,https://aif2.cnv.gov.ar/presentations/publicview/a0a39632-3c11-4888-893e-c531f440abbf
30516888241,TERNIUM ARGENTINA S A,1df5f976-509d-4025-b295-bec60ca277fd,Estados Contables,eeff,https://aif2.cnv.gov.ar/presentations/publicview/1df5f976-509d-4025-b295-bec60ca277fd
30516888241,TERNIUM ARGENTINA S A,00b44db4-1f88-4c08-8e1f-ca2a7e6ee2ac,Estados Contables,eeff,https://aif2.cnv.gov.ar/presentations/publicview/00b44db4-1f88-4c08-8e1f-ca2a7e6ee2ac
30516888241,TERNIUM ARGENTINA S A,3a087f2a-65e6-48e6-ac38-cf7b12acb034,Estados Contables,eeff,https://aif2.cnv.gov.ar/presentations/publicview/3a087f2a-65e6-48e6-ac38-cf7b12acb034
30516888241,TERNIUM ARGENTINA S A,8f6f0c6e-683e-429c-bf5c-2f9c1d5ea860,Estados Contables,eeff,https://aif2.cnv.gov.ar/presentations/publicview/8f6f0c6e-683e-429c-bf5c-2f9c1d5ea860
30516888241,TERNIUM ARGENTINA S A,96e4c6dc-091b-471c-9f4c-24eb7d53caf7,Estados Contables,eeff,https://aif2.cnv.gov.ar/presentations/publicview/96e4c6dc-091b-471c-9f4c-24eb7d53caf7
30516888241,TERNIUM ARGENTINA S A,b6008bd7-e5f2-4c60-a444-d3bc52076d38,Estados Contables,eeff,https://aif2.cnv.gov.ar/presentations/publicview/b6008bd7-e5f2-4c60-a444-d3bc52076d38
30516888241,TERNIUM ARGENTINA S A,fa7bcb0e-b38d-4d92-83f8-8f7121793290,Estados Contables,eeff,https://aif2.cnv.gov.ar/presentations/publicview/fa7bcb0e-b38d-4d92-83f8-8f7121793290
30516888241,TERNIUM ARGENTINA S A,14e593a5-65ca-40e3-a9fe-3a44eeded52e,Estados Contables,eeff,https://aif2.cnv.gov.ar/presentations/publicview/14e593a5-65ca-40e3-a9fe-3a44eeded52e
30516888241,TERNIUM ARGENTINA S A,57cbead2-26d0-4948-9d49-105cc09452cb,Estados Contables,eeff,https://aif2.cnv.gov.ar/presentations/publicview/57cbead2-26d0-4948-9d49-105cc09452cb
30516888241,TERNIUM ARGENTINA S A,64b095bb-7854-4919-858b-0bc30b606028,Estados Contables,eeff,https://aif2.cnv.gov.ar/presentations/publicview/64b095bb-7854-4919-858b-0bc30b606028
30516888241,TERNIUM ARGENTINA S A,86fa7b45-ccbf-4d75-9c01-9c76a055ff59,Estados Contables,eeff,https://aif2.cnv.gov.ar/presentations/publicview/86fa7b45-ccbf-4d75-9c01-9c76a055ff59
30516888241,TERNIUM ARGENTINA S A,1893d8cc-34f2-4a8b-810b-3f79f49911c9,Estados Contables,eeff,https://aif2.cnv.gov.ar/presentations/publicview/1893d8cc-34f2-4a8b-810b-3f79f49911c9
30516888241,TERNIUM ARGENTINA S A,76b87245-f439-41fa-8883-9c2ea9429472,Estados Contables,eeff,https://aif2.cnv.gov.ar/presentations/publicview/76b87245-f439-41fa-8883-9c2ea9429472
30516888241,TERNIUM ARGENTINA S A,ce5f109a-069c-44b2-af57-35b1247381dc,Estados Contables,eeff,https://aif2.cnv.gov.ar/presentations/publicview/ce5f109a-069c-44b2-af57-35b1247381dc
30516888241,TERNIUM ARGENTINA S A,2bea09e2-8f42-4dc0-a5a6-59cf779be520,Estados Contables,eeff,https://aif2.cnv.gov.ar/presentations/publicview/2bea09e2-8f42-4dc0-a5a6-59cf779be520
30516888241,TERNIUM ARGENTINA S A,46c942b8-2914-48d1-9bfd-2ac77d6e9dd8,Estados Contables,eeff,https://aif2.cnv.gov.ar/presentations/publicview/46c942b8-2914-48d1-9bfd-2ac77d6e9dd8
30516888241,TERNIUM ARGENTINA S A,51f23c2b-d92a-4557-b806-1ffaabaf508f,Estados Contables,eeff,https://aif2.cnv.gov.ar/presentations/publicview/51f23c2b-d92a-4557-b806-1ffaabaf508f
30516888241,TERNIUM ARGENTINA S A,1efda44b-e88c-41b2-b104-eaac8fc2138f,Estados Contables,eeff,https://aif2.cnv.gov.ar/presentations/publicview/1efda44b-e88c-41b2-b104-eaac8fc2138f
30516888241,TERNIUM ARGENTINA S A,83cbd104-ca0e-4c72-a814-4eb63c118401,Estados Contables,eeff,https://aif2.cnv.gov.ar/presentations/publicview/83cbd104-ca0e-4c72-a814-4eb63c118401
30516888241,TERNIUM ARGENTINA S A,6e1210e9-dd67-491c-b6a4-b9c2aa0c6964,Estados Contables,eeff,https://aif2.cnv.gov.ar/presentations/publicview/6e1210e9-dd67-491c-b6a4-b9c2aa0c6964
30516888241,TERNIUM ARGENTINA S A,5370d211-ceff-4f60-b0dd-34391df835f9,Estados Contables,eeff,https://aif2.cnv.gov.ar/presentations/publicview/5370d211-ceff-4f60-b0dd-34391df835f9
30516888241,TERNIUM ARGENTINA S A,f869fd3c-9791-49e2-80d0-85b6c2a71872,Estados Contables,eeff,https://aif2.cnv.gov.ar/presentations/publicview/f869fd3c-9791-49e2-80d0-85b6c2a71872
30522780606,Aluar Aluminio Argentino,b55ec366-99ba-4274-aff4-ab2b853e3c12,Estados Contables,eeff,https://aif2.cnv.gov.ar/presentations/publicview/b55ec366-99ba-4274-aff4-ab2b853e3c12
30522780606,Aluar Aluminio Argentino,dbe138f0-08a8-453e-8d6a-d08b37ac43c8,Estados Contables,eeff,https://aif2.cnv.gov.ar/presentations/publicview/dbe138f0-08a8-453e-8d6a-d08b37ac43c8
30522780606,Aluar Aluminio Argentino,801a8f47-e519-4cc8-a2ef-32fffc7fa242,Estados Contables,eeff,https://aif2.cnv.gov.ar/presentations/publicview/801a8f47-e519-4cc8-a2ef-32fffc7fa242
30522780606,Aluar Aluminio Argentino,69bc1bd8-1c67-4622-a9d9-767b6bd31494,Estados Contables,eeff,https://aif2.cnv.gov.ar/presentations/publicview/69bc1bd8-1c67-4622-a9d9-767b6bd31494
30522780606,Aluar Aluminio Argentino,c8a60a33-5e65-4ccd-a0ea-b356f91e7d8b,Estados Contables,eeff,https://aif2.cnv.gov.ar/presentations/publicview/c8a60a33-5e65-4ccd-a0ea-b356f91e7d8b
30522780606,Aluar Aluminio Argentino,5a00eff2-221f-4f66-962d-869edc846382,Estados Contables,eeff,https://aif2.cnv.gov.ar/presentations/publicview/5a00eff2-221f-4f66-962d-869edc846382
30522780606,Aluar Aluminio Argentino,04cc84c9-44da-4a78-a68d-9af4c7b6eb0b,Estados Contables,eeff,https://aif2.cnv.gov.ar/presentations/publicview/04cc84c9-44da-4a78-a68d-9af4c7b6eb0b
30522780606,Aluar Aluminio Argentino,4ff5f426-0cde-43af-82a6-1e44b3595a57,Estados Contables,eeff,https://aif2.cnv.gov.ar/presentations/publicview/4ff5f426-0cde-43af-82a6-1e44b3595a57
30522780606,Aluar Aluminio Argentino,f6468144-7209-4a8f-b1f0-c1bd0595b000,Estados Contables,eeff,https://aif2.cnv.gov.ar/presentations/publicview/f6468144-7209-4a8f-b1f0-c1bd0595b000
30522780606,Aluar Aluminio Argentino,0cc341d4-d932-48c3-91f9-e6ca8580232d,Estados Contables,eeff,https://aif2.cnv.gov.ar/presentations/publicview/0cc341d4-d932-48c3-91f9-e6ca8580232d
30522780606,Aluar Aluminio Argentino,599a585e-27b9-4897-bfbe-32e13720c3fa,Estados Contables,eeff,https://aif2.cnv.gov.ar/presentations/publicview/599a585e-27b9-4897-bfbe-32e13720c3fa
30522780606,Aluar Aluminio Argentino,23f812e8-2bd5-4d5e-ab46-6f0d8a6edcea,Estados Contables,eeff,https://aif2.cnv.gov.ar/presentations/publicview/23f812e8-2bd5-4d5e-ab46-6f0d8a6edcea
30522780606,Aluar Aluminio Argentino,f48108a4-468a-48ec-8001-b8aaad30e715,Estados Contables,eeff,https://aif2.cnv.gov.ar/presentations/publicview/f48108a4-468a-48ec-8001-b8aaad30e715
30522780606,Aluar Aluminio Argentino,28992d94-48a8-4e28-9ad2-0450e1a3a6ac,Estados Contables,eeff,https://aif2.cnv.gov.ar/presentations/publicview/28992d94-48a8-4e28-9ad2-0450e1a3a6ac
30522780606,Aluar Aluminio Argentino,a5b13982-d279-43b7-b141-88ad11881c4a,Estados Contables,eeff,https://aif2.cnv.gov.ar/presentations/publicview/a5b13982-d279-43b7-b141-88ad11881c4a
30522780606,Aluar Aluminio Argentino,c2f1fe35-8795-451e-b331-0ba3b28d0f28,Estados Contables,eeff,https://aif2.cnv.gov.ar/presentations/publicview/c2f1fe35-8795-451e-b331-0ba3b28d0f28
30522780606,Aluar Aluminio Argentino,fdde9998-f965-4ee7-9c7e-2a2b55620b7a,Estados Contables,eeff,https://aif2.cnv.gov.ar/presentations/publicview/fdde9998-f965-4ee7-9c7e-2a2b55620b7a
30522780606,Aluar Aluminio Argentino,bbd08bf3-adb2-45a2-9c07-d57a06c4eff2,Estados Contables,eeff,https://aif2.cnv.gov.ar/presentations/publicview/bbd08bf3-adb2-45a2-9c07-d57a06c4eff2
30522780606,Aluar Aluminio Argentino,26c19495-cda4-4450-b69d-699a6201cdc7,Estados Contables,eeff,https://aif2.cnv.gov.ar/presentations/publicview/26c19495-cda4-4450-b69d-699a6201cdc7
30522780606,Aluar Aluminio Argentino,46acd713-cd5c-4e5c-b615-f898cbcb6d22,Estados Contables,eeff,https://aif2.cnv.gov.ar/presentations/publicview/46acd713-cd5c-4e5c-b615-f898cbcb6d22
30522780606,Aluar Aluminio Argentino,63f38ce3-1ad5-4596-8136-4c76f5d9e9a0,Estados Contables,eeff,https://aif2.cnv.gov.ar/presentations/publicview/63f38ce3-1ad5-4596-8136-4c76f5d9e9a0
30522780606,Aluar Aluminio Argentino,e7cf501d-d202-4a41-a9a3-6b444b30fadb,Estados Contables,eeff,https://aif2.cnv.gov.ar/presentations/publicview/e7cf501d-d202-4a41-a9a3-6b444b30fadb
30522780606,Aluar Aluminio Argentino,f00a6a58-8ae1-4e7e-a4c1-8902b6276635,Estados Contables,eeff,https://aif2.cnv.gov.ar/presentations/publicview/f00a6a58-8ae1-4e7e-a4c1-8902b6276635
30522780606,Aluar Aluminio Argentino,5eafb95a-7be2-4e6a-9ac2-fba1803336ad,Estados Contables,eeff,https://aif2.cnv.gov.ar/presentations/publicview/5eafb95a-7be2-4e6a-9ac2-fba1803336ad
30522780606,Aluar Aluminio Argentino,82bce623-a2f8-4775-b150-db42e4ffeea7,Estados Contables,eeff,https://aif2.cnv.gov.ar/presentations/publicview/82bce623-a2f8-4775-b150-db42e4ffeea7
30522780606,Aluar Aluminio Argentino,48accb2b-102f-4503-a4f1-c0c7bf462211,Estados Contables,eeff,https://aif2.cnv.gov.ar/presentations/publicview/48accb2b-102f-4503-a4f1-c0c7bf462211
30522780606,Aluar Aluminio Argentino,957ee000-5314-472d-9955-947301e56fb0,Estados Contables,eeff,https://aif2.cnv.gov.ar/presentations/publicview/957ee000-5314-472d-9955-947301e56fb0
30522780606,Aluar Aluminio Argentino,f63d3bcf-6f17-4ce1-85ac-64d87546f406,Estados Contables,eeff,https://aif2.cnv.gov.ar/presentations/publicview/f63d3bcf-6f17-4ce1-85ac-64d87546f406
30522780606,Aluar Aluminio Argentino,dd82836e-2ef2-41bf-81b8-4ee542fa9367,Estados Contables,eeff,https://aif2.cnv.gov.ar/presentations/publicview/dd82836e-2ef2-41bf-81b8-4ee542fa9367
30522780606,Aluar Aluminio Argentino,968523ba-3102-4c41-84e4-3326f38d007c,Estados Contables,eeff,https://aif2.cnv.gov.ar/presentations/publicview/968523ba-3102-4c41-84e4-3326f38d007c
30522780606,Aluar Aluminio Argentino,37bd5492-ffd6-4f0b-8f3c-ae4af0a7458c,Estados Contables,eeff,https://aif2.cnv.gov.ar/presentations/publicview/37bd5492-ffd6-4f0b-8f3c-ae4af0a7458c
30522780606,Aluar Aluminio Argentino,4747c42c-bada-4ac8-b5d4-1a60634b84e1,Estados Contables,eeff,https://aif2.cnv.gov.ar/presentations/publicview/4747c42c-bada-4ac8-b5d4-1a60634b84e1
30522780606,Aluar Aluminio Argentino,3e20206a-c511-4246-982a-ab1e8d990b5e,Estados Contables,eeff,https://aif2.cnv.gov.ar/presentations/publicview/3e20206a-c511-4246-982a-ab1e8d990b5e
30525322749,IRSA Inversiones y Representaciones S A,55b6e4d1-55d0-4858-80dc-3bd6bbd351c2,Estados Contables,eeff,https://aif2.cnv.gov.ar/presentations/publicview/55b6e4d1-55d0-4858-80dc-3bd6bbd351c2
30525322749,IRSA Inversiones y Representaciones S A,f0b92a68-6966-4aaa-807e-1b714779d33c,Estados Contables,eeff,https://aif2.cnv.gov.ar/presentations/publicview/f0b92a68-6966-4aaa-807e-1b714779d33c
30525322749,IRSA Inversiones y Representaciones S A,ba5c162c-a19a-47ac-b3e5-59a30db5d6ba,Estados Contables,eeff,https://aif2.cnv.gov.ar/presentations/publicview/ba5c162c-a19a-47ac-b3e5-59a30db5d6ba
30525322749,IRSA Inversiones y Representaciones S A,b1ccef84-33f9-4264-ad11-3ea050d52778,Estados Contables,eeff,https://aif2.cnv.gov.ar/presentations/publicview/b1ccef84-33f9-4264-ad11-3ea050d52778
30525322749,IRSA Inversiones y Representaciones S A,2dc19e3d-2b55-4e1a-a1bb-9d801fd6618c,Estados Contables,eeff,https://aif2.cnv.gov.ar/presentations/publicview/2dc19e3d-2b55-4e1a-a1bb-9d801fd6618c
30525322749,IRSA Inversiones y Representaciones S A,aebbad7d-3cea-461f-90ab-db6fcab0e9c6,Estados Contables,eeff,https://aif2.cnv.gov.ar/presentations/publicview/aebbad7d-3cea-461f-90ab-db6fcab0e9c6
30525322749,IRSA Inversiones y Representaciones S A,195eb806-c30a-4d73-83bc-92c36afc2b34,Estados Contables,eeff,https://aif2.cnv.gov.ar/presentations/publicview/195eb806-c30a-4d73-83bc-92c36afc2b34
30525322749,IRSA Inversiones y Representaciones S A,d46df381-bfd0-4c96-9479-1ee38923ff47,Estados Contables,eeff,https://aif2.cnv.gov.ar/presentations/publicview/d46df381-bfd0-4c96-9479-1ee38923ff47
30525322749,IRSA Inversiones y Representaciones S A,3c7b0914-9798-4191-b7a2-b03873dd714b,Estados Contables,eeff,https://aif2.cnv.gov.ar/presentations/publicview/3c7b0914-9798-4191-b7a2-b03873dd714b
30525322749,IRSA Inversiones y Representaciones S A,99293eea-8e0a-4c43-9f10-e1eedfa94a82,Estados Contables,eeff,https://aif2.cnv.gov.ar/presentations/publicview/99293eea-8e0a-4c43-9f10-e1eedfa94a82
30525322749,IRSA Inversiones y Representaciones S A,022a83aa-9a90-49b3-a0dd-e008f167d549,Estados Contables,eeff,https://aif2.cnv.gov.ar/presentations/publicview/022a83aa-9a90-49b3-a0dd-e008f167d549
30525322749,IRSA Inversiones y Representaciones S A,090276fc-993f-4a69-bc3f-de79c88c8ea3,Estados Contables,eeff,https://aif2.cnv.gov.ar/presentations/publicview/090276fc-993f-4a69-bc3f-de79c88c8ea3
30525322749,IRSA Inversiones y Representaciones S A,f22c6946-d8da-4760-b802-66b2a8d25bcd,Estados Contables,eeff,https://aif2.cnv.gov.ar/presentations/publicview/f22c6946-d8da-4760-b802-66b2a8d25bcd
30525322749,IRSA Inversiones y Representaciones S A,cfa2d399-47a2-409e-914e-f9e05001c9b4,Estados Contables,eeff,https://aif2.cnv.gov.ar/presentations/publicview/cfa2d399-47a2-409e-914e-f9e05001c9b4
30525322749,IRSA Inversiones y Representaciones S A,5ced0647-075c-4ee2-ab7d-2d83e659f983,Estados Contables,eeff,https://aif2.cnv.gov.ar/presentations/publicview/5ced0647-075c-4ee2-ab7d-2d83e659f983
30525322749,IRSA Inversiones y Representaciones S A,85d3fc60-74ec-475a-bcf7-a0d7b6384abb,Estados Contables,eeff,https://aif2.cnv.gov.ar/presentations/publicview/85d3fc60-74ec-475a-bcf7-a0d7b6384abb
30525322749,IRSA Inversiones y Representaciones S A,d9466a17-07af-46eb-b27c-11355f84b817,Estados Contables,eeff,https://aif2.cnv.gov.ar/presentations/publicview/d9466a17-07af-46eb-b27c-11355f84b817
30525322749,IRSA Inversiones y Representaciones S A,a360e28c-2870-4d6c-8166-0c0e01da57d1,Estados Contables,eeff,https://aif2.cnv.gov.ar/presentations/publicview/a360e28c-2870-4d6c-8166-0c0e01da57d1
30525322749,IRSA Inversiones y Representaciones S A,455c455a-51ea-4937-806a-ad6272100504,Estados Contables,eeff,https://aif2.cnv.gov.ar/presentations/publicview/455c455a-51ea-4937-806a-ad6272100504
30525322749,IRSA Inversiones y Representaciones S A,daab7b28-bb72-479b-a5ec-6ddb81fdeb61,Estados Contables,eeff,https://aif2.cnv.gov.ar/presentations/publicview/daab7b28-bb72-479b-a5ec-6ddb81fdeb61
30525322749,IRSA Inversiones y Representaciones S A,6fe450ea-1c39-4434-bc78-07a89ab5c718,Estados Contables,eeff,https://aif2.cnv.gov.ar/presentations/publicview/6fe450ea-1c39-4434-bc78-07a89ab5c718
30525322749,IRSA Inversiones y Representaciones S A,7c690394-85e9-45f9-847e-b3b378d3c239,Estados Contables,eeff,https://aif2.cnv.gov.ar/presentations/publicview/7c690394-85e9-45f9-847e-b3b378d3c239
30525322749,IRSA Inversiones y Representaciones S A,93956363-baf7-430e-9c32-ea323310890c,Estados Contables,eeff,https://aif2.cnv.gov.ar/presentations/publicview/93956363-baf7-430e-9c32-ea323310890c
30525322749,IRSA Inversiones y Representaciones S A,b2f0c277-7e8d-453f-b291-d45b9187ce5a,Estados Contables,eeff,https://aif2.cnv.gov.ar/presentations/publicview/b2f0c277-7e8d-453f-b291-d45b9187ce5a
30525322749,IRSA Inversiones y Representaciones S A,010664aa-5570-4e00-81e6-fe277ffae779,Estados Contables,eeff,https://aif2.cnv.gov.ar/presentations/publicview/010664aa-5570-4e00-81e6-fe277ffae779
30525322749,IRSA Inversiones y Representaciones S A,dacf1877-7748-4b20-88ae-ac9004128cdf,Estados Contables,eeff,https://aif2.cnv.gov.ar/presentations/publicview/dacf1877-7748-4b20-88ae-ac9004128cdf
30525322749,IRSA Inversiones y Representaciones S A,7dde5013-891d-4f3d-a4a2-1ca27a6acdb9,Estados Contables,eeff,https://aif2.cnv.gov.ar/presentations/publicview/7dde5013-891d-4f3d-a4a2-1ca27a6acdb9
30525322749,IRSA Inversiones y Representaciones S A,245fb936-212d-44d6-b8aa-4af435d215da,Estados Contables,eeff,https://aif2.cnv.gov.ar/presentations/publicview/245fb936-212d-44d6-b8aa-4af435d215da
30525322749,IRSA Inversiones y Representaciones S A,dfe817fa-4bf4-4086-9355-512bf2826304,Estados Contables,eeff,https://aif2.cnv.gov.ar/presentations/publicview/dfe817fa-4bf4-4086-9355-512bf2826304
30525322749,IRSA Inversiones y Representaciones S A,c82fb683-8de9-486e-951e-37559abd6d3e,Estados Contables,eeff,https://aif2.cnv.gov.ar/presentations/publicview/c82fb683-8de9-486e-951e-37559abd6d3e
30525322749,IRSA Inversiones y Representaciones S A,ef202d8d-217c-452e-9ec3-68aad702db82,Estados Contables,eeff,https://aif2.cnv.gov.ar/presentations/publicview/ef202d8d-217c-452e-9ec3-68aad702db82
30525322749,IRSA Inversiones y Representaciones S A,6031fbc3-4f95-4496-a565-b41ea76f841d,Estados Contables,eeff,https://aif2.cnv.gov.ar/presentations/publicview/6031fbc3-4f95-4496-a565-b41ea76f841d
30525322749,IRSA Inversiones y Representaciones S A,d45895d5-ba5c-46d0-8c6e-1163250aeaac,Estados Contables,eeff,https://aif2.cnv.gov.ar/presentations/publicview/d45895d5-ba5c-46d0-8c6e-1163250aeaac
30525322749,IRSA Inversiones y Representaciones S A,cb06bb73-4f7f-4d87-8168-4d63613c788a,Estados Contables,eeff,https://aif2.cnv.gov.ar/presentations/publicview/cb06bb73-4f7f-4d87-8168-4d63613c788a
30525322749,IRSA Inversiones y Representaciones S A,dcedca47-a799-4703-8668-7239c3439cf7,Estados Contables,eeff,https://aif2.cnv.gov.ar/presentations/publicview/dcedca47-a799-4703-8668-7239c3439cf7
30525322749,IRSA Inversiones y Representaciones S A,d8eee9d8-7e4a-43a1-a9db-3a70d7dd27a1,Estados Contables,eeff,https://aif2.cnv.gov.ar/presentations/publicview/d8eee9d8-7e4a-43a1-a9db-3a70d7dd27a1
30525341263,Ferrum S A de Cerámica y Metalurgia,be3850e3-0ca8-4be1-bf78-3bda9a4eed3b,Estados Contables,eeff,https://aif2.cnv.gov.ar/presentations/publicview/be3850e3-0ca8-4be1-bf78-3bda9a4eed3b
30525341263,Ferrum S A de Cerámica y Metalurgia,179caa2f-c2c8-4371-85da-0e26d1ccadd9,Estados Contables,eeff,https://aif2.cnv.gov.ar/presentations/publicview/179caa2f-c2c8-4371-85da-0e26d1ccadd9
30525341263,Ferrum S A de Cerámica y Metalurgia,74991fc1-115d-40bf-bdc4-999faeb906b9,Estados Contables,eeff,https://aif2.cnv.gov.ar/presentations/publicview/74991fc1-115d-40bf-bdc4-999faeb906b9
30525341263,Ferrum S A de Cerámica y Metalurgia,a56def16-b90c-4bb7-8240-ff0d06c4deee,Estados Contables,eeff,https://aif2.cnv.gov.ar/presentations/publicview/a56def16-b90c-4bb7-8240-ff0d06c4deee
30525341263,Ferrum S A de Cerámica y Metalurgia,88305e9d-2727-40fa-9424-2eb43d0b9335,Estados Contables,eeff,https://aif2.cnv.gov.ar/presentations/publicview/88305e9d-2727-40fa-9424-2eb43d0b9335
30525341263,Ferrum S A de Cerámica y Metalurgia,26eafc45-1788-456a-80d8-8be9c3f74183,Estados Contables,eeff,https://aif2.cnv.gov.ar/presentations/publicview/26eafc45-1788-456a-80d8-8be9c3f74183
30525341263,Ferrum S A de Cerámica y Metalurgia,99b6436e-89df-49ac-b10c-c0aefc87f6b2,Estados Contables,eeff,https://aif2.cnv.gov.ar/presentations/publicview/99b6436e-89df-49ac-b10c-c0aefc87f6b2
30525341263,Ferrum S A de Cerámica y Metalurgia,c07ef296-db5a-494d-b287-d0c304fc58eb,Estados Contables,eeff,https://aif2.cnv.gov.ar/presentations/publicview/c07ef296-db5a-494d-b287-d0c304fc58eb
30525341263,Ferrum S A de Cerámica y Metalurgia,0243f4f7-f752-4e55-b3f1-d413e7f25fa6,Estados Contables,eeff,https://aif2.cnv.gov.ar/presentations/publicview/0243f4f7-f752-4e55-b3f1-d413e7f25fa6
30525341263,Ferrum S A de Cerámica y Metalurgia,d0f0ab9e-2d20-42fb-839e-e18eb5eefac1,Estados Contables,eeff,https://aif2.cnv.gov.ar/presentations/publicview/d0f0ab9e-2d20-42fb-839e-e18eb5eefac1
30525341263,Ferrum S A de Cerámica y Metalurgia,e65375c2-6fee-4037-86f9-b081b6b8838e,Estados Contables,eeff,https://aif2.cnv.gov.ar/presentations/publicview/e65375c2-6fee-4037-86f9-b081b6b8838e
30525341263,Ferrum S A de Cerámica y Metalurgia,0f284720-b8b0-46db-a783-08bb3c540474,Estados Contables,eeff,https://aif2.cnv.gov.ar/presentations/publicview/0f284720-b8b0-46db-a783-08bb3c540474
30525341263,Ferrum S A de Cerámica y Metalurgia,efcd0388-30f8-4923-b961-5031ba556af6,Estados Contables,eeff,https://aif2.cnv.gov.ar/presentations/publicview/efcd0388-30f8-4923-b961-5031ba556af6
30525341263,Ferrum S A de Cerámica y Metalurgia,111a6307-d12b-455b-9357-e9186dc59589,Estados Contables,eeff,https://aif2.cnv.gov.ar/presentations/publicview/111a6307-d12b-455b-9357-e9186dc59589
30525341263,Ferrum S A de Cerámica y Metalurgia,c486f0e0-32ab-4021-b464-7836418f98f6,Estados Contables,eeff,https://aif2.cnv.gov.ar/presentations/publicview/c486f0e0-32ab-4021-b464-7836418f98f6
30525341263,Ferrum S A de Cerámica y Metalurgia,6f3595b3-3b0e-4bf9-b6b3-b096be0eaf9e,Estados Contables,eeff,https://aif2.cnv.gov.ar/presentations/publicview/6f3595b3-3b0e-4bf9-b6b3-b096be0eaf9e
30525341263,Ferrum S A de Cerámica y Metalurgia,5b1cc629-9823-4697-af38-e7671961e584,Estados Contables,eeff,https://aif2.cnv.gov.ar/presentations/publicview/5b1cc629-9823-4697-af38-e7671961e584
30525341263,Ferrum S A de Cerámica y Metalurgia,865ed184-0392-4416-9d13-629f9919a2ee,Estados Contables,eeff,https://aif2.cnv.gov.ar/presentations/publicview/865ed184-0392-4416-9d13-629f9919a2ee
30525341263,Ferrum S A de Cerámica y Metalurgia,d1ffe254-f817-4e2d-8c67-491d225bcb4a,Estados Contables,eeff,https://aif2.cnv.gov.ar/presentations/publicview/d1ffe254-f817-4e2d-8c67-491d225bcb4a
30525341263,Ferrum S A de Cerámica y Metalurgia,74f4bb6d-7319-46bd-b2eb-c16117ccdad8,Estados Contables,eeff,https://aif2.cnv.gov.ar/presentations/publicview/74f4bb6d-7319-46bd-b2eb-c16117ccdad8
30525341263,Ferrum S A de Cerámica y Metalurgia,ebf5cf88-e341-40cb-9a76-7cbd31440925,Estados Contables,eeff,https://aif2.cnv.gov.ar/presentations/publicview/ebf5cf88-e341-40cb-9a76-7cbd31440925
30525341263,Ferrum S A de Cerámica y Metalurgia,e65013aa-7614-4a15-a56c-878ad79c2508,Estados Contables,eeff,https://aif2.cnv.gov.ar/presentations/publicview/e65013aa-7614-4a15-a56c-878ad79c2508
30525341263,Ferrum S A de Cerámica y Metalurgia,4d524eeb-907d-4958-bedd-c62b595abee9,Estados Contables,eeff,https://aif2.cnv.gov.ar/presentations/publicview/4d524eeb-907d-4958-bedd-c62b595abee9
30525341263,Ferrum S A de Cerámica y Metalurgia,f3efd680-79e2-40dd-a442-ddd32c2d4ac7,Estados Contables,eeff,https://aif2.cnv.gov.ar/presentations/publicview/f3efd680-79e2-40dd-a442-ddd32c2d4ac7
30525341263,Ferrum S A de Cerámica y Metalurgia,8490d509-0e46-4c63-baf9-3656e75f47a4,Estados Contables,eeff,https://aif2.cnv.gov.ar/presentations/publicview/8490d509-0e46-4c63-baf9-3656e75f47a4
30525341263,Ferrum S A de Cerámica y Metalurgia,6f0e98dc-91cd-43e5-b1c1-e97f561492e1,Estados Contables,eeff,https://aif2.cnv.gov.ar/presentations/publicview/6f0e98dc-91cd-43e5-b1c1-e97f561492e1
30525341263,Ferrum S A de Cerámica y Metalurgia,b368a9ca-f190-4c55-847e-fe76a9f70fd3,Estados Contables,eeff,https://aif2.cnv.gov.ar/presentations/publicview/b368a9ca-f190-4c55-847e-fe76a9f70fd3
30525341263,Ferrum S A de Cerámica y Metalurgia,549d0d54-5f7f-4070-ac57-a8a5d8c62678,Estados Contables,eeff,https://aif2.cnv.gov.ar/presentations/publicview/549d0d54-5f7f-4070-ac57-a8a5d8c62678
30525341263,Ferrum S A de Cerámica y Metalurgia,37041cd2-a6bd-4270-8bec-7a3b1e6f62d4,Estados Contables,eeff,https://aif2.cnv.gov.ar/presentations/publicview/37041cd2-a6bd-4270-8bec-7a3b1e6f62d4
30525341263,Ferrum S A de Cerámica y Metalurgia,25265e52-6ab1-42db-9673-d64ff2ae968b,Estados Contables,eeff,https://aif2.cnv.gov.ar/presentations/publicview/25265e52-6ab1-42db-9673-d64ff2ae968b
30525341263,Ferrum S A de Cerámica y Metalurgia,4a15bda9-5a88-4bf4-95d9-2b995fe6bfda,Estados Contables,eeff,https://aif2.cnv.gov.ar/presentations/publicview/4a15bda9-5a88-4bf4-95d9-2b995fe6bfda
30525341263,Ferrum S A de Cerámica y Metalurgia,28b869cf-4205-409f-b0c2-13a9e846cdd4,Estados Contables,eeff,https://aif2.cnv.gov.ar/presentations/publicview/28b869cf-4205-409f-b0c2-13a9e846cdd4
30525341263,Ferrum S A de Cerámica y Metalurgia,ffed7a19-d6dc-4f78-a145-e0af1c001091,Estados Contables,eeff,https://aif2.cnv.gov.ar/presentations/publicview/ffed7a19-d6dc-4f78-a145-e0af1c001091
30525341263,Ferrum S A de Cerámica y Metalurgia,8755c133-5a36-4bd3-987b-536fcc2c04a7,Estados Contables,eeff,https://aif2.cnv.gov.ar/presentations/publicview/8755c133-5a36-4bd3-987b-536fcc2c04a7
30525341263,Ferrum S A de Cerámica y Metalurgia,d9cc477f-d7a6-4a64-9378-392e3cb25735,Estados Contables,eeff,https://aif2.cnv.gov.ar/presentations/publicview/d9cc477f-d7a6-4a64-9378-392e3cb25735
30525341263,Ferrum S A de Cerámica y Metalurgia,4ffc2b54-c7a7-4a4b-af9c-c3bc079b222e,Estados Contables,eeff,https://aif2.cnv.gov.ar/presentations/publicview/4ffc2b54-c7a7-4a4b-af9c-c3bc079b222e
30525341263,Ferrum S A de Cerámica y Metalurgia,c559fb4c-44c1-465b-bc19-3a7ce4a7e478,Estados Contables,eeff,https://aif2.cnv.gov.ar/presentations/publicview/c559fb4c-44c1-465b-bc19-3a7ce4a7e478
30525341263,Ferrum S A de Cerámica y Metalurgia,2bd0fbc2-06ed-4bc5-980e-dacb2496a642,Estados Contables,eeff,https://aif2.cnv.gov.ar/presentations/publicview/2bd0fbc2-06ed-4bc5-980e-dacb2496a642
30525341263,Ferrum S A de Cerámica y Metalurgia,3a46c97b-e350-4d92-86e4-c46f14b0fe96,Estados Contables,eeff,https://aif2.cnv.gov.ar/presentations/publicview/3a46c97b-e350-4d92-86e4-c46f14b0fe96
30525341263,Ferrum S A de Cerámica y Metalurgia,5b7d9c61-e52a-45ca-91fe-43eb6e5c337b,Estados Contables,eeff,https://aif2.cnv.gov.ar/presentations/publicview/5b7d9c61-e52a-45ca-91fe-43eb6e5c337b
30525346389,Morixe Hnos S A,7ad56192-e097-42a0-bde9-305c3b07e382,Estados Contables,eeff,https://aif2.cnv.gov.ar/presentations/publicview/7ad56192-e097-42a0-bde9-305c3b07e382
30525346389,Morixe Hnos S A,14281885-afc0-4125-8512-2ac68ce7be12,Estados Contables,eeff,https://aif2.cnv.gov.ar/presentations/publicview/14281885-afc0-4125-8512-2ac68ce7be12
30525346389,Morixe Hnos S A,50d13015-4433-4c2b-a22b-34dab02ad4b7,Estados Contables,eeff,https://aif2.cnv.gov.ar/presentations/publicview/50d13015-4433-4c2b-a22b-34dab02ad4b7
30525346389,Morixe Hnos S A,b50e587a-f890-4953-b077-bf6b581a4555,Estados Contables,eeff,https://aif2.cnv.gov.ar/presentations/publicview/b50e587a-f890-4953-b077-bf6b581a4555
30525346389,Morixe Hnos S A,33f3da3b-1fc8-436e-b2dd-83fe2f977723,Estados Contables,eeff,https://aif2.cnv.gov.ar/presentations/publicview/33f3da3b-1fc8-436e-b2dd-83fe2f977723
30525346389,Morixe Hnos S A,b029faa5-c3cc-4924-89f8-99f1a54079b6,Estados Contables,eeff,https://aif2.cnv.gov.ar/presentations/publicview/b029faa5-c3cc-4924-89f8-99f1a54079b6
30525346389,Morixe Hnos S A,3dea303e-ea94-48c1-932f-6a971ca6f46f,Estados Contables,eeff,https://aif2.cnv.gov.ar/presentations/publicview/3dea303e-ea94-48c1-932f-6a971ca6f46f
30525346389,Morixe Hnos S A,9b949fe5-96d8-4e1b-9645-a98abe2c3948,Estados Contables,eeff,https://aif2.cnv.gov.ar/presentations/publicview/9b949fe5-96d8-4e1b-9645-a98abe2c3948
30525346389,Morixe Hnos S A,8e954e46-767f-4e2b-bf06-69bc30abb7f6,Estados Contables,eeff,https://aif2.cnv.gov.ar/presentations/publicview/8e954e46-767f-4e2b-bf06-69bc30abb7f6
30525346389,Morixe Hnos S A,7b2cf0b7-a7f7-41cd-abb2-86e5903f755c,Estados Contables,eeff,https://aif2.cnv.gov.ar/presentations/publicview/7b2cf0b7-a7f7-41cd-abb2-86e5903f755c
30525346389,Morixe Hnos S A,804cb45a-b77f-4a97-b1d8-2d6befc38bfb,Estados Contables,eeff,https://aif2.cnv.gov.ar/presentations/publicview/804cb45a-b77f-4a97-b1d8-2d6befc38bfb
30525346389,Morixe Hnos S A,8eab315b-2077-47e1-8d52-300e82ba491a,Estados Contables,eeff,https://aif2.cnv.gov.ar/presentations/publicview/8eab315b-2077-47e1-8d52-300e82ba491a
30525346389,Morixe Hnos S A,1dcedc6c-abff-461f-8e90-a6e0b6d2689e,Estados Contables,eeff,https://aif2.cnv.gov.ar/presentations/publicview/1dcedc6c-abff-461f-8e90-a6e0b6d2689e
30525346389,Morixe Hnos S A,b13fc50c-3b04-4dc9-ba8e-2efe97d46cad,Estados Contables,eeff,https://aif2.cnv.gov.ar/presentations/publicview/b13fc50c-3b04-4dc9-ba8e-2efe97d46cad
30525346389,Morixe Hnos S A,3b655831-849c-45be-a215-42ae26580604,Estados Contables,eeff,https://aif2.cnv.gov.ar/presentations/publicview/3b655831-849c-45be-a215-42ae26580604
30525346389,Morixe Hnos S A,20ba0813-d970-40a0-97ed-28c96f6ea2f1,Estados Contables,eeff,https://aif2.cnv.gov.ar/presentations/publicview/20ba0813-d970-40a0-97ed-28c96f6ea2f1
30525346389,Morixe Hnos S A,632343b0-ba6c-44af-b425-88a126ddf98b,Estados Contables,eeff,https://aif2.cnv.gov.ar/presentations/publicview/632343b0-ba6c-44af-b425-88a126ddf98b
30525346389,Morixe Hnos S A,29d01d53-dc08-417e-a05a-62e2b4549e82,Estados Contables,eeff,https://aif2.cnv.gov.ar/presentations/publicview/29d01d53-dc08-417e-a05a-62e2b4549e82
30525346389,Morixe Hnos S A,f98b8950-c461-42ca-84e1-a28833072444,Estados Contables,eeff,https://aif2.cnv.gov.ar/presentations/publicview/f98b8950-c461-42ca-84e1-a28833072444
30525346389,Morixe Hnos S A,3302b8e9-0429-496f-9b7f-91827c231ddf,Estados Contables,eeff,https://aif2.cnv.gov.ar/presentations/publicview/3302b8e9-0429-496f-9b7f-91827c231ddf
30525346389,Morixe Hnos S A,37e93ab8-6b84-4377-830f-42b890d4c4c8,Estados Contables,eeff,https://aif2.cnv.gov.ar/presentations/publicview/37e93ab8-6b84-4377-830f-42b890d4c4c8
30525346389,Morixe Hnos S A,4d6ee5fe-755d-4e67-9026-8558bfb2ef80,Estados Contables,eeff,https://aif2.cnv.gov.ar/presentations/publicview/4d6ee5fe-755d-4e67-9026-8558bfb2ef80
30525346389,Morixe Hnos S A,f3d594b6-9545-4876-b770-78e20f4f21f0,Estados Contables,eeff,https://aif2.cnv.gov.ar/presentations/publicview/f3d594b6-9545-4876-b770-78e20f4f21f0
30525346389,Morixe Hnos S A,49b1d7ff-a785-4fa0-bfde-7eba0ab247bf,Estados Contables,eeff,https://aif2.cnv.gov.ar/presentations/publicview/49b1d7ff-a785-4fa0-bfde-7eba0ab247bf
30525346389,Morixe Hnos S A,5cebea41-75d8-412f-9564-6d41e2ed2bbc,Estados Contables,eeff,https://aif2.cnv.gov.ar/presentations/publicview/5cebea41-75d8-412f-9564-6d41e2ed2bbc
30525346389,Morixe Hnos S A,78793bf0-b8da-46c9-b71d-c8ad39b1d1d7,Estados Contables,eeff,https://aif2.cnv.gov.ar/presentations/publicview/78793bf0-b8da-46c9-b71d-c8ad39b1d1d7
30525346389,Morixe Hnos S A,35facea2-ba1a-43ac-b1dc-a088a072522f,Estados Contables,eeff,https://aif2.cnv.gov.ar/presentations/publicview/35facea2-ba1a-43ac-b1dc-a088a072522f
30525346389,Morixe Hnos S A,d68f9ade-0cb6-4e8f-a255-4d79f8d925fb,Estados Contables,eeff,https://aif2.cnv.gov.ar/presentations/publicview/d68f9ade-0cb6-4e8f-a255-4d79f8d925fb
30525346389,Morixe Hnos S A,fa74a86b-8b22-4e10-8b7b-7db4d2fe1a21,Estados Contables,eeff,https://aif2.cnv.gov.ar/presentations/publicview/fa74a86b-8b22-4e10-8b7b-7db4d2fe1a21
30525406756,Carlos Casado,88400288-3381-4e5f-8099-7626c27f2259,Estados Contables,eeff,https://aif2.cnv.gov.ar/presentations/publicview/88400288-3381-4e5f-8099-7626c27f2259
30525406756,Carlos Casado,a705dcf9-4609-4845-81ae-2a645afd3543,Estados Contables,eeff,https://aif2.cnv.gov.ar/presentations/publicview/a705dcf9-4609-4845-81ae-2a645afd3543
30525406756,Carlos Casado,ff59f35b-18b0-48f2-a1b6-357e460026c1,Estados Contables,eeff,https://aif2.cnv.gov.ar/presentations/publicview/ff59f35b-18b0-48f2-a1b6-357e460026c1
30525406756,Carlos Casado,e4fec20d-c1b0-43a0-b4b0-1dd08091131c,Estados Contables,eeff,https://aif2.cnv.gov.ar/presentations/publicview/e4fec20d-c1b0-43a0-b4b0-1dd08091131c
30525406756,Carlos Casado,5526b8bf-eee0-4789-855b-82a0cae6a399,Estados Contables,eeff,https://aif2.cnv.gov.ar/presentations/publicview/5526b8bf-eee0-4789-855b-82a0cae6a399
30525406756,Carlos Casado,b13b89da-65ad-4cd0-841d-1aad91af705c,Estados Contables,eeff,https://aif2.cnv.gov.ar/presentations/publicview/b13b89da-65ad-4cd0-841d-1aad91af705c
30525406756,Carlos Casado,38c8d260-6afe-4b55-bc89-0716faf96cef,Estados Contables,eeff,https://aif2.cnv.gov.ar/presentations/publicview/38c8d260-6afe-4b55-bc89-0716faf96cef
30525406756,Carlos Casado,17203062-e034-4913-899c-c017a9aa2151,Estados Contables,eeff,https://aif2.cnv.gov.ar/presentations/publicview/17203062-e034-4913-899c-c017a9aa2151
30525406756,Carlos Casado,6d81631b-0c82-4e3a-8fb8-0a408ce4ef53,Estados Contables,eeff,https://aif2.cnv.gov.ar/presentations/publicview/6d81631b-0c82-4e3a-8fb8-0a408ce4ef53
30525406756,Carlos Casado,5e1d13ef-33c7-4bf3-8432-a3f8b4bf24be,Estados Contables,eeff,https://aif2.cnv.gov.ar/presentations/publicview/5e1d13ef-33c7-4bf3-8432-a3f8b4bf24be
30525406756,Carlos Casado,beaebf5d-5dcb-4152-ae7a-4b3692effcc5,Estados Contables,eeff,https://aif2.cnv.gov.ar/presentations/publicview/beaebf5d-5dcb-4152-ae7a-4b3692effcc5
30525406756,Carlos Casado,af4ac648-70ab-4569-8081-c0b8489e6bde,Estados Contables,eeff,https://aif2.cnv.gov.ar/presentations/publicview/af4ac648-70ab-4569-8081-c0b8489e6bde
30525406756,Carlos Casado,def5f22b-2778-46bb-aa6d-442cbd3fcecc,Estados Contables,eeff,https://aif2.cnv.gov.ar/presentations/publicview/def5f22b-2778-46bb-aa6d-442cbd3fcecc
30525406756,Carlos Casado,1d80fe1d-99a4-4d24-9302-f614169c42dd,Estados Contables,eeff,https://aif2.cnv.gov.ar/presentations/publicview/1d80fe1d-99a4-4d24-9302-f614169c42dd
30525406756,Carlos Casado,f0d07450-fa98-437a-b779-8e81adb15220,Estados Contables,eeff,https://aif2.cnv.gov.ar/presentations/publicview/f0d07450-fa98-437a-b779-8e81adb15220
30525406756,Carlos Casado,ce393e74-c186-42ff-98ee-7633e78d9cac,Estados Contables,eeff,https://aif2.cnv.gov.ar/presentations/publicview/ce393e74-c186-42ff-98ee-7633e78d9cac
30525406756,Carlos Casado,8adf2089-2bad-4b33-8ed3-4425f1c16d69,Estados Contables,eeff,https://aif2.cnv.gov.ar/presentations/publicview/8adf2089-2bad-4b33-8ed3-4425f1c16d69
30525406756,Carlos Casado,16d5eca5-7e71-4bec-9c02-3e045a2ed90a,Estados Contables,eeff,https://aif2.cnv.gov.ar/presentations/publicview/16d5eca5-7e71-4bec-9c02-3e045a2ed90a
30525406756,Carlos Casado,7cc9d496-2c51-4b1b-8249-b2af41305727,Estados Contables,eeff,https://aif2.cnv.gov.ar/presentations/publicview/7cc9d496-2c51-4b1b-8249-b2af41305727
30525406756,Carlos Casado,85871d9a-67aa-45a8-90ae-899c55b8b5a7,Estados Contables,eeff,https://aif2.cnv.gov.ar/presentations/publicview/85871d9a-67aa-45a8-90ae-899c55b8b5a7
30525406756,Carlos Casado,4d9bdc3d-ff4a-4cc8-b74c-3ff670490d02,Estados Contables,eeff,https://aif2.cnv.gov.ar/presentations/publicview/4d9bdc3d-ff4a-4cc8-b74c-3ff670490d02
30525406756,Carlos Casado,dedb3f0c-777c-4067-b997-8b1280fafbcd,Estados Contables,eeff,https://aif2.cnv.gov.ar/presentations/publicview/dedb3f0c-777c-4067-b997-8b1280fafbcd
30525406756,Carlos Casado,1170f6a1-48a5-4974-99db-14c560bd55a6,Estados Contables,eeff,https://aif2.cnv.gov.ar/presentations/publicview/1170f6a1-48a5-4974-99db-14c560bd55a6
30525406756,Carlos Casado,7f559357-39f3-4c6e-8a86-1ed2bcc52ad2,Estados Contables,eeff,https://aif2.cnv.gov.ar/presentations/publicview/7f559357-39f3-4c6e-8a86-1ed2bcc52ad2
30525406756,Carlos Casado,1ccf3819-a56c-4da0-b9fe-0c372521bf8a,Estados Contables,eeff,https://aif2.cnv.gov.ar/presentations/publicview/1ccf3819-a56c-4da0-b9fe-0c372521bf8a
30525406756,Carlos Casado,b7f28b7a-4c0a-487f-892b-76f1a0c04c96,Estados Contables,eeff,https://aif2.cnv.gov.ar/presentations/publicview/b7f28b7a-4c0a-487f-892b-76f1a0c04c96
30525406756,Carlos Casado,ae36ffd1-7c70-4fc3-b613-5c8cd6ce57af,Estados Contables,eeff,https://aif2.cnv.gov.ar/presentations/publicview/ae36ffd1-7c70-4fc3-b613-5c8cd6ce57af
30525406756,Carlos Casado,2de0871c-4e99-43dc-aad3-e35221dbbe9d,Estados Contables,eeff,https://aif2.cnv.gov.ar/presentations/publicview/2de0871c-4e99-43dc-aad3-e35221dbbe9d
30525406756,Carlos Casado,3544b07d-962f-4d19-88f8-d2082b5ea6d0,Estados Contables,eeff,https://aif2.cnv.gov.ar/presentations/publicview/3544b07d-962f-4d19-88f8-d2082b5ea6d0
30525406756,Carlos Casado,1124d278-8cbc-4889-82c8-a89265894b65,Estados Contables,eeff,https://aif2.cnv.gov.ar/presentations/publicview/1124d278-8cbc-4889-82c8-a89265894b65
30525406756,Carlos Casado,ef3cbd79-11b0-4026-8182-8aa85d16021c,Estados Contables,eeff,https://aif2.cnv.gov.ar/presentations/publicview/ef3cbd79-11b0-4026-8182-8aa85d16021c
30525406756,Carlos Casado,43a0a12c-b8b1-4d88-9d42-ae263128c51d,Estados Contables,eeff,https://aif2.cnv.gov.ar/presentations/publicview/43a0a12c-b8b1-4d88-9d42-ae263128c51d
30525406756,Carlos Casado,b6fcb7f5-50e0-46dd-ae29-d00b5e21f4f2,Estados Contables,eeff,https://aif2.cnv.gov.ar/presentations/publicview/b6fcb7f5-50e0-46dd-ae29-d00b5e21f4f2
30525406756,Carlos Casado,313bb250-f8fc-4968-bed5-55c55779c769,Estados Contables,eeff,https://aif2.cnv.gov.ar/presentations/publicview/313bb250-f8fc-4968-bed5-55c55779c769
30525406756,Carlos Casado,c85243b8-38bd-4af6-97ac-2d774156f20f,Estados Contables,eeff,https://aif2.cnv.gov.ar/presentations/publicview/c85243b8-38bd-4af6-97ac-2d774156f20f
30525406756,Carlos Casado,e4ae697e-009c-4ff1-ba51-1491c8876e12,Estados Contables,eeff,https://aif2.cnv.gov.ar/presentations/publicview/e4ae697e-009c-4ff1-ba51-1491c8876e12
30525406756,Carlos Casado,613b40e3-1779-46af-8e9e-6a9e61f8fbb6,Estados Contables,eeff,https://aif2.cnv.gov.ar/presentations/publicview/613b40e3-1779-46af-8e9e-6a9e61f8fbb6
30525406756,Carlos Casado,b0898398-abaa-4131-93f5-fe430a4889ef,Estados Contables,eeff,https://aif2.cnv.gov.ar/presentations/publicview/b0898398-abaa-4131-93f5-fe430a4889ef
30525406756,Carlos Casado,05da24f6-4a3a-4aed-9375-982f9fc94b42,Estados Contables,eeff,https://aif2.cnv.gov.ar/presentations/publicview/05da24f6-4a3a-4aed-9375-982f9fc94b42
30525698412,A3 Mercados S A,32a5c1a2-31a2-4620-9eae-2360ba4930fc,Estados Contables,eeff,https://aif2.cnv.gov.ar/presentations/publicview/32a5c1a2-31a2-4620-9eae-2360ba4930fc
30525698412,A3 Mercados S A,c8a65a94-2fa4-4cf4-95c7-abb101ce7c81,Estados Contables,eeff,https://aif2.cnv.gov.ar/presentations/publicview/c8a65a94-2fa4-4cf4-95c7-abb101ce7c81
30525698412,A3 Mercados S A,192097bd-2ada-4d53-8212-b9a2d5bfc66e,Estados Contables,eeff,https://aif2.cnv.gov.ar/presentations/publicview/192097bd-2ada-4d53-8212-b9a2d5bfc66e
30525698412,A3 Mercados S A,fa6d8eb0-980b-43b1-9cd2-52e81230ddcd,Estados Contables,eeff,https://aif2.cnv.gov.ar/presentations/publicview/fa6d8eb0-980b-43b1-9cd2-52e81230ddcd
30525698412,A3 Mercados S A,b3a81b35-62f3-4df1-a0eb-d6641ce7e2c1,Estados Contables,eeff,https://aif2.cnv.gov.ar/presentations/publicview/b3a81b35-62f3-4df1-a0eb-d6641ce7e2c1
30525698412,A3 Mercados S A,fd99dd8a-2493-4d64-974a-0d4568e935e2,Estados Contables,eeff,https://aif2.cnv.gov.ar/presentations/publicview/fd99dd8a-2493-4d64-974a-0d4568e935e2
30525698412,A3 Mercados S A,cb1c37db-afc2-4f4b-8221-5d984acb5cc6,Estados Contables,eeff,https://aif2.cnv.gov.ar/presentations/publicview/cb1c37db-afc2-4f4b-8221-5d984acb5cc6
30525698412,A3 Mercados S A,68148bc6-b99b-4395-918f-b093b873f840,Estados Contables,eeff,https://aif2.cnv.gov.ar/presentations/publicview/68148bc6-b99b-4395-918f-b093b873f840
30525698412,A3 Mercados S A,5528bbe9-870f-4372-9927-d286adcac904,Estados Contables,eeff,https://aif2.cnv.gov.ar/presentations/publicview/5528bbe9-870f-4372-9927-d286adcac904
30525698412,A3 Mercados S A,98c9f36c-5fe7-4085-9566-042dda40832b,Estados Contables,eeff,https://aif2.cnv.gov.ar/presentations/publicview/98c9f36c-5fe7-4085-9566-042dda40832b
30525698412,A3 Mercados S A,eb09f3ea-47ff-4db9-999a-1b16c8e9ea8b,Estados Contables,eeff,https://aif2.cnv.gov.ar/presentations/publicview/eb09f3ea-47ff-4db9-999a-1b16c8e9ea8b
30525698412,A3 Mercados S A,4fc6325f-7ce8-4871-9bba-2e31aebc8a09,Estados Contables,eeff,https://aif2.cnv.gov.ar/presentations/publicview/4fc6325f-7ce8-4871-9bba-2e31aebc8a09
30525698412,A3 Mercados S A,88fbc336-32d2-4cd2-814b-b347ef7e6449,Estados Contables,eeff,https://aif2.cnv.gov.ar/presentations/publicview/88fbc336-32d2-4cd2-814b-b347ef7e6449
30525698412,A3 Mercados S A,2b021cff-f551-4f52-a2a5-e92374ea1f76,Estados Contables,eeff,https://aif2.cnv.gov.ar/presentations/publicview/2b021cff-f551-4f52-a2a5-e92374ea1f76
30525698412,A3 Mercados S A,2e52334e-5b50-4e87-ab77-a7a1300b1d28,Estados Contables,eeff,https://aif2.cnv.gov.ar/presentations/publicview/2e52334e-5b50-4e87-ab77-a7a1300b1d28
30525698412,A3 Mercados S A,bb858b1a-8993-480c-8d28-b1670767493f,Estados Contables,eeff,https://aif2.cnv.gov.ar/presentations/publicview/bb858b1a-8993-480c-8d28-b1670767493f
30525698412,A3 Mercados S A,5c9534ed-e99f-4e5f-b321-96cdd724b0b7,Estados Contables,eeff,https://aif2.cnv.gov.ar/presentations/publicview/5c9534ed-e99f-4e5f-b321-96cdd724b0b7
30525698412,A3 Mercados S A,ddd7773d-256b-4c67-b84c-db549be84326,Estados Contables,eeff,https://aif2.cnv.gov.ar/presentations/publicview/ddd7773d-256b-4c67-b84c-db549be84326
30525698412,A3 Mercados S A,72207527-002e-4fce-9e93-f1ffd9549a60,Estados Contables,eeff,https://aif2.cnv.gov.ar/presentations/publicview/72207527-002e-4fce-9e93-f1ffd9549a60
30525698412,A3 Mercados S A,5c388742-d4ef-4055-9a49-257a06399b8a,Estados Contables,eeff,https://aif2.cnv.gov.ar/presentations/publicview/5c388742-d4ef-4055-9a49-257a06399b8a
30525698412,A3 Mercados S A,18cab067-3a6c-4b9e-818a-fbde64934f18,Estados Contables,eeff,https://aif2.cnv.gov.ar/presentations/publicview/18cab067-3a6c-4b9e-818a-fbde64934f18
30525698412,A3 Mercados S A,b67277e6-8065-4c74-9cff-94a204525614,Estados Contables,eeff,https://aif2.cnv.gov.ar/presentations/publicview/b67277e6-8065-4c74-9cff-94a204525614
30525698412,A3 Mercados S A,ffc0c585-39d6-4bad-b2d8-6f2216f9af82,Estados Contables,eeff,https://aif2.cnv.gov.ar/presentations/publicview/ffc0c585-39d6-4bad-b2d8-6f2216f9af82
30525698412,A3 Mercados S A,46670bbc-1470-4bf3-92ec-a1c3fed7b92d,Estados Contables,eeff,https://aif2.cnv.gov.ar/presentations/publicview/46670bbc-1470-4bf3-92ec-a1c3fed7b92d
30525698412,A3 Mercados S A,282fb529-322b-4137-adfa-dad11dc382e6,Estados Contables,eeff,https://aif2.cnv.gov.ar/presentations/publicview/282fb529-322b-4137-adfa-dad11dc382e6
30525698412,A3 Mercados S A,703738d6-6366-4771-a553-b1e2d13d27e5,Estados Contables,eeff,https://aif2.cnv.gov.ar/presentations/publicview/703738d6-6366-4771-a553-b1e2d13d27e5
30525698412,A3 Mercados S A,da09a427-12df-4098-ab91-a5f663fc22a7,Estados Contables,eeff,https://aif2.cnv.gov.ar/presentations/publicview/da09a427-12df-4098-ab91-a5f663fc22a7
30525698412,A3 Mercados S A,cfe8b43f-d3f0-478d-9be6-be42de4b8c8f,Estados Contables,eeff,https://aif2.cnv.gov.ar/presentations/publicview/cfe8b43f-d3f0-478d-9be6-be42de4b8c8f
30525698412,A3 Mercados S A,8255747b-493e-499f-96bf-b4d66abf6b47,Estados Contables,eeff,https://aif2.cnv.gov.ar/presentations/publicview/8255747b-493e-499f-96bf-b4d66abf6b47
30525698412,A3 Mercados S A,ae9e0602-b242-4b76-bd85-466448473cf7,Estados Contables,eeff,https://aif2.cnv.gov.ar/presentations/publicview/ae9e0602-b242-4b76-bd85-466448473cf7
30525698412,A3 Mercados S A,2c479230-05ea-44e7-94ea-4f7a3589486b,Estados Contables,eeff,https://aif2.cnv.gov.ar/presentations/publicview/2c479230-05ea-44e7-94ea-4f7a3589486b
30525698412,A3 Mercados S A,aa212cb2-361f-46fc-9d5b-d26f12e797da,Estados Contables,eeff,https://aif2.cnv.gov.ar/presentations/publicview/aa212cb2-361f-46fc-9d5b-d26f12e797da
30525698412,A3 Mercados S A,c558dc24-269c-4e89-be3f-7a3b83b212da,Estados Contables,eeff,https://aif2.cnv.gov.ar/presentations/publicview/c558dc24-269c-4e89-be3f-7a3b83b212da
30525698412,A3 Mercados S A,d1422103-aada-4175-8311-71f813e1deb4,Estados Contables,eeff,https://aif2.cnv.gov.ar/presentations/publicview/d1422103-aada-4175-8311-71f813e1deb4
30525698412,A3 Mercados S A,0473edb3-ebd1-455b-8334-a0a6980f5522,Estados Contables,eeff,https://aif2.cnv.gov.ar/presentations/publicview/0473edb3-ebd1-455b-8334-a0a6980f5522
30525698412,A3 Mercados S A,9884318c-3c84-48ba-9a4b-67046daa26b9,Estados Contables,eeff,https://aif2.cnv.gov.ar/presentations/publicview/9884318c-3c84-48ba-9a4b-67046daa26b9
30525698412,A3 Mercados S A,4f15ea30-9225-4daa-a0a2-3c24f3188aaf,Estados Contables,eeff,https://aif2.cnv.gov.ar/presentations/publicview/4f15ea30-9225-4daa-a0a2-3c24f3188aaf
30525698412,A3 Mercados S A,d2d6c5b9-86d3-40db-bfa9-2ebecff7a3af,Estados Contables,eeff,https://aif2.cnv.gov.ar/presentations/publicview/d2d6c5b9-86d3-40db-bfa9-2ebecff7a3af
30525698412,A3 Mercados S A,7f9aa839-27b4-41db-a7df-e48d5422262f,Estados Contables,eeff,https://aif2.cnv.gov.ar/presentations/publicview/7f9aa839-27b4-41db-a7df-e48d5422262f
30525698412,A3 Mercados S A,a626c37a-2743-446f-85f6-2a6f527fc3c4,Estados Contables,eeff,https://aif2.cnv.gov.ar/presentations/publicview/a626c37a-2743-446f-85f6-2a6f527fc3c4
30525698412,A3 Mercados S A,a39c341e-dfb2-415d-9f46-8febb88b5780,Estados Contables,eeff,https://aif2.cnv.gov.ar/presentations/publicview/a39c341e-dfb2-415d-9f46-8febb88b5780
30525698412,A3 Mercados S A,85b78e99-b58b-43af-8f95-8d85e49bf83f,Estados Contables,eeff,https://aif2.cnv.gov.ar/presentations/publicview/85b78e99-b58b-43af-8f95-8d85e49bf83f
30525698412,A3 Mercados S A,625ac956-bc2a-43eb-a06b-04ba7122b2f1,Estados Contables,eeff,https://aif2.cnv.gov.ar/presentations/publicview/625ac956-bc2a-43eb-a06b-04ba7122b2f1
30525698412,A3 Mercados S A,e7fa8798-36e4-4df8-93c8-73434e568861,Estados Contables,eeff,https://aif2.cnv.gov.ar/presentations/publicview/e7fa8798-36e4-4df8-93c8-73434e568861
30525698412,A3 Mercados S A,2219407f-4d65-4dfa-a003-4724bd965ab9,Estados Contables,eeff,https://aif2.cnv.gov.ar/presentations/publicview/2219407f-4d65-4dfa-a003-4724bd965ab9
30525698412,A3 Mercados S A,0822d912-44bd-4836-9ea9-c5c1f21e901b,Estados Contables,eeff,https://aif2.cnv.gov.ar/presentations/publicview/0822d912-44bd-4836-9ea9-c5c1f21e901b
30525698412,A3 Mercados S A,24c8ae64-ddeb-4e87-903f-ec477ced9fac,Estados Contables,eeff,https://aif2.cnv.gov.ar/presentations/publicview/24c8ae64-ddeb-4e87-903f-ec477ced9fac
30525698412,A3 Mercados S A,d5f5f758-108b-44d6-8846-32eb97d75157,Estados Contables,eeff,https://aif2.cnv.gov.ar/presentations/publicview/d5f5f758-108b-44d6-8846-32eb97d75157
30525698412,A3 Mercados S A,039cb90a-4c47-476c-9101-f45e2a2513e4,Estados Contables,eeff,https://aif2.cnv.gov.ar/presentations/publicview/039cb90a-4c47-476c-9101-f45e2a2513e4
30525698412,A3 Mercados S A,ab48b316-6c46-4bd8-aef7-3d23b3656f29,Estados Contables,eeff,https://aif2.cnv.gov.ar/presentations/publicview/ab48b316-6c46-4bd8-aef7-3d23b3656f29
30525698412,A3 Mercados S A,c4f6ad3c-02bc-4e0a-a134-4234d282aaf1,Estados Contables,eeff,https://aif2.cnv.gov.ar/presentations/publicview/c4f6ad3c-02bc-4e0a-a134-4234d282aaf1
30525698412,A3 Mercados S A,93c2c69c-1db6-476a-8ee1-aa53991f94fc,Estados Contables,eeff,https://aif2.cnv.gov.ar/presentations/publicview/93c2c69c-1db6-476a-8ee1-aa53991f94fc
30525698412,A3 Mercados S A,2e40c505-aa22-4678-8c85-79a1af18f78e,Estados Contables,eeff,https://aif2.cnv.gov.ar/presentations/publicview/2e40c505-aa22-4678-8c85-79a1af18f78e
30525698412,A3 Mercados S A,a0f665cd-4614-406b-8e86-b3be43e95e6c,Estados Contables,eeff,https://aif2.cnv.gov.ar/presentations/publicview/a0f665cd-4614-406b-8e86-b3be43e95e6c
30525698412,A3 Mercados S A,fb0b5cc2-f0f4-420c-b94a-ffac245c796a,Estados Contables,eeff,https://aif2.cnv.gov.ar/presentations/publicview/fb0b5cc2-f0f4-420c-b94a-ffac245c796a
30525698412,A3 Mercados S A,f0db9368-99d2-4d3b-8d87-da9c16f85895,Estados Contables,eeff,https://aif2.cnv.gov.ar/presentations/publicview/f0db9368-99d2-4d3b-8d87-da9c16f85895
30525698412,A3 Mercados S A,b78e8232-2ead-479b-a66e-d2bdfe39b263,Estados Contables,eeff,https://aif2.cnv.gov.ar/presentations/publicview/b78e8232-2ead-479b-a66e-d2bdfe39b263
30525698412,A3 Mercados S A,663dc152-b75b-48e7-a961-6a0d2c8d010c,Estados Contables,eeff,https://aif2.cnv.gov.ar/presentations/publicview/663dc152-b75b-48e7-a961-6a0d2c8d010c
30525698412,A3 Mercados S A,bd78fe56-e8d0-4562-865c-3406e1f2dca1,Estados Contables,eeff,https://aif2.cnv.gov.ar/presentations/publicview/bd78fe56-e8d0-4562-865c-3406e1f2dca1
30525698412,A3 Mercados SA,32a5c1a2-31a2-4620-9eae-2360ba4930fc,Estados Contables,eeff,https://aif2.cnv.gov.ar/presentations/publicview/32a5c1a2-31a2-4620-9eae-2360ba4930fc
30525698412,A3 Mercados SA,c8a65a94-2fa4-4cf4-95c7-abb101ce7c81,Estados Contables,eeff,https://aif2.cnv.gov.ar/presentations/publicview/c8a65a94-2fa4-4cf4-95c7-abb101ce7c81
30525698412,A3 Mercados SA,192097bd-2ada-4d53-8212-b9a2d5bfc66e,Estados Contables,eeff,https://aif2.cnv.gov.ar/presentations/publicview/192097bd-2ada-4d53-8212-b9a2d5bfc66e
30525698412,A3 Mercados SA,fa6d8eb0-980b-43b1-9cd2-52e81230ddcd,Estados Contables,eeff,https://aif2.cnv.gov.ar/presentations/publicview/fa6d8eb0-980b-43b1-9cd2-52e81230ddcd
30525698412,A3 Mercados SA,b3a81b35-62f3-4df1-a0eb-d6641ce7e2c1,Estados Contables,eeff,https://aif2.cnv.gov.ar/presentations/publicview/b3a81b35-62f3-4df1-a0eb-d6641ce7e2c1
30525698412,A3 Mercados SA,fd99dd8a-2493-4d64-974a-0d4568e935e2,Estados Contables,eeff,https://aif2.cnv.gov.ar/presentations/publicview/fd99dd8a-2493-4d64-974a-0d4568e935e2
30525698412,A3 Mercados SA,cb1c37db-afc2-4f4b-8221-5d984acb5cc6,Estados Contables,eeff,https://aif2.cnv.gov.ar/presentations/publicview/cb1c37db-afc2-4f4b-8221-5d984acb5cc6
30525698412,A3 Mercados SA,68148bc6-b99b-4395-918f-b093b873f840,Estados Contables,eeff,https://aif2.cnv.gov.ar/presentations/publicview/68148bc6-b99b-4395-918f-b093b873f840
30525698412,A3 Mercados SA,5528bbe9-870f-4372-9927-d286adcac904,Estados Contables,eeff,https://aif2.cnv.gov.ar/presentations/publicview/5528bbe9-870f-4372-9927-d286adcac904
30525698412,A3 Mercados SA,98c9f36c-5fe7-4085-9566-042dda40832b,Estados Contables,eeff,https://aif2.cnv.gov.ar/presentations/publicview/98c9f36c-5fe7-4085-9566-042dda40832b
30525698412,A3 Mercados SA,eb09f3ea-47ff-4db9-999a-1b16c8e9ea8b,Estados Contables,eeff,https://aif2.cnv.gov.ar/presentations/publicview/eb09f3ea-47ff-4db9-999a-1b16c8e9ea8b
30525698412,A3 Mercados SA,4fc6325f-7ce8-4871-9bba-2e31aebc8a09,Estados Contables,eeff,https://aif2.cnv.gov.ar/presentations/publicview/4fc6325f-7ce8-4871-9bba-2e31aebc8a09
30525698412,A3 Mercados SA,88fbc336-32d2-4cd2-814b-b347ef7e6449,Estados Contables,eeff,https://aif2.cnv.gov.ar/presentations/publicview/88fbc336-32d2-4cd2-814b-b347ef7e6449
30525698412,A3 Mercados SA,2b021cff-f551-4f52-a2a5-e92374ea1f76,Estados Contables,eeff,https://aif2.cnv.gov.ar/presentations/publicview/2b021cff-f551-4f52-a2a5-e92374ea1f76
30525698412,A3 Mercados SA,2e52334e-5b50-4e87-ab77-a7a1300b1d28,Estados Contables,eeff,https://aif2.cnv.gov.ar/presentations/publicview/2e52334e-5b50-4e87-ab77-a7a1300b1d28
30525698412,A3 Mercados SA,bb858b1a-8993-480c-8d28-b1670767493f,Estados Contables,eeff,https://aif2.cnv.gov.ar/presentations/publicview/bb858b1a-8993-480c-8d28-b1670767493f
30525698412,A3 Mercados SA,5c9534ed-e99f-4e5f-b321-96cdd724b0b7,Estados Contables,eeff,https://aif2.cnv.gov.ar/presentations/publicview/5c9534ed-e99f-4e5f-b321-96cdd724b0b7
30525698412,A3 Mercados SA,ddd7773d-256b-4c67-b84c-db549be84326,Estados Contables,eeff,https://aif2.cnv.gov.ar/presentations/publicview/ddd7773d-256b-4c67-b84c-db549be84326
30525698412,A3 Mercados SA,72207527-002e-4fce-9e93-f1ffd9549a60,Estados Contables,eeff,https://aif2.cnv.gov.ar/presentations/publicview/72207527-002e-4fce-9e93-f1ffd9549a60
30525698412,A3 Mercados SA,5c388742-d4ef-4055-9a49-257a06399b8a,Estados Contables,eeff,https://aif2.cnv.gov.ar/presentations/publicview/5c388742-d4ef-4055-9a49-257a06399b8a
30525698412,A3 Mercados SA,18cab067-3a6c-4b9e-818a-fbde64934f18,Estados Contables,eeff,https://aif2.cnv.gov.ar/presentations/publicview/18cab067-3a6c-4b9e-818a-fbde64934f18
30525698412,A3 Mercados SA,b67277e6-8065-4c74-9cff-94a204525614,Estados Contables,eeff,https://aif2.cnv.gov.ar/presentations/publicview/b67277e6-8065-4c74-9cff-94a204525614
30525698412,A3 Mercados SA,ffc0c585-39d6-4bad-b2d8-6f2216f9af82,Estados Contables,eeff,https://aif2.cnv.gov.ar/presentations/publicview/ffc0c585-39d6-4bad-b2d8-6f2216f9af82
30525698412,A3 Mercados SA,46670bbc-1470-4bf3-92ec-a1c3fed7b92d,Estados Contables,eeff,https://aif2.cnv.gov.ar/presentations/publicview/46670bbc-1470-4bf3-92ec-a1c3fed7b92d
30525698412,A3 Mercados SA,282fb529-322b-4137-adfa-dad11dc382e6,Estados Contables,eeff,https://aif2.cnv.gov.ar/presentations/publicview/282fb529-322b-4137-adfa-dad11dc382e6
30525698412,A3 Mercados SA,703738d6-6366-4771-a553-b1e2d13d27e5,Estados Contables,eeff,https://aif2.cnv.gov.ar/presentations/publicview/703738d6-6366-4771-a553-b1e2d13d27e5
30525698412,A3 Mercados SA,da09a427-12df-4098-ab91-a5f663fc22a7,Estados Contables,eeff,https://aif2.cnv.gov.ar/presentations/publicview/da09a427-12df-4098-ab91-a5f663fc22a7
30525698412,A3 Mercados SA,cfe8b43f-d3f0-478d-9be6-be42de4b8c8f,Estados Contables,eeff,https://aif2.cnv.gov.ar/presentations/publicview/cfe8b43f-d3f0-478d-9be6-be42de4b8c8f
30525698412,A3 Mercados SA,8255747b-493e-499f-96bf-b4d66abf6b47,Estados Contables,eeff,https://aif2.cnv.gov.ar/presentations/publicview/8255747b-493e-499f-96bf-b4d66abf6b47
30525698412,A3 Mercados SA,ae9e0602-b242-4b76-bd85-466448473cf7,Estados Contables,eeff,https://aif2.cnv.gov.ar/presentations/publicview/ae9e0602-b242-4b76-bd85-466448473cf7
30525698412,A3 Mercados SA,2c479230-05ea-44e7-94ea-4f7a3589486b,Estados Contables,eeff,https://aif2.cnv.gov.ar/presentations/publicview/2c479230-05ea-44e7-94ea-4f7a3589486b
30525698412,A3 Mercados SA,aa212cb2-361f-46fc-9d5b-d26f12e797da,Estados Contables,eeff,https://aif2.cnv.gov.ar/presentations/publicview/aa212cb2-361f-46fc-9d5b-d26f12e797da
30525698412,A3 Mercados SA,c558dc24-269c-4e89-be3f-7a3b83b212da,Estados Contables,eeff,https://aif2.cnv.gov.ar/presentations/publicview/c558dc24-269c-4e89-be3f-7a3b83b212da
30525698412,A3 Mercados SA,d1422103-aada-4175-8311-71f813e1deb4,Estados Contables,eeff,https://aif2.cnv.gov.ar/presentations/publicview/d1422103-aada-4175-8311-71f813e1deb4
30525698412,A3 Mercados SA,0473edb3-ebd1-455b-8334-a0a6980f5522,Estados Contables,eeff,https://aif2.cnv.gov.ar/presentations/publicview/0473edb3-ebd1-455b-8334-a0a6980f5522
30525698412,A3 Mercados SA,9884318c-3c84-48ba-9a4b-67046daa26b9,Estados Contables,eeff,https://aif2.cnv.gov.ar/presentations/publicview/9884318c-3c84-48ba-9a4b-67046daa26b9
30525698412,A3 Mercados SA,4f15ea30-9225-4daa-a0a2-3c24f3188aaf,Estados Contables,eeff,https://aif2.cnv.gov.ar/presentations/publicview/4f15ea30-9225-4daa-a0a2-3c24f3188aaf
30525698412,A3 Mercados SA,d2d6c5b9-86d3-40db-bfa9-2ebecff7a3af,Estados Contables,eeff,https://aif2.cnv.gov.ar/presentations/publicview/d2d6c5b9-86d3-40db-bfa9-2ebecff7a3af
30525698412,A3 Mercados SA,7f9aa839-27b4-41db-a7df-e48d5422262f,Estados Contables,eeff,https://aif2.cnv.gov.ar/presentations/publicview/7f9aa839-27b4-41db-a7df-e48d5422262f
30525698412,A3 Mercados SA,a626c37a-2743-446f-85f6-2a6f527fc3c4,Estados Contables,eeff,https://aif2.cnv.gov.ar/presentations/publicview/a626c37a-2743-446f-85f6-2a6f527fc3c4
30525698412,A3 Mercados SA,a39c341e-dfb2-415d-9f46-8febb88b5780,Estados Contables,eeff,https://aif2.cnv.gov.ar/presentations/publicview/a39c341e-dfb2-415d-9f46-8febb88b5780
30525698412,A3 Mercados SA,85b78e99-b58b-43af-8f95-8d85e49bf83f,Estados Contables,eeff,https://aif2.cnv.gov.ar/presentations/publicview/85b78e99-b58b-43af-8f95-8d85e49bf83f
30525698412,A3 Mercados SA,625ac956-bc2a-43eb-a06b-04ba7122b2f1,Estados Contables,eeff,https://aif2.cnv.gov.ar/presentations/publicview/625ac956-bc2a-43eb-a06b-04ba7122b2f1
30525698412,A3 Mercados SA,e7fa8798-36e4-4df8-93c8-73434e568861,Estados Contables,eeff,https://aif2.cnv.gov.ar/presentations/publicview/e7fa8798-36e4-4df8-93c8-73434e568861
30525698412,A3 Mercados SA,2219407f-4d65-4dfa-a003-4724bd965ab9,Estados Contables,eeff,https://aif2.cnv.gov.ar/presentations/publicview/2219407f-4d65-4dfa-a003-4724bd965ab9
30525698412,A3 Mercados SA,0822d912-44bd-4836-9ea9-c5c1f21e901b,Estados Contables,eeff,https://aif2.cnv.gov.ar/presentations/publicview/0822d912-44bd-4836-9ea9-c5c1f21e901b
30525698412,A3 Mercados SA,24c8ae64-ddeb-4e87-903f-ec477ced9fac,Estados Contables,eeff,https://aif2.cnv.gov.ar/presentations/publicview/24c8ae64-ddeb-4e87-903f-ec477ced9fac
30525698412,A3 Mercados SA,d5f5f758-108b-44d6-8846-32eb97d75157,Estados Contables,eeff,https://aif2.cnv.gov.ar/presentations/publicview/d5f5f758-108b-44d6-8846-32eb97d75157
30525698412,A3 Mercados SA,039cb90a-4c47-476c-9101-f45e2a2513e4,Estados Contables,eeff,https://aif2.cnv.gov.ar/presentations/publicview/039cb90a-4c47-476c-9101-f45e2a2513e4
30525698412,A3 Mercados SA,ab48b316-6c46-4bd8-aef7-3d23b3656f29,Estados Contables,eeff,https://aif2.cnv.gov.ar/presentations/publicview/ab48b316-6c46-4bd8-aef7-3d23b3656f29
30525698412,A3 Mercados SA,c4f6ad3c-02bc-4e0a-a134-4234d282aaf1,Estados Contables,eeff,https://aif2.cnv.gov.ar/presentations/publicview/c4f6ad3c-02bc-4e0a-a134-4234d282aaf1
30525698412,A3 Mercados SA,93c2c69c-1db6-476a-8ee1-aa53991f94fc,Estados Contables,eeff,https://aif2.cnv.gov.ar/presentations/publicview/93c2c69c-1db6-476a-8ee1-aa53991f94fc
30525698412,A3 Mercados SA,2e40c505-aa22-4678-8c85-79a1af18f78e,Estados Contables,eeff,https://aif2.cnv.gov.ar/presentations/publicview/2e40c505-aa22-4678-8c85-79a1af18f78e
30525698412,A3 Mercados SA,a0f665cd-4614-406b-8e86-b3be43e95e6c,Estados Contables,eeff,https://aif2.cnv.gov.ar/presentations/publicview/a0f665cd-4614-406b-8e86-b3be43e95e6c
30525698412,A3 Mercados SA,fb0b5cc2-f0f4-420c-b94a-ffac245c796a,Estados Contables,eeff,https://aif2.cnv.gov.ar/presentations/publicview/fb0b5cc2-f0f4-420c-b94a-ffac245c796a
30525698412,A3 Mercados SA,f0db9368-99d2-4d3b-8d87-da9c16f85895,Estados Contables,eeff,https://aif2.cnv.gov.ar/presentations/publicview/f0db9368-99d2-4d3b-8d87-da9c16f85895
30525698412,A3 Mercados SA,b78e8232-2ead-479b-a66e-d2bdfe39b263,Estados Contables,eeff,https://aif2.cnv.gov.ar/presentations/publicview/b78e8232-2ead-479b-a66e-d2bdfe39b263
30525698412,A3 Mercados SA,663dc152-b75b-48e7-a961-6a0d2c8d010c,Estados Contables,eeff,https://aif2.cnv.gov.ar/presentations/publicview/663dc152-b75b-48e7-a961-6a0d2c8d010c
30525698412,A3 Mercados SA,bd78fe56-e8d0-4562-865c-3406e1f2dca1,Estados Contables,eeff,https://aif2.cnv.gov.ar/presentations/publicview/bd78fe56-e8d0-4562-865c-3406e1f2dca1
30526552659,Pampa Energía S A,8501d59e-e575-4892-9f5c-63b84caabc01,Estados Contables,eeff,https://aif2.cnv.gov.ar/presentations/publicview/8501d59e-e575-4892-9f5c-63b84caabc01
30526552659,Pampa Energía S A,cd90b40b-801e-4509-b493-9a531a57a9e4,Estados Contables,eeff,https://aif2.cnv.gov.ar/presentations/publicview/cd90b40b-801e-4509-b493-9a531a57a9e4
30526552659,Pampa Energía S A,44ea711e-33a9-4d36-91e0-03ad6ec8af30,Estados Contables,eeff,https://aif2.cnv.gov.ar/presentations/publicview/44ea711e-33a9-4d36-91e0-03ad6ec8af30
30526552659,Pampa Energía S A,2f6656f8-c834-4c47-83a9-a91793f97f93,Estados Contables,eeff,https://aif2.cnv.gov.ar/presentations/publicview/2f6656f8-c834-4c47-83a9-a91793f97f93
30526552659,Pampa Energía S A,5cdf8fbb-a359-4a4e-af59-08f74e87e165,Estados Contables,eeff,https://aif2.cnv.gov.ar/presentations/publicview/5cdf8fbb-a359-4a4e-af59-08f74e87e165
30526552659,Pampa Energía S A,397a3716-0f40-4d85-a5af-fc7032277809,Estados Contables,eeff,https://aif2.cnv.gov.ar/presentations/publicview/397a3716-0f40-4d85-a5af-fc7032277809
30526552659,Pampa Energía S A,7aca7fac-82fb-4c81-9195-b18abb8be548,Estados Contables,eeff,https://aif2.cnv.gov.ar/presentations/publicview/7aca7fac-82fb-4c81-9195-b18abb8be548
30526552659,Pampa Energía S A,5a307109-dea3-401f-866f-e5341608cc35,Estados Contables,eeff,https://aif2.cnv.gov.ar/presentations/publicview/5a307109-dea3-401f-866f-e5341608cc35
30526552659,Pampa Energía S A,20fc7a7d-56ab-435e-87b6-76df4d51d1e1,Estados Contables,eeff,https://aif2.cnv.gov.ar/presentations/publicview/20fc7a7d-56ab-435e-87b6-76df4d51d1e1
30526552659,Pampa Energía S A,68725e7c-5408-471d-9fd8-7f813611f6e6,Estados Contables,eeff,https://aif2.cnv.gov.ar/presentations/publicview/68725e7c-5408-471d-9fd8-7f813611f6e6
30526552659,Pampa Energía S A,3e5a92df-72be-476a-8719-02e509f8604e,Estados Contables,eeff,https://aif2.cnv.gov.ar/presentations/publicview/3e5a92df-72be-476a-8719-02e509f8604e
30526552659,Pampa Energía S A,59a6e211-5aaf-483c-bcbd-ace89512fb59,Estados Contables,eeff,https://aif2.cnv.gov.ar/presentations/publicview/59a6e211-5aaf-483c-bcbd-ace89512fb59
30526552659,Pampa Energía S A,4248407e-507f-4b98-b41d-ea6bd1ea3785,Estados Contables,eeff,https://aif2.cnv.gov.ar/presentations/publicview/4248407e-507f-4b98-b41d-ea6bd1ea3785
30526552659,Pampa Energía S A,e1f7aa8d-066b-47d6-97d2-5f5409b9ba44,Estados Contables,eeff,https://aif2.cnv.gov.ar/presentations/publicview/e1f7aa8d-066b-47d6-97d2-5f5409b9ba44
30526552659,Pampa Energía S A,63ff5387-9b59-484e-af50-661b55264f81,Estados Contables,eeff,https://aif2.cnv.gov.ar/presentations/publicview/63ff5387-9b59-484e-af50-661b55264f81
30526552659,Pampa Energía S A,739e24c1-7a0e-4814-8c7b-7fbef257959b,Estados Contables,eeff,https://aif2.cnv.gov.ar/presentations/publicview/739e24c1-7a0e-4814-8c7b-7fbef257959b
30526552659,Pampa Energía S A,ddd4fa26-0ead-4ae6-99ae-903e0759590e,Estados Contables,eeff,https://aif2.cnv.gov.ar/presentations/publicview/ddd4fa26-0ead-4ae6-99ae-903e0759590e
30526552659,Pampa Energía S A,98ea0b7e-e8cb-4728-8a3f-bb121ff22424,Estados Contables,eeff,https://aif2.cnv.gov.ar/presentations/publicview/98ea0b7e-e8cb-4728-8a3f-bb121ff22424
30526552659,Pampa Energía S A,dc39e00d-405c-4a9a-9b5d-aa2e08c15ea3,Estados Contables,eeff,https://aif2.cnv.gov.ar/presentations/publicview/dc39e00d-405c-4a9a-9b5d-aa2e08c15ea3
30526552659,Pampa Energía S A,ebca4264-0b07-4523-9df3-ce6597900e62,Estados Contables,eeff,https://aif2.cnv.gov.ar/presentations/publicview/ebca4264-0b07-4523-9df3-ce6597900e62
30526552659,Pampa Energía S A,738e124c-e085-4035-bad6-b72aa484f49d,Estados Contables,eeff,https://aif2.cnv.gov.ar/presentations/publicview/738e124c-e085-4035-bad6-b72aa484f49d
30526552659,Pampa Energía S A,78e4c84d-5792-413c-a467-8438cc71007f,Estados Contables,eeff,https://aif2.cnv.gov.ar/presentations/publicview/78e4c84d-5792-413c-a467-8438cc71007f
30526552659,Pampa Energía S A,a41de2db-ecb4-45fb-9b7c-8b71e259881a,Estados Contables,eeff,https://aif2.cnv.gov.ar/presentations/publicview/a41de2db-ecb4-45fb-9b7c-8b71e259881a
30526552659,Pampa Energía S A,490dc49d-cd5c-414e-a825-5d9e7ea1a8db,Estados Contables,eeff,https://aif2.cnv.gov.ar/presentations/publicview/490dc49d-cd5c-414e-a825-5d9e7ea1a8db
30526552659,Pampa Energía S A,3447b156-d594-4996-ac0c-5c61bce69978,Estados Contables,eeff,https://aif2.cnv.gov.ar/presentations/publicview/3447b156-d594-4996-ac0c-5c61bce69978
30526552659,Pampa Energía S A,bfffc091-24d1-4b1c-a19c-b1ed92d16c44,Estados Contables,eeff,https://aif2.cnv.gov.ar/presentations/publicview/bfffc091-24d1-4b1c-a19c-b1ed92d16c44
30526552659,Pampa Energía S A,03807392-ae2c-43b5-82ad-02527301e8cc,Estados Contables,eeff,https://aif2.cnv.gov.ar/presentations/publicview/03807392-ae2c-43b5-82ad-02527301e8cc
30536928703,Molinos Juan Semino S A,51749859-6733-4549-90ea-9efdd50f0b42,Estados Contables,eeff,https://aif2.cnv.gov.ar/presentations/publicview/51749859-6733-4549-90ea-9efdd50f0b42
30536928703,Molinos Juan Semino S A,e1b1a339-74bf-4d1d-8fcf-82f7dc3528ac,Estados Contables,eeff,https://aif2.cnv.gov.ar/presentations/publicview/e1b1a339-74bf-4d1d-8fcf-82f7dc3528ac
30536928703,Molinos Juan Semino S A,5f5a8d02-8f3d-4618-be68-ab0adb249487,Estados Contables,eeff,https://aif2.cnv.gov.ar/presentations/publicview/5f5a8d02-8f3d-4618-be68-ab0adb249487
30536928703,Molinos Juan Semino S A,a39b5e80-d373-4547-9d37-7aa66c4e2744,Estados Contables,eeff,https://aif2.cnv.gov.ar/presentations/publicview/a39b5e80-d373-4547-9d37-7aa66c4e2744
30536928703,Molinos Juan Semino S A,10209bc3-84f2-4136-b4f1-0af8ecf57c87,Estados Contables,eeff,https://aif2.cnv.gov.ar/presentations/publicview/10209bc3-84f2-4136-b4f1-0af8ecf57c87
30536928703,Molinos Juan Semino S A,806722c9-3c4e-42f1-8c9f-fcd24b0719f9,Estados Contables,eeff,https://aif2.cnv.gov.ar/presentations/publicview/806722c9-3c4e-42f1-8c9f-fcd24b0719f9
30536928703,Molinos Juan Semino S A,b6bf4cd8-951d-4959-a406-cfe171219c5d,Estados Contables,eeff,https://aif2.cnv.gov.ar/presentations/publicview/b6bf4cd8-951d-4959-a406-cfe171219c5d
30536928703,Molinos Juan Semino S A,f93b5dcc-3507-4706-8b17-9de384b0ede1,Estados Contables,eeff,https://aif2.cnv.gov.ar/presentations/publicview/f93b5dcc-3507-4706-8b17-9de384b0ede1
30536928703,Molinos Juan Semino S A,2251a72f-3a14-46d7-be88-fd81a2f62d29,Estados Contables,eeff,https://aif2.cnv.gov.ar/presentations/publicview/2251a72f-3a14-46d7-be88-fd81a2f62d29
30536928703,Molinos Juan Semino S A,7ef525ab-5fc6-4891-b130-27c3b2d41dca,Estados Contables,eeff,https://aif2.cnv.gov.ar/presentations/publicview/7ef525ab-5fc6-4891-b130-27c3b2d41dca
30536928703,Molinos Juan Semino S A,53965d75-4ac9-4627-b285-2630abe25a00,Estados Contables,eeff,https://aif2.cnv.gov.ar/presentations/publicview/53965d75-4ac9-4627-b285-2630abe25a00
30536928703,Molinos Juan Semino S A,a5668cd9-d994-4ef6-b882-97fce3bd6680,Estados Contables,eeff,https://aif2.cnv.gov.ar/presentations/publicview/a5668cd9-d994-4ef6-b882-97fce3bd6680
30536928703,Molinos Juan Semino S A,e875d87a-6a9a-4700-bf10-c11a682d697a,Estados Contables,eeff,https://aif2.cnv.gov.ar/presentations/publicview/e875d87a-6a9a-4700-bf10-c11a682d697a
30536928703,Molinos Juan Semino S A,5bf814d8-aa8b-40f6-a548-9ce1dd83c8c5,Estados Contables,eeff,https://aif2.cnv.gov.ar/presentations/publicview/5bf814d8-aa8b-40f6-a548-9ce1dd83c8c5
30536928703,Molinos Juan Semino S A,d5983f1d-d115-490b-bcab-7e54458227c4,Estados Contables,eeff,https://aif2.cnv.gov.ar/presentations/publicview/d5983f1d-d115-490b-bcab-7e54458227c4
30536928703,Molinos Juan Semino S A,1b92b7ee-d5f0-412f-9fc7-8d915c4ac47e,Estados Contables,eeff,https://aif2.cnv.gov.ar/presentations/publicview/1b92b7ee-d5f0-412f-9fc7-8d915c4ac47e
30536928703,Molinos Juan Semino S A,128f8606-525c-4207-be70-7cfd4a2a8672,Estados Contables,eeff,https://aif2.cnv.gov.ar/presentations/publicview/128f8606-525c-4207-be70-7cfd4a2a8672
30536928703,Molinos Juan Semino S A,0fde111f-1484-4da3-81c1-47eb64c783f2,Estados Contables,eeff,https://aif2.cnv.gov.ar/presentations/publicview/0fde111f-1484-4da3-81c1-47eb64c783f2
30536928703,Molinos Juan Semino S A,2cfff462-de7c-4d90-ac14-5e06be0cd61a,Estados Contables,eeff,https://aif2.cnv.gov.ar/presentations/publicview/2cfff462-de7c-4d90-ac14-5e06be0cd61a
30536928703,Molinos Juan Semino S A,82ef1cf2-3036-4d4b-9abb-6e72f81a5b50,Estados Contables,eeff,https://aif2.cnv.gov.ar/presentations/publicview/82ef1cf2-3036-4d4b-9abb-6e72f81a5b50
30536928703,Molinos Juan Semino S A,740be57c-33dd-47bf-a9e0-ada57bb623d3,Estados Contables,eeff,https://aif2.cnv.gov.ar/presentations/publicview/740be57c-33dd-47bf-a9e0-ada57bb623d3
30536928703,Molinos Juan Semino S A,f0539edf-3d7a-406a-89cf-9bd36f5a79c2,Estados Contables,eeff,https://aif2.cnv.gov.ar/presentations/publicview/f0539edf-3d7a-406a-89cf-9bd36f5a79c2
30536928703,Molinos Juan Semino S A,63231891-32e2-46be-9402-0815eaaba3df,Estados Contables,eeff,https://aif2.cnv.gov.ar/presentations/publicview/63231891-32e2-46be-9402-0815eaaba3df
30536928703,Molinos Juan Semino S A,fe99edf7-7a97-4d26-a4be-655f5836a8a3,Estados Contables,eeff,https://aif2.cnv.gov.ar/presentations/publicview/fe99edf7-7a97-4d26-a4be-655f5836a8a3
30536928703,Molinos Juan Semino S A,ca3c6bc2-4811-4d54-b137-c731e5f15f08,Estados Contables,eeff,https://aif2.cnv.gov.ar/presentations/publicview/ca3c6bc2-4811-4d54-b137-c731e5f15f08
30536928703,Molinos Juan Semino S A,267ecf0b-3264-4b3c-a30c-5fc8a02a4bd2,Estados Contables,eeff,https://aif2.cnv.gov.ar/presentations/publicview/267ecf0b-3264-4b3c-a30c-5fc8a02a4bd2
30536928703,Molinos Juan Semino S A,113adc1f-6e77-4666-96da-69a18e69129f,Estados Contables,eeff,https://aif2.cnv.gov.ar/presentations/publicview/113adc1f-6e77-4666-96da-69a18e69129f
30536928703,Molinos Juan Semino S A,3bdf10c8-a60c-4e2b-a47c-42d4bc602de7,Estados Contables,eeff,https://aif2.cnv.gov.ar/presentations/publicview/3bdf10c8-a60c-4e2b-a47c-42d4bc602de7
30536928703,Molinos Juan Semino S A,45c7a102-b477-4dab-9fd7-0b6abb2e95ad,Estados Contables,eeff,https://aif2.cnv.gov.ar/presentations/publicview/45c7a102-b477-4dab-9fd7-0b6abb2e95ad
30536928703,Molinos Juan Semino S A,90e384b5-5f9f-4ce5-b755-ff0447f79c8f,Estados Contables,eeff,https://aif2.cnv.gov.ar/presentations/publicview/90e384b5-5f9f-4ce5-b755-ff0447f79c8f
30536928703,Molinos Juan Semino S A,2271e174-b530-4ebf-8644-38d274bed7e6,Estados Contables,eeff,https://aif2.cnv.gov.ar/presentations/publicview/2271e174-b530-4ebf-8644-38d274bed7e6
30536928703,Molinos Juan Semino S A,5c98a759-6871-4a78-91bb-9fcb0c91ac53,Estados Contables,eeff,https://aif2.cnv.gov.ar/presentations/publicview/5c98a759-6871-4a78-91bb-9fcb0c91ac53
30536928703,Molinos Juan Semino S A,fd9854c0-302f-415c-b335-355d332881bc,Estados Contables,eeff,https://aif2.cnv.gov.ar/presentations/publicview/fd9854c0-302f-415c-b335-355d332881bc
30536928703,Molinos Juan Semino S A,d504eae6-692f-402d-9f7b-1685a8423625,Estados Contables,eeff,https://aif2.cnv.gov.ar/presentations/publicview/d504eae6-692f-402d-9f7b-1685a8423625
30536928703,Molinos Juan Semino S A,49505536-ea67-400e-ab6d-eec607063f98,Estados Contables,eeff,https://aif2.cnv.gov.ar/presentations/publicview/49505536-ea67-400e-ab6d-eec607063f98
30536928703,Molinos Juan Semino S A,235395d5-4aba-461f-95c7-a9e80cdc9315,Estados Contables,eeff,https://aif2.cnv.gov.ar/presentations/publicview/235395d5-4aba-461f-95c7-a9e80cdc9315
30536928703,Molinos Juan Semino S A,14ab8890-7dbc-40a5-bee7-b5b0e83cc81e,Estados Contables,eeff,https://aif2.cnv.gov.ar/presentations/publicview/14ab8890-7dbc-40a5-bee7-b5b0e83cc81e
30536928703,Molinos Juan Semino S A,fb2646fd-a57c-4bec-8098-0d8f5c3636b5,Estados Contables,eeff,https://aif2.cnv.gov.ar/presentations/publicview/fb2646fd-a57c-4bec-8098-0d8f5c3636b5
30536928703,Molinos Juan Semino S A,3fe1e6db-5ff8-44c6-9942-5c53a51deca0,Estados Contables,eeff,https://aif2.cnv.gov.ar/presentations/publicview/3fe1e6db-5ff8-44c6-9942-5c53a51deca0
30536928703,Molinos Juan Semino S A,788273b2-6f7f-4d57-92ce-8e5cb97943c6,Estados Contables,eeff,https://aif2.cnv.gov.ar/presentations/publicview/788273b2-6f7f-4d57-92ce-8e5cb97943c6
30536928703,Molinos Juan Semino S A,f7fe8f65-f118-493f-a270-a193cfd30baa,Estados Contables,eeff,https://aif2.cnv.gov.ar/presentations/publicview/f7fe8f65-f118-493f-a270-a193cfd30baa
30536928703,Molinos Juan Semino S A,a0f7257b-323a-4c1b-aaaa-6e247fae6d45,Estados Contables,eeff,https://aif2.cnv.gov.ar/presentations/publicview/a0f7257b-323a-4c1b-aaaa-6e247fae6d45
30536928703,Molinos Juan Semino S A,1f46eac5-564a-482f-8ddb-569f6da78dc9,Estados Contables,eeff,https://aif2.cnv.gov.ar/presentations/publicview/1f46eac5-564a-482f-8ddb-569f6da78dc9
30538748478,Polledo S A I C F,0275e226-574b-4a69-8b87-c27cc0fc32b1,Estados Contables,eeff,https://aif2.cnv.gov.ar/presentations/publicview/0275e226-574b-4a69-8b87-c27cc0fc32b1
30538748478,Polledo S A I C F,467fa0b3-87ec-4338-9f1e-054988732b4e,Estados Contables,eeff,https://aif2.cnv.gov.ar/presentations/publicview/467fa0b3-87ec-4338-9f1e-054988732b4e
30538748478,Polledo S A I C F,c0c28b1d-f2b3-4800-8134-ce96b0eacd26,Estados Contables,eeff,https://aif2.cnv.gov.ar/presentations/publicview/c0c28b1d-f2b3-4800-8134-ce96b0eacd26
30538748478,Polledo S A I C F,c46713ad-09c9-422e-828d-1bd2c6e0de4d,Estados Contables,eeff,https://aif2.cnv.gov.ar/presentations/publicview/c46713ad-09c9-422e-828d-1bd2c6e0de4d
30538748478,Polledo S A I C F,7d79a215-39b6-4160-80dc-e2603e2920de,Estados Contables,eeff,https://aif2.cnv.gov.ar/presentations/publicview/7d79a215-39b6-4160-80dc-e2603e2920de
30538748478,Polledo S A I C F,c39d91df-2cff-4e56-8081-19c9462d5615,Estados Contables,eeff,https://aif2.cnv.gov.ar/presentations/publicview/c39d91df-2cff-4e56-8081-19c9462d5615
30538748478,Polledo S A I C F,d749fbe5-a3d7-4844-b845-bc807295ec29,Estados Contables,eeff,https://aif2.cnv.gov.ar/presentations/publicview/d749fbe5-a3d7-4844-b845-bc807295ec29
30538748478,Polledo S A I C F,03f85b01-d213-4f41-8714-6175ee2849bc,Estados Contables,eeff,https://aif2.cnv.gov.ar/presentations/publicview/03f85b01-d213-4f41-8714-6175ee2849bc
30538748478,Polledo S A I C F,e7b1b4d5-aa16-4447-9c84-4626d4fc9a76,Estados Contables,eeff,https://aif2.cnv.gov.ar/presentations/publicview/e7b1b4d5-aa16-4447-9c84-4626d4fc9a76
30538748478,Polledo S A I C F,177a9318-b285-42c9-bafe-377045399925,Estados Contables,eeff,https://aif2.cnv.gov.ar/presentations/publicview/177a9318-b285-42c9-bafe-377045399925
30538748478,Polledo S A I C F,9c0bdd39-ef87-44f4-93b9-ebcb6d420e4e,Estados Contables,eeff,https://aif2.cnv.gov.ar/presentations/publicview/9c0bdd39-ef87-44f4-93b9-ebcb6d420e4e
30538748478,Polledo S A I C F,1052cef5-a16e-4dbd-82d5-befc3ec5efe6,Estados Contables,eeff,https://aif2.cnv.gov.ar/presentations/publicview/1052cef5-a16e-4dbd-82d5-befc3ec5efe6
30538748478,Polledo S A I C F,ac4d3c06-1478-49d6-9567-1c063765730d,Estados Contables,eeff,https://aif2.cnv.gov.ar/presentations/publicview/ac4d3c06-1478-49d6-9567-1c063765730d
30538748478,Polledo S A I C F,4c4039c5-fe47-41de-817e-38ebffbdf0e4,Estados Contables,eeff,https://aif2.cnv.gov.ar/presentations/publicview/4c4039c5-fe47-41de-817e-38ebffbdf0e4
30538748478,Polledo S A I C F,5018d0aa-982f-47b4-93b1-d58303c5a2b3,Estados Contables,eeff,https://aif2.cnv.gov.ar/presentations/publicview/5018d0aa-982f-47b4-93b1-d58303c5a2b3
30538748478,Polledo S A I C F,555de4f1-6f56-4186-a237-70107875f307,Estados Contables,eeff,https://aif2.cnv.gov.ar/presentations/publicview/555de4f1-6f56-4186-a237-70107875f307
30538748478,Polledo S A I C F,fa0f96f2-7d26-4b5d-904c-b57d92708d44,Estados Contables,eeff,https://aif2.cnv.gov.ar/presentations/publicview/fa0f96f2-7d26-4b5d-904c-b57d92708d44
30538748478,Polledo S A I C F,ceccf113-4fd7-4540-a26a-ebf03c3c91c5,Estados Contables,eeff,https://aif2.cnv.gov.ar/presentations/publicview/ceccf113-4fd7-4540-a26a-ebf03c3c91c5
30538748478,Polledo S A I C F,d007ef99-c198-4c53-95d9-33e9abc43582,Estados Contables,eeff,https://aif2.cnv.gov.ar/presentations/publicview/d007ef99-c198-4c53-95d9-33e9abc43582
30538748478,Polledo S A I C F,a1019406-80c7-4f88-861f-4ec5823ead8a,Estados Contables,eeff,https://aif2.cnv.gov.ar/presentations/publicview/a1019406-80c7-4f88-861f-4ec5823ead8a
30538748478,Polledo S A I C F,9b69572e-e61c-4d11-87b6-6b3f2f059e3a,Estados Contables,eeff,https://aif2.cnv.gov.ar/presentations/publicview/9b69572e-e61c-4d11-87b6-6b3f2f059e3a
30538748478,Polledo S A I C F,7b3cdb3a-e2a7-46c9-bf24-010ea178d4da,Estados Contables,eeff,https://aif2.cnv.gov.ar/presentations/publicview/7b3cdb3a-e2a7-46c9-bf24-010ea178d4da
30538748478,Polledo S A I C F,c230b37a-25e7-4f8e-87ac-62afd8f33f52,Estados Contables,eeff,https://aif2.cnv.gov.ar/presentations/publicview/c230b37a-25e7-4f8e-87ac-62afd8f33f52
30538748478,Polledo S A I C F,36864f4a-b0ee-4da1-be7c-80df8cdce4ea,Estados Contables,eeff,https://aif2.cnv.gov.ar/presentations/publicview/36864f4a-b0ee-4da1-be7c-80df8cdce4ea
30538748478,Polledo S A I C F,f1b27d88-4d62-4aad-8f88-804d0086f291,Estados Contables,eeff,https://aif2.cnv.gov.ar/presentations/publicview/f1b27d88-4d62-4aad-8f88-804d0086f291
30538748478,Polledo S A I C F,bb513728-fb2f-4c6a-93a6-d8a4bd04560d,Estados Contables,eeff,https://aif2.cnv.gov.ar/presentations/publicview/bb513728-fb2f-4c6a-93a6-d8a4bd04560d
30538748478,Polledo S A I C F,6797248b-2670-40d6-97dc-3ec8328266c2,Estados Contables,eeff,https://aif2.cnv.gov.ar/presentations/publicview/6797248b-2670-40d6-97dc-3ec8328266c2
30538748478,Polledo S A I C F,7224eaea-6d5d-49dc-a0a5-38bd767ea406,Estados Contables,eeff,https://aif2.cnv.gov.ar/presentations/publicview/7224eaea-6d5d-49dc-a0a5-38bd767ea406
30538748478,Polledo S A I C F,fc9e2f1f-e7f3-4404-a9bc-ee50901e429f,Estados Contables,eeff,https://aif2.cnv.gov.ar/presentations/publicview/fc9e2f1f-e7f3-4404-a9bc-ee50901e429f
30538748478,Polledo S A I C F,977f553d-d4e2-40d3-b2cb-02de75da6621,Estados Contables,eeff,https://aif2.cnv.gov.ar/presentations/publicview/977f553d-d4e2-40d3-b2cb-02de75da6621
30538748478,Polledo S A I C F,9bfdcb88-d042-40b5-b6a1-13770f118db8,Estados Contables,eeff,https://aif2.cnv.gov.ar/presentations/publicview/9bfdcb88-d042-40b5-b6a1-13770f118db8
30538748478,Polledo S A I C F,df3f3f15-1c14-4fcf-8b34-d2aae522539f,Estados Contables,eeff,https://aif2.cnv.gov.ar/presentations/publicview/df3f3f15-1c14-4fcf-8b34-d2aae522539f
30538748478,Polledo S A I C F,673e4b62-8266-4053-aa57-b2625ff6eb03,Estados Contables,eeff,https://aif2.cnv.gov.ar/presentations/publicview/673e4b62-8266-4053-aa57-b2625ff6eb03
30538748478,Polledo S A I C F,5f7d3d54-a9e9-4add-a0b2-d98d6b476e7d,Estados Contables,eeff,https://aif2.cnv.gov.ar/presentations/publicview/5f7d3d54-a9e9-4add-a0b2-d98d6b476e7d
30538748478,Polledo S A I C F,97565a07-c3a5-4939-82e4-bed59d5bf5ea,Estados Contables,eeff,https://aif2.cnv.gov.ar/presentations/publicview/97565a07-c3a5-4939-82e4-bed59d5bf5ea
30538748478,Polledo S A I C F,8d663c56-a0de-46d0-9ad5-ed08a64eaf82,Estados Contables,eeff,https://aif2.cnv.gov.ar/presentations/publicview/8d663c56-a0de-46d0-9ad5-ed08a64eaf82
30538748478,Polledo S A I C F,47b46236-6e84-4c49-a414-a1603cda295f,Estados Contables,eeff,https://aif2.cnv.gov.ar/presentations/publicview/47b46236-6e84-4c49-a414-a1603cda295f
30538748478,Polledo S A I C F,63ab6513-a399-405a-a587-7a8e8f268194,Estados Contables,eeff,https://aif2.cnv.gov.ar/presentations/publicview/63ab6513-a399-405a-a587-7a8e8f268194
30538748478,Polledo S A I C F,0ff93791-1f4e-4327-b046-1e493ef251c6,Estados Contables,eeff,https://aif2.cnv.gov.ar/presentations/publicview/0ff93791-1f4e-4327-b046-1e493ef251c6
30538748478,Polledo S A I C F,5638cafe-4557-43fc-ad7d-d297968b0c43,Estados Contables,eeff,https://aif2.cnv.gov.ar/presentations/publicview/5638cafe-4557-43fc-ad7d-d297968b0c43
30538748478,Polledo S A I C F,3a44e489-e037-48fa-808e-43f320298ba3,Estados Contables,eeff,https://aif2.cnv.gov.ar/presentations/publicview/3a44e489-e037-48fa-808e-43f320298ba3
30538748478,Polledo S A I C F,141f7bd3-308e-4f96-93da-57b92d8b7449,Estados Contables,eeff,https://aif2.cnv.gov.ar/presentations/publicview/141f7bd3-308e-4f96-93da-57b92d8b7449
30538748478,Polledo S A I C F,4aa023da-c6da-46ba-9094-0c9a0aa7b8a4,Estados Contables,eeff,https://aif2.cnv.gov.ar/presentations/publicview/4aa023da-c6da-46ba-9094-0c9a0aa7b8a4
30538748478,Polledo S A I C F,6144ffaa-3ca7-45b4-b167-3ba0ae547da1,Estados Contables,eeff,https://aif2.cnv.gov.ar/presentations/publicview/6144ffaa-3ca7-45b4-b167-3ba0ae547da1
30538748478,Polledo S A I C F,23d466cf-5c90-4c22-a41b-25ec7a74c56a,Estados Contables,eeff,https://aif2.cnv.gov.ar/presentations/publicview/23d466cf-5c90-4c22-a41b-25ec7a74c56a
30538748478,Polledo S A I C F,87363836-1d0d-4145-a8d7-66648edab30e,Estados Contables,eeff,https://aif2.cnv.gov.ar/presentations/publicview/87363836-1d0d-4145-a8d7-66648edab30e
30538748478,Polledo S A I C F,a13b79af-1a0b-492b-9561-a07570b97c5e,Estados Contables,eeff,https://aif2.cnv.gov.ar/presentations/publicview/a13b79af-1a0b-492b-9561-a07570b97c5e
30538748478,Polledo S A I C F,9751b91a-be7a-4fe9-ae90-f7d54a938320,Estados Contables,eeff,https://aif2.cnv.gov.ar/presentations/publicview/9751b91a-be7a-4fe9-ae90-f7d54a938320
30538748478,Polledo S A I C F,73a050fa-8bbc-40d8-864d-1053f9bf9e5f,Estados Contables,eeff,https://aif2.cnv.gov.ar/presentations/publicview/73a050fa-8bbc-40d8-864d-1053f9bf9e5f
30538748478,Polledo S A I C F,f235036b-a6fc-4f5e-afa4-2e84255c4d56,Estados Contables,eeff,https://aif2.cnv.gov.ar/presentations/publicview/f235036b-a6fc-4f5e-afa4-2e84255c4d56
30538748478,Polledo S A I C F,c36b8507-1c79-479e-82a3-4ae52f405ffc,Estados Contables,eeff,https://aif2.cnv.gov.ar/presentations/publicview/c36b8507-1c79-479e-82a3-4ae52f405ffc
30538748478,Polledo S A I C F,6daaf96b-c1e6-472f-b2e5-0eebc68a96e9,Estados Contables,eeff,https://aif2.cnv.gov.ar/presentations/publicview/6daaf96b-c1e6-472f-b2e5-0eebc68a96e9
30546689979,YPF S A,2cbbdd11-7da8-43bd-ab11-706c8c90a6f9,Estados Contables,eeff,https://aif2.cnv.gov.ar/presentations/publicview/2cbbdd11-7da8-43bd-ab11-706c8c90a6f9
30546689979,YPF S A,322dc5cf-2181-40c2-9476-0641e4199f1d,Estados Contables,eeff,https://aif2.cnv.gov.ar/presentations/publicview/322dc5cf-2181-40c2-9476-0641e4199f1d
30546689979,YPF S A,01ca2a10-b362-4f5d-b748-8fb11d75f805,Estados Contables,eeff,https://aif2.cnv.gov.ar/presentations/publicview/01ca2a10-b362-4f5d-b748-8fb11d75f805
30546689979,YPF S A,3b72e382-1734-485c-91ce-10da5ebdd872,Estados Contables,eeff,https://aif2.cnv.gov.ar/presentations/publicview/3b72e382-1734-485c-91ce-10da5ebdd872
30546689979,YPF S A,28498cbb-d733-4e22-b263-7080a941398b,Estados Contables,eeff,https://aif2.cnv.gov.ar/presentations/publicview/28498cbb-d733-4e22-b263-7080a941398b
30546689979,YPF S A,78e569d4-d5ef-4d45-b6dd-3005ce51f9f5,Estados Contables,eeff,https://aif2.cnv.gov.ar/presentations/publicview/78e569d4-d5ef-4d45-b6dd-3005ce51f9f5
30546689979,YPF S A,056c8e8a-0351-4194-9d4f-3213d66409dc,Estados Contables,eeff,https://aif2.cnv.gov.ar/presentations/publicview/056c8e8a-0351-4194-9d4f-3213d66409dc
30546689979,YPF S A,afd9bca5-144b-4a7f-a8e6-638464f7900d,Estados Contables,eeff,https://aif2.cnv.gov.ar/presentations/publicview/afd9bca5-144b-4a7f-a8e6-638464f7900d
30546689979,YPF S A,8b0bb0be-5d63-4877-97d9-50454789f8b8,Estados Contables,eeff,https://aif2.cnv.gov.ar/presentations/publicview/8b0bb0be-5d63-4877-97d9-50454789f8b8
30546689979,YPF S A,ef812e39-94a3-4634-bb9a-efa491a33140,Estados Contables,eeff,https://aif2.cnv.gov.ar/presentations/publicview/ef812e39-94a3-4634-bb9a-efa491a33140
30546689979,YPF S A,1412f8ac-61b9-4e6a-9f12-c299de9cc00d,Estados Contables,eeff,https://aif2.cnv.gov.ar/presentations/publicview/1412f8ac-61b9-4e6a-9f12-c299de9cc00d
30546689979,YPF S A,de18ce1f-dbca-4294-9dd1-843a8e506699,Estados Contables,eeff,https://aif2.cnv.gov.ar/presentations/publicview/de18ce1f-dbca-4294-9dd1-843a8e506699
30546689979,YPF S A,60ac6648-8a77-4e92-bd45-fc37c5b68fdb,Estados Contables,eeff,https://aif2.cnv.gov.ar/presentations/publicview/60ac6648-8a77-4e92-bd45-fc37c5b68fdb
30546689979,YPF S A,d50d3eb3-98a4-4a83-a196-f4418eed1ce2,Estados Contables,eeff,https://aif2.cnv.gov.ar/presentations/publicview/d50d3eb3-98a4-4a83-a196-f4418eed1ce2
30546689979,YPF S A,643f8cd7-81d0-4f91-9820-30719d6e9ac6,Estados Contables,eeff,https://aif2.cnv.gov.ar/presentations/publicview/643f8cd7-81d0-4f91-9820-30719d6e9ac6
30546689979,YPF S A,bce3336b-b949-4f8e-bcfc-45cd0d021ad2,Estados Contables,eeff,https://aif2.cnv.gov.ar/presentations/publicview/bce3336b-b949-4f8e-bcfc-45cd0d021ad2
30546689979,YPF S A,4cec10b9-a331-4230-a8a6-1fc90e53dce6,Estados Contables,eeff,https://aif2.cnv.gov.ar/presentations/publicview/4cec10b9-a331-4230-a8a6-1fc90e53dce6
30546689979,YPF S A,3f85363a-c4be-4a02-b88f-4dbaa0ac7d1d,Estados Contables,eeff,https://aif2.cnv.gov.ar/presentations/publicview/3f85363a-c4be-4a02-b88f-4dbaa0ac7d1d
30546689979,YPF S A,4c96cd26-7009-41d2-ae2f-ab9c824059ff,Estados Contables,eeff,https://aif2.cnv.gov.ar/presentations/publicview/4c96cd26-7009-41d2-ae2f-ab9c824059ff
30576124275,Banco de Valores S A,e9fb2a80-3e63-4150-b21f-1ac5e40b16d1,Estados Contables,eeff,https://aif2.cnv.gov.ar/presentations/publicview/e9fb2a80-3e63-4150-b21f-1ac5e40b16d1
30576124275,Banco de Valores S A,2d334746-b0a5-471c-9047-8e205e1e74b9,Estados Contables,eeff,https://aif2.cnv.gov.ar/presentations/publicview/2d334746-b0a5-471c-9047-8e205e1e74b9
30576124275,Banco de Valores S A,145ba8fd-843f-45a0-9d24-fe284d6374b1,Estados Contables,eeff,https://aif2.cnv.gov.ar/presentations/publicview/145ba8fd-843f-45a0-9d24-fe284d6374b1
30576124275,Banco de Valores S A,edcedcfe-8f9d-4497-8462-59207c1b2c76,Estados Contables,eeff,https://aif2.cnv.gov.ar/presentations/publicview/edcedcfe-8f9d-4497-8462-59207c1b2c76
30576124275,Banco de Valores S A,de5df271-0cfc-4d3f-a09b-2a99a512c278,Estados Contables,eeff,https://aif2.cnv.gov.ar/presentations/publicview/de5df271-0cfc-4d3f-a09b-2a99a512c278
30576124275,Banco de Valores S A,98195f46-2b4e-4c5e-91e8-173578c743bb,Estados Contables,eeff,https://aif2.cnv.gov.ar/presentations/publicview/98195f46-2b4e-4c5e-91e8-173578c743bb
30576124275,Banco de Valores S A,59031e85-48da-4b03-a354-ce137b164648,Estados Contables,eeff,https://aif2.cnv.gov.ar/presentations/publicview/59031e85-48da-4b03-a354-ce137b164648
30576124275,Banco de Valores S A,f8fa624d-cf69-412d-b07a-a3708189725c,Estados Contables,eeff,https://aif2.cnv.gov.ar/presentations/publicview/f8fa624d-cf69-412d-b07a-a3708189725c
30576124275,Banco de Valores S A,207fd3a2-1077-418e-9769-04de1c100c0d,Estados Contables,eeff,https://aif2.cnv.gov.ar/presentations/publicview/207fd3a2-1077-418e-9769-04de1c100c0d
30576124275,Banco de Valores S A,8a0e6a91-973c-4700-8f9d-ef2df0d70b1f,Estados Contables,eeff,https://aif2.cnv.gov.ar/presentations/publicview/8a0e6a91-973c-4700-8f9d-ef2df0d70b1f
30576124275,Banco de Valores S A,d6656fac-cf51-4b3f-9e10-0c5ba8ed8e39,Estados Contables,eeff,https://aif2.cnv.gov.ar/presentations/publicview/d6656fac-cf51-4b3f-9e10-0c5ba8ed8e39
30576124275,Banco de Valores S A,a6a9d0f7-4f47-4c09-ae91-dbb3cfcd3434,Estados Contables,eeff,https://aif2.cnv.gov.ar/presentations/publicview/a6a9d0f7-4f47-4c09-ae91-dbb3cfcd3434
30576124275,Banco de Valores S A,733f3422-ea61-49bd-a798-68685c78b4bb,Estados Contables,eeff,https://aif2.cnv.gov.ar/presentations/publicview/733f3422-ea61-49bd-a798-68685c78b4bb
30576124275,Banco de Valores S A,bd9bb257-990b-4421-b650-5d3266b44309,Estados Contables,eeff,https://aif2.cnv.gov.ar/presentations/publicview/bd9bb257-990b-4421-b650-5d3266b44309
30576124275,Banco de Valores S A,f9a40731-c7b3-4296-8fc4-120b47db02f8,Estados Contables,eeff,https://aif2.cnv.gov.ar/presentations/publicview/f9a40731-c7b3-4296-8fc4-120b47db02f8
30576124275,Banco de Valores S A,8292a58e-adb1-4f22-a2e8-421fd14297da,Estados Contables,eeff,https://aif2.cnv.gov.ar/presentations/publicview/8292a58e-adb1-4f22-a2e8-421fd14297da
30578036071,Mirgor,4bab8c9d-e77e-4d31-8ba3-d8a13c6b8379,Estados Contables,eeff,https://aif2.cnv.gov.ar/presentations/publicview/4bab8c9d-e77e-4d31-8ba3-d8a13c6b8379
30578036071,Mirgor,36f5df26-e809-48c1-b804-063ca2dc1223,Estados Contables,eeff,https://aif2.cnv.gov.ar/presentations/publicview/36f5df26-e809-48c1-b804-063ca2dc1223
30578036071,Mirgor,610759e9-2b85-4b88-b551-29f5069cbeb3,Estados Contables,eeff,https://aif2.cnv.gov.ar/presentations/publicview/610759e9-2b85-4b88-b551-29f5069cbeb3
30578036071,Mirgor,41b67414-0306-4d4d-bf14-559c80c5284b,Estados Contables,eeff,https://aif2.cnv.gov.ar/presentations/publicview/41b67414-0306-4d4d-bf14-559c80c5284b
30578036071,Mirgor,ba126641-6313-4ac2-8b87-5212185894f3,Estados Contables,eeff,https://aif2.cnv.gov.ar/presentations/publicview/ba126641-6313-4ac2-8b87-5212185894f3
30578036071,Mirgor,63859487-154a-4a3e-a24a-fe2d067b0934,Estados Contables,eeff,https://aif2.cnv.gov.ar/presentations/publicview/63859487-154a-4a3e-a24a-fe2d067b0934
30578036071,Mirgor,6101a3b4-8359-417c-89c1-954dd1fdf9d3,Estados Contables,eeff,https://aif2.cnv.gov.ar/presentations/publicview/6101a3b4-8359-417c-89c1-954dd1fdf9d3
30578036071,Mirgor,b974d900-9ccb-48a6-9ae3-99887e82eb4f,Estados Contables,eeff,https://aif2.cnv.gov.ar/presentations/publicview/b974d900-9ccb-48a6-9ae3-99887e82eb4f
30578036071,Mirgor,85026542-7fb6-4b09-9cf5-4e7df89b2d19,Estados Contables,eeff,https://aif2.cnv.gov.ar/presentations/publicview/85026542-7fb6-4b09-9cf5-4e7df89b2d19
30578036071,Mirgor,f42aed7c-1728-4b5a-894f-e8301b130a39,Estados Contables,eeff,https://aif2.cnv.gov.ar/presentations/publicview/f42aed7c-1728-4b5a-894f-e8301b130a39
30578036071,Mirgor,123e132d-663c-44c8-8bf8-fccc6f73a91e,Estados Contables,eeff,https://aif2.cnv.gov.ar/presentations/publicview/123e132d-663c-44c8-8bf8-fccc6f73a91e
30578036071,Mirgor,d6060bec-a7ca-47c1-946d-3378a5fe3c9c,Estados Contables,eeff,https://aif2.cnv.gov.ar/presentations/publicview/d6060bec-a7ca-47c1-946d-3378a5fe3c9c
30578036071,Mirgor,4c45d3c8-fff6-492d-8a84-36f62beb2c39,Estados Contables,eeff,https://aif2.cnv.gov.ar/presentations/publicview/4c45d3c8-fff6-492d-8a84-36f62beb2c39
30578036071,Mirgor,d913f6c9-a868-4b92-b37e-de264cdab08b,Estados Contables,eeff,https://aif2.cnv.gov.ar/presentations/publicview/d913f6c9-a868-4b92-b37e-de264cdab08b
30578036071,Mirgor,6d68e5fc-9339-469a-b23a-846d6c1b2d9d,Estados Contables,eeff,https://aif2.cnv.gov.ar/presentations/publicview/6d68e5fc-9339-469a-b23a-846d6c1b2d9d
30578036071,Mirgor,b5b98e89-461a-4c12-87a2-e11ea6ee76ce,Estados Contables,eeff,https://aif2.cnv.gov.ar/presentations/publicview/b5b98e89-461a-4c12-87a2-e11ea6ee76ce
30578036071,Mirgor,5cb3dd03-e89a-4cae-9deb-6141668d7cc6,Estados Contables,eeff,https://aif2.cnv.gov.ar/presentations/publicview/5cb3dd03-e89a-4cae-9deb-6141668d7cc6
30578036071,Mirgor,ad311d57-41ff-4cb9-b386-e99c43026a08,Estados Contables,eeff,https://aif2.cnv.gov.ar/presentations/publicview/ad311d57-41ff-4cb9-b386-e99c43026a08
30578036071,Mirgor,60cc2346-e1e9-4809-ab41-04c17671d088,Estados Contables,eeff,https://aif2.cnv.gov.ar/presentations/publicview/60cc2346-e1e9-4809-ab41-04c17671d088
30578036071,Mirgor,f65d71da-670d-46e8-9279-0e01483f44b1,Estados Contables,eeff,https://aif2.cnv.gov.ar/presentations/publicview/f65d71da-670d-46e8-9279-0e01483f44b1
30578036071,Mirgor,185c4662-aa01-4d8f-939a-969841d460cb,Estados Contables,eeff,https://aif2.cnv.gov.ar/presentations/publicview/185c4662-aa01-4d8f-939a-969841d460cb
30578036071,Mirgor,c5ed7442-4fc9-4997-a7ce-a75265d97d9c,Estados Contables,eeff,https://aif2.cnv.gov.ar/presentations/publicview/c5ed7442-4fc9-4997-a7ce-a75265d97d9c
30578036071,Mirgor,645b35f6-59a2-4472-89a7-4bd75eaed6d8,Estados Contables,eeff,https://aif2.cnv.gov.ar/presentations/publicview/645b35f6-59a2-4472-89a7-4bd75eaed6d8
30578036071,Mirgor,1c39756a-9e01-4256-8a9d-e9b0bdd1e7bf,Estados Contables,eeff,https://aif2.cnv.gov.ar/presentations/publicview/1c39756a-9e01-4256-8a9d-e9b0bdd1e7bf
30578036071,Mirgor,9c2ebe40-e936-4895-88cb-4e75f07f15f1,Estados Contables,eeff,https://aif2.cnv.gov.ar/presentations/publicview/9c2ebe40-e936-4895-88cb-4e75f07f15f1
30578036071,Mirgor,c399fe99-2d7a-4d29-9d18-5283ef812db0,Estados Contables,eeff,https://aif2.cnv.gov.ar/presentations/publicview/c399fe99-2d7a-4d29-9d18-5283ef812db0
30578036071,Mirgor,12edab11-7093-4cf6-b3f4-5b9903bf004a,Estados Contables,eeff,https://aif2.cnv.gov.ar/presentations/publicview/12edab11-7093-4cf6-b3f4-5b9903bf004a
30578036071,Mirgor,015713c8-9696-4fcb-afd5-c7f0c7014464,Estados Contables,eeff,https://aif2.cnv.gov.ar/presentations/publicview/015713c8-9696-4fcb-afd5-c7f0c7014464
30578036071,Mirgor,82706ca7-7659-45f8-b2de-657652d2bcac,Estados Contables,eeff,https://aif2.cnv.gov.ar/presentations/publicview/82706ca7-7659-45f8-b2de-657652d2bcac
30578036071,Mirgor,465039a1-12e1-407f-9a35-50b0d099e39a,Estados Contables,eeff,https://aif2.cnv.gov.ar/presentations/publicview/465039a1-12e1-407f-9a35-50b0d099e39a
30578036071,Mirgor,4a49fed6-15c9-47ad-a923-690eade27f92,Estados Contables,eeff,https://aif2.cnv.gov.ar/presentations/publicview/4a49fed6-15c9-47ad-a923-690eade27f92
30578036071,Mirgor,8188082a-9ad2-45b5-a180-0e5320c5796b,Estados Contables,eeff,https://aif2.cnv.gov.ar/presentations/publicview/8188082a-9ad2-45b5-a180-0e5320c5796b
30578036071,Mirgor,517a41c0-693c-4963-9993-d0204f4b67c7,Estados Contables,eeff,https://aif2.cnv.gov.ar/presentations/publicview/517a41c0-693c-4963-9993-d0204f4b67c7
30578036071,Mirgor,1e8a2895-7d37-4b92-b197-be0230f14df3,Estados Contables,eeff,https://aif2.cnv.gov.ar/presentations/publicview/1e8a2895-7d37-4b92-b197-be0230f14df3
30578036071,Mirgor,87e8fd1d-cf94-4b41-a6a2-c4f44f8a8fd9,Estados Contables,eeff,https://aif2.cnv.gov.ar/presentations/publicview/87e8fd1d-cf94-4b41-a6a2-c4f44f8a8fd9
30578036071,Mirgor,407e6995-0b04-479e-a5fa-aa6e21e30c98,Estados Contables,eeff,https://aif2.cnv.gov.ar/presentations/publicview/407e6995-0b04-479e-a5fa-aa6e21e30c98
30578036071,Mirgor,b1fc7de3-a816-4d50-b8cf-dbc3d341a28a,Estados Contables,eeff,https://aif2.cnv.gov.ar/presentations/publicview/b1fc7de3-a816-4d50-b8cf-dbc3d341a28a
30578036071,Mirgor,2243532f-8872-4d7d-aa6e-00d9fc7d4d00,Estados Contables,eeff,https://aif2.cnv.gov.ar/presentations/publicview/2243532f-8872-4d7d-aa6e-00d9fc7d4d00
30587480359,Consultatio S A,8fb6f97f-4902-4555-b522-58b698241015,Estados Contables,eeff,https://aif2.cnv.gov.ar/presentations/publicview/8fb6f97f-4902-4555-b522-58b698241015
30587480359,Consultatio S A,bba05fcc-cb53-4fed-9d2b-d3ba4f0219bc,Estados Contables,eeff,https://aif2.cnv.gov.ar/presentations/publicview/bba05fcc-cb53-4fed-9d2b-d3ba4f0219bc
30587480359,Consultatio S A,22b53b0c-e81f-4146-adcf-639ed6cb179a,Estados Contables,eeff,https://aif2.cnv.gov.ar/presentations/publicview/22b53b0c-e81f-4146-adcf-639ed6cb179a
30587480359,Consultatio S A,ca40d785-d156-41bc-9d5d-938ca7ff4469,Estados Contables,eeff,https://aif2.cnv.gov.ar/presentations/publicview/ca40d785-d156-41bc-9d5d-938ca7ff4469
30587480359,Consultatio S A,152fd29c-5524-49cb-ab5b-6706a1a11c73,Estados Contables,eeff,https://aif2.cnv.gov.ar/presentations/publicview/152fd29c-5524-49cb-ab5b-6706a1a11c73
30587480359,Consultatio S A,7cfec1bf-93cc-401f-acd8-403cd7d39076,Estados Contables,eeff,https://aif2.cnv.gov.ar/presentations/publicview/7cfec1bf-93cc-401f-acd8-403cd7d39076
30587480359,Consultatio S A,584a582c-9331-4f57-a9f6-cab04c9e10aa,Estados Contables,eeff,https://aif2.cnv.gov.ar/presentations/publicview/584a582c-9331-4f57-a9f6-cab04c9e10aa
30587480359,Consultatio S A,448e05db-8f94-4c8c-8a4d-461497e3c629,Estados Contables,eeff,https://aif2.cnv.gov.ar/presentations/publicview/448e05db-8f94-4c8c-8a4d-461497e3c629
30587480359,Consultatio S A,c6fa7faf-362d-4f91-8774-34fff41a521c,Estados Contables,eeff,https://aif2.cnv.gov.ar/presentations/publicview/c6fa7faf-362d-4f91-8774-34fff41a521c
30587480359,Consultatio S A,46c7be56-f45c-4ef9-9b55-e3a728c00091,Estados Contables,eeff,https://aif2.cnv.gov.ar/presentations/publicview/46c7be56-f45c-4ef9-9b55-e3a728c00091
30587480359,Consultatio S A,96479114-ebfd-4bad-9095-5bbc6029a70f,Estados Contables,eeff,https://aif2.cnv.gov.ar/presentations/publicview/96479114-ebfd-4bad-9095-5bbc6029a70f
30587480359,Consultatio S A,9cf9f93a-fce2-4568-b8f9-3676fe348de8,Estados Contables,eeff,https://aif2.cnv.gov.ar/presentations/publicview/9cf9f93a-fce2-4568-b8f9-3676fe348de8
30587480359,Consultatio S A,073e99c9-62ba-4f86-ab62-b0069686dcfc,Estados Contables,eeff,https://aif2.cnv.gov.ar/presentations/publicview/073e99c9-62ba-4f86-ab62-b0069686dcfc
30587480359,Consultatio S A,aac0049c-f24a-42a8-ba74-9cc9fce10f2f,Estados Contables,eeff,https://aif2.cnv.gov.ar/presentations/publicview/aac0049c-f24a-42a8-ba74-9cc9fce10f2f
30587480359,Consultatio S A,b1eba587-da16-4844-9cce-d2f1123da1ff,Estados Contables,eeff,https://aif2.cnv.gov.ar/presentations/publicview/b1eba587-da16-4844-9cce-d2f1123da1ff
30587480359,Consultatio S A,92bf59a0-4d3b-4438-9be4-ea4d210bfc4d,Estados Contables,eeff,https://aif2.cnv.gov.ar/presentations/publicview/92bf59a0-4d3b-4438-9be4-ea4d210bfc4d
30587480359,Consultatio S A,757d4d79-002c-4473-9f11-889ce40771cd,Estados Contables,eeff,https://aif2.cnv.gov.ar/presentations/publicview/757d4d79-002c-4473-9f11-889ce40771cd
30587480359,Consultatio S A,df6b6584-ee68-4054-b064-4a65d4d73c0a,Estados Contables,eeff,https://aif2.cnv.gov.ar/presentations/publicview/df6b6584-ee68-4054-b064-4a65d4d73c0a
30587480359,Consultatio S A,d400d1c9-b7e1-4b7a-a50e-0969ec61530d,Estados Contables,eeff,https://aif2.cnv.gov.ar/presentations/publicview/d400d1c9-b7e1-4b7a-a50e-0969ec61530d
30587480359,Consultatio S A,c9276f04-b840-4a27-a70b-9666bef1a5b9,Estados Contables,eeff,https://aif2.cnv.gov.ar/presentations/publicview/c9276f04-b840-4a27-a70b-9666bef1a5b9
30587480359,Consultatio S A,4fb76832-6da5-485a-86f9-d86c63cd868b,Estados Contables,eeff,https://aif2.cnv.gov.ar/presentations/publicview/4fb76832-6da5-485a-86f9-d86c63cd868b
30587480359,Consultatio S A,173c7c08-6976-4808-b367-4eeb2cf1ca07,Estados Contables,eeff,https://aif2.cnv.gov.ar/presentations/publicview/173c7c08-6976-4808-b367-4eeb2cf1ca07
30587480359,Consultatio S A,a00d1a08-870d-4c44-be2b-de720a72a615,Estados Contables,eeff,https://aif2.cnv.gov.ar/presentations/publicview/a00d1a08-870d-4c44-be2b-de720a72a615
30587480359,Consultatio S A,1ef92701-f316-43ba-a7bf-f9b3accfcf23,Estados Contables,eeff,https://aif2.cnv.gov.ar/presentations/publicview/1ef92701-f316-43ba-a7bf-f9b3accfcf23
30587480359,Consultatio S A,91e212aa-2660-492d-aaef-1c771396b682,Estados Contables,eeff,https://aif2.cnv.gov.ar/presentations/publicview/91e212aa-2660-492d-aaef-1c771396b682
30587480359,Consultatio S A,4868c9a8-ab67-43f7-a26d-8c5a4c82d69f,Estados Contables,eeff,https://aif2.cnv.gov.ar/presentations/publicview/4868c9a8-ab67-43f7-a26d-8c5a4c82d69f
30587480359,Consultatio S A,106c65f0-d57b-4dbf-8388-6214f7367189,Estados Contables,eeff,https://aif2.cnv.gov.ar/presentations/publicview/106c65f0-d57b-4dbf-8388-6214f7367189
30587480359,Consultatio S A,e0f1a67d-93c6-4a99-9565-4333599a4685,Estados Contables,eeff,https://aif2.cnv.gov.ar/presentations/publicview/e0f1a67d-93c6-4a99-9565-4333599a4685
30587480359,Consultatio S A,bfa68d50-eb70-4fdd-914b-0afa1a7fdf36,Estados Contables,eeff,https://aif2.cnv.gov.ar/presentations/publicview/bfa68d50-eb70-4fdd-914b-0afa1a7fdf36
30587480359,Consultatio S A,f819ef26-9526-4738-9193-60a667d70d2b,Estados Contables,eeff,https://aif2.cnv.gov.ar/presentations/publicview/f819ef26-9526-4738-9193-60a667d70d2b
30587480359,Consultatio S A,2247a66d-005c-4383-8e2b-f57183b29a10,Estados Contables,eeff,https://aif2.cnv.gov.ar/presentations/publicview/2247a66d-005c-4383-8e2b-f57183b29a10
30587480359,Consultatio S A,396242b0-58c9-4854-a952-a9f4879a51e3,Estados Contables,eeff,https://aif2.cnv.gov.ar/presentations/publicview/396242b0-58c9-4854-a952-a9f4879a51e3
30587480359,Consultatio S A,7ad727d5-90e8-477e-b51d-2655a2e8ff20,Estados Contables,eeff,https://aif2.cnv.gov.ar/presentations/publicview/7ad727d5-90e8-477e-b51d-2655a2e8ff20
30587480359,Consultatio S A,647f7b70-74e6-445a-8850-ded8f4483728,Estados Contables,eeff,https://aif2.cnv.gov.ar/presentations/publicview/647f7b70-74e6-445a-8850-ded8f4483728
30617442937,Grupo Supervielle S A,0c39fe4d-3293-496d-b350-fc4f42099636,Estados Contables,eeff,https://aif2.cnv.gov.ar/presentations/publicview/0c39fe4d-3293-496d-b350-fc4f42099636
30617442937,Grupo Supervielle S A,b3108534-823c-4180-92e9-f9f9a2a0147d,Estados Contables,eeff,https://aif2.cnv.gov.ar/presentations/publicview/b3108534-823c-4180-92e9-f9f9a2a0147d
30617442937,Grupo Supervielle S A,d1eb857b-53b2-409d-9d8d-87b5276b356e,Estados Contables,eeff,https://aif2.cnv.gov.ar/presentations/publicview/d1eb857b-53b2-409d-9d8d-87b5276b356e
30617442937,Grupo Supervielle S A,29f1ffc1-e61b-433c-a95b-851fadd5e5b6,Estados Contables,eeff,https://aif2.cnv.gov.ar/presentations/publicview/29f1ffc1-e61b-433c-a95b-851fadd5e5b6
30617442937,Grupo Supervielle S A,60fc88b3-69b4-4be2-9d58-73b0d59ef385,Estados Contables,eeff,https://aif2.cnv.gov.ar/presentations/publicview/60fc88b3-69b4-4be2-9d58-73b0d59ef385
30617442937,Grupo Supervielle S A,55e09c84-33b6-494d-a79c-ecd45e3eff7a,Estados Contables,eeff,https://aif2.cnv.gov.ar/presentations/publicview/55e09c84-33b6-494d-a79c-ecd45e3eff7a
30617442937,Grupo Supervielle S A,46c29982-193d-46db-83c1-daa3b0dbe9f2,Estados Contables,eeff,https://aif2.cnv.gov.ar/presentations/publicview/46c29982-193d-46db-83c1-daa3b0dbe9f2
30617442937,Grupo Supervielle S A,7245b151-d07b-401a-8b1b-9583adec9200,Estados Contables,eeff,https://aif2.cnv.gov.ar/presentations/publicview/7245b151-d07b-401a-8b1b-9583adec9200
30617442937,Grupo Supervielle S A,d2e339c3-618c-4af6-82d7-6af268ac26a0,Estados Contables,eeff,https://aif2.cnv.gov.ar/presentations/publicview/d2e339c3-618c-4af6-82d7-6af268ac26a0
30617442937,Grupo Supervielle S A,3fea3e88-f3f1-49ac-ad4a-e27d9eabe516,Estados Contables,eeff,https://aif2.cnv.gov.ar/presentations/publicview/3fea3e88-f3f1-49ac-ad4a-e27d9eabe516
30617442937,Grupo Supervielle S A,e0bd8b70-aa6a-42ec-a8a3-1ee7635403ee,Estados Contables,eeff,https://aif2.cnv.gov.ar/presentations/publicview/e0bd8b70-aa6a-42ec-a8a3-1ee7635403ee
30617442937,Grupo Supervielle S A,cc65f2e9-2ad9-473d-a83f-650288871d35,Estados Contables,eeff,https://aif2.cnv.gov.ar/presentations/publicview/cc65f2e9-2ad9-473d-a83f-650288871d35
30617442937,Grupo Supervielle S A,955685a7-c8ba-4ea5-add1-d837a649ba01,Estados Contables,eeff,https://aif2.cnv.gov.ar/presentations/publicview/955685a7-c8ba-4ea5-add1-d837a649ba01
30617442937,Grupo Supervielle S A,e5fd4078-0774-4746-b435-fd242ddbfb64,Estados Contables,eeff,https://aif2.cnv.gov.ar/presentations/publicview/e5fd4078-0774-4746-b435-fd242ddbfb64
30617442937,Grupo Supervielle S A,1fc5f7e8-3773-4a1d-89ba-0cd6c1a7b8b8,Estados Contables,eeff,https://aif2.cnv.gov.ar/presentations/publicview/1fc5f7e8-3773-4a1d-89ba-0cd6c1a7b8b8
30617442937,Grupo Supervielle S A,432c6d56-e0c5-42a6-88a7-524dc335ecf5,Estados Contables,eeff,https://aif2.cnv.gov.ar/presentations/publicview/432c6d56-e0c5-42a6-88a7-524dc335ecf5
30617442937,Grupo Supervielle S A,5225e556-24e7-4b46-ba11-4382fe0c8be8,Estados Contables,eeff,https://aif2.cnv.gov.ar/presentations/publicview/5225e556-24e7-4b46-ba11-4382fe0c8be8
30617442937,Grupo Supervielle S A,e984e8df-1382-41f7-b148-8b8c6750d18f,Estados Contables,eeff,https://aif2.cnv.gov.ar/presentations/publicview/e984e8df-1382-41f7-b148-8b8c6750d18f
30617442937,Grupo Supervielle S A,f7197401-9b8f-4981-a795-4bfb48323a5f,Estados Contables,eeff,https://aif2.cnv.gov.ar/presentations/publicview/f7197401-9b8f-4981-a795-4bfb48323a5f
30617442937,Grupo Supervielle S A,d5659802-efd1-44e8-a30e-7de11e2313d4,Estados Contables,eeff,https://aif2.cnv.gov.ar/presentations/publicview/d5659802-efd1-44e8-a30e-7de11e2313d4
30617442937,Grupo Supervielle S A,2a630ab3-629d-4aad-bf0a-7e7694bc387b,Estados Contables,eeff,https://aif2.cnv.gov.ar/presentations/publicview/2a630ab3-629d-4aad-bf0a-7e7694bc387b
30617442937,Grupo Supervielle S A,d9937b52-f5be-4c2e-ae9d-8da7703a5016,Estados Contables,eeff,https://aif2.cnv.gov.ar/presentations/publicview/d9937b52-f5be-4c2e-ae9d-8da7703a5016
30617442937,Grupo Supervielle S A,1a37584b-d045-48a1-b722-80322451a363,Estados Contables,eeff,https://aif2.cnv.gov.ar/presentations/publicview/1a37584b-d045-48a1-b722-80322451a363
30617442937,Grupo Supervielle S A,d09ef424-e24a-4757-be6e-bb72ce9ba774,Estados Contables,eeff,https://aif2.cnv.gov.ar/presentations/publicview/d09ef424-e24a-4757-be6e-bb72ce9ba774
30617442937,Grupo Supervielle S A,2809f7ee-1800-448b-a3c0-a242a7bb34da,Estados Contables,eeff,https://aif2.cnv.gov.ar/presentations/publicview/2809f7ee-1800-448b-a3c0-a242a7bb34da
30617442937,Grupo Supervielle S A,e1b5e9ab-b054-4c9c-b849-ba9d846ff7a8,Estados Contables,eeff,https://aif2.cnv.gov.ar/presentations/publicview/e1b5e9ab-b054-4c9c-b849-ba9d846ff7a8
30617442937,Grupo Supervielle S A,3e846e7b-4a02-4647-ae9c-3af31f5f34e4,Estados Contables,eeff,https://aif2.cnv.gov.ar/presentations/publicview/3e846e7b-4a02-4647-ae9c-3af31f5f34e4
30617442937,Grupo Supervielle S A,89ba3dbc-78e3-460c-a063-98d709d0b541,Estados Contables,eeff,https://aif2.cnv.gov.ar/presentations/publicview/89ba3dbc-78e3-460c-a063-98d709d0b541
30617442937,Grupo Supervielle S A,b5dc8223-705f-4067-8c5a-740c00a99d55,Estados Contables,eeff,https://aif2.cnv.gov.ar/presentations/publicview/b5dc8223-705f-4067-8c5a-740c00a99d55
30617442937,Grupo Supervielle S A,eb67a657-e9e4-40c6-8abd-3d6a8a01fbd7,Estados Contables,eeff,https://aif2.cnv.gov.ar/presentations/publicview/eb67a657-e9e4-40c6-8abd-3d6a8a01fbd7
30617442937,Grupo Supervielle S A,c8008b2f-b959-41fe-bbc4-fb3b7a897af6,Estados Contables,eeff,https://aif2.cnv.gov.ar/presentations/publicview/c8008b2f-b959-41fe-bbc4-fb3b7a897af6
30617442937,Grupo Supervielle S A,21f37aff-3c8e-4db9-8eef-369de0958b31,Estados Contables,eeff,https://aif2.cnv.gov.ar/presentations/publicview/21f37aff-3c8e-4db9-8eef-369de0958b31
30617442937,Grupo Supervielle S A,11ec9512-2775-4c0b-bbab-acd61797a24f,Estados Contables,eeff,https://aif2.cnv.gov.ar/presentations/publicview/11ec9512-2775-4c0b-bbab-acd61797a24f
30617442937,Grupo Supervielle S A,c1fb421f-2898-415e-bc70-b8167dd0ec52,Estados Contables,eeff,https://aif2.cnv.gov.ar/presentations/publicview/c1fb421f-2898-415e-bc70-b8167dd0ec52
30617442937,Grupo Supervielle S A,c58adcb3-5ed6-427d-a3fc-988a649a9cfe,Estados Contables,eeff,https://aif2.cnv.gov.ar/presentations/publicview/c58adcb3-5ed6-427d-a3fc-988a649a9cfe
30617442937,Grupo Supervielle S A,d82d9328-6da9-4214-ae03-432fbd8b859f,Estados Contables,eeff,https://aif2.cnv.gov.ar/presentations/publicview/d82d9328-6da9-4214-ae03-432fbd8b859f
30617442937,Grupo Supervielle S A,ca5d0694-0ca0-4b4d-94a8-c806e37b7660,Estados Contables,eeff,https://aif2.cnv.gov.ar/presentations/publicview/ca5d0694-0ca0-4b4d-94a8-c806e37b7660
30617442937,Grupo Supervielle S A,eec123d6-60c6-423a-a50c-1289db604693,Estados Contables,eeff,https://aif2.cnv.gov.ar/presentations/publicview/eec123d6-60c6-423a-a50c-1289db604693
30617442937,Grupo Supervielle S A,3ec702f8-dbea-45b9-b022-d146feee881d,Estados Contables,eeff,https://aif2.cnv.gov.ar/presentations/publicview/3ec702f8-dbea-45b9-b022-d146feee881d
30620880600,Raghsa S A,6757a559-c015-4c86-aeac-5dd00888779f,Estados Contables,eeff,https://aif2.cnv.gov.ar/presentations/publicview/6757a559-c015-4c86-aeac-5dd00888779f
30620880600,Raghsa S A,e4206e15-eb85-4d7a-b69c-560d8656aab4,Estados Contables,eeff,https://aif2.cnv.gov.ar/presentations/publicview/e4206e15-eb85-4d7a-b69c-560d8656aab4
30620880600,Raghsa S A,00b63dfe-67be-4d4e-8213-7e205113f125,Estados Contables,eeff,https://aif2.cnv.gov.ar/presentations/publicview/00b63dfe-67be-4d4e-8213-7e205113f125
30620880600,Raghsa S A,7b93146b-ec4d-49f3-a7c6-d18cfc0166ad,Estados Contables,eeff,https://aif2.cnv.gov.ar/presentations/publicview/7b93146b-ec4d-49f3-a7c6-d18cfc0166ad
30620880600,Raghsa S A,80524a64-5e70-4a24-adeb-9fafca1b6ed7,Estados Contables,eeff,https://aif2.cnv.gov.ar/presentations/publicview/80524a64-5e70-4a24-adeb-9fafca1b6ed7
30620880600,Raghsa S A,e9e6bcd0-913a-4179-aed6-1d420fec699c,Estados Contables,eeff,https://aif2.cnv.gov.ar/presentations/publicview/e9e6bcd0-913a-4179-aed6-1d420fec699c
30620880600,Raghsa S A,bc943a00-5eaf-4fcd-af25-7a915aa21f44,Estados Contables,eeff,https://aif2.cnv.gov.ar/presentations/publicview/bc943a00-5eaf-4fcd-af25-7a915aa21f44
30620880600,Raghsa S A,23c95993-7a42-4223-99a5-f09f8dfdbf5d,Estados Contables,eeff,https://aif2.cnv.gov.ar/presentations/publicview/23c95993-7a42-4223-99a5-f09f8dfdbf5d
30620880600,Raghsa S A,cf35e5ce-d2cc-4c18-a7ff-72c6eebe0852,Estados Contables,eeff,https://aif2.cnv.gov.ar/presentations/publicview/cf35e5ce-d2cc-4c18-a7ff-72c6eebe0852
30620880600,Raghsa S A,17086908-cb31-4674-a6e5-0e3fa3d58b29,Estados Contables,eeff,https://aif2.cnv.gov.ar/presentations/publicview/17086908-cb31-4674-a6e5-0e3fa3d58b29
30620880600,Raghsa S A,732da2d2-eedf-46c4-8ecf-375d4b0e1884,Estados Contables,eeff,https://aif2.cnv.gov.ar/presentations/publicview/732da2d2-eedf-46c4-8ecf-375d4b0e1884
30620880600,Raghsa S A,13264273-75bc-480b-adba-e6752a4d25f7,Estados Contables,eeff,https://aif2.cnv.gov.ar/presentations/publicview/13264273-75bc-480b-adba-e6752a4d25f7
30620880600,Raghsa S A,9ff1cfbd-a799-4cdd-8a18-d4ebdb9cc516,Estados Contables,eeff,https://aif2.cnv.gov.ar/presentations/publicview/9ff1cfbd-a799-4cdd-8a18-d4ebdb9cc516
30620880600,Raghsa S A,1fa52e4c-8024-4904-a529-7025dfb8a54e,Estados Contables,eeff,https://aif2.cnv.gov.ar/presentations/publicview/1fa52e4c-8024-4904-a529-7025dfb8a54e
30620880600,Raghsa S A,48caf8a4-50a7-42d8-9f24-fa3cd53aa896,Estados Contables,eeff,https://aif2.cnv.gov.ar/presentations/publicview/48caf8a4-50a7-42d8-9f24-fa3cd53aa896
30620880600,Raghsa S A,f583e482-d8d7-4a12-84c6-0d63f8dc65f6,Estados Contables,eeff,https://aif2.cnv.gov.ar/presentations/publicview/f583e482-d8d7-4a12-84c6-0d63f8dc65f6
30620880600,Raghsa S A,8dafc77c-6d64-4215-9abb-b513564c89ad,Estados Contables,eeff,https://aif2.cnv.gov.ar/presentations/publicview/8dafc77c-6d64-4215-9abb-b513564c89ad
30620880600,Raghsa S A,9f505397-13e5-492a-8f23-14cc557e467b,Estados Contables,eeff,https://aif2.cnv.gov.ar/presentations/publicview/9f505397-13e5-492a-8f23-14cc557e467b
30620880600,Raghsa S A,f9abf367-541f-471c-8e28-8908296ec375,Estados Contables,eeff,https://aif2.cnv.gov.ar/presentations/publicview/f9abf367-541f-471c-8e28-8908296ec375
30620880600,Raghsa S A,20ba2e17-f53a-4f3a-b506-55f32c061fd9,Estados Contables,eeff,https://aif2.cnv.gov.ar/presentations/publicview/20ba2e17-f53a-4f3a-b506-55f32c061fd9
30620880600,Raghsa S A,3f73e94e-6cd8-4743-a67c-cb46e8fd2d22,Estados Contables,eeff,https://aif2.cnv.gov.ar/presentations/publicview/3f73e94e-6cd8-4743-a67c-cb46e8fd2d22
30620880600,Raghsa S A,a11c1860-dc98-4c95-b56c-0240fbf5c86f,Estados Contables,eeff,https://aif2.cnv.gov.ar/presentations/publicview/a11c1860-dc98-4c95-b56c-0240fbf5c86f
30620880600,Raghsa S A,0818af0e-6102-4217-8632-0f5a47c9af8d,Estados Contables,eeff,https://aif2.cnv.gov.ar/presentations/publicview/0818af0e-6102-4217-8632-0f5a47c9af8d
30620880600,Raghsa S A,09503f7a-05a6-4a1f-87d8-114f9de6180e,Estados Contables,eeff,https://aif2.cnv.gov.ar/presentations/publicview/09503f7a-05a6-4a1f-87d8-114f9de6180e
30620880600,Raghsa S A,ce33630f-d8d8-4495-b172-e05a1d5b616f,Estados Contables,eeff,https://aif2.cnv.gov.ar/presentations/publicview/ce33630f-d8d8-4495-b172-e05a1d5b616f
30620880600,Raghsa S A,e0c416d9-da86-49e3-a8aa-250a3afba48c,Estados Contables,eeff,https://aif2.cnv.gov.ar/presentations/publicview/e0c416d9-da86-49e3-a8aa-250a3afba48c
30629827060,Capex S A,fe1e0883-36f7-4ca3-a939-7d475acfdd6b,Estados Contables,eeff,https://aif2.cnv.gov.ar/presentations/publicview/fe1e0883-36f7-4ca3-a939-7d475acfdd6b
30629827060,Capex S A,41cccd41-ab5c-4be0-8dbe-c2eb06cfd54d,Estados Contables,eeff,https://aif2.cnv.gov.ar/presentations/publicview/41cccd41-ab5c-4be0-8dbe-c2eb06cfd54d
30629827060,Capex S A,246c613c-9bc5-4d7e-8ea3-38d4e3d09636,Estados Contables,eeff,https://aif2.cnv.gov.ar/presentations/publicview/246c613c-9bc5-4d7e-8ea3-38d4e3d09636
30629827060,Capex S A,4d044bf2-2081-43e2-bccf-e1c4555fb675,Estados Contables,eeff,https://aif2.cnv.gov.ar/presentations/publicview/4d044bf2-2081-43e2-bccf-e1c4555fb675
30629827060,Capex S A,0458e4e4-37d9-40a2-9388-51d027d236cd,Estados Contables,eeff,https://aif2.cnv.gov.ar/presentations/publicview/0458e4e4-37d9-40a2-9388-51d027d236cd
30629827060,Capex S A,94edbfc3-cc6a-48e9-b8ca-cac919505f40,Estados Contables,eeff,https://aif2.cnv.gov.ar/presentations/publicview/94edbfc3-cc6a-48e9-b8ca-cac919505f40
30629827060,Capex S A,da125a61-b39c-42c1-a49d-fe448bca0014,Estados Contables,eeff,https://aif2.cnv.gov.ar/presentations/publicview/da125a61-b39c-42c1-a49d-fe448bca0014
30629827060,Capex S A,1dc0f0a1-2629-4fa1-bd21-8ce9a1b8629c,Estados Contables,eeff,https://aif2.cnv.gov.ar/presentations/publicview/1dc0f0a1-2629-4fa1-bd21-8ce9a1b8629c
30629827060,Capex S A,0c31e396-1964-4164-8b6e-0455fd5e55e0,Estados Contables,eeff,https://aif2.cnv.gov.ar/presentations/publicview/0c31e396-1964-4164-8b6e-0455fd5e55e0
30629827060,Capex S A,f5b27471-4106-4486-b90b-50b7689a81d5,Estados Contables,eeff,https://aif2.cnv.gov.ar/presentations/publicview/f5b27471-4106-4486-b90b-50b7689a81d5
30629827060,Capex S A,b2d3d925-6a7b-4be8-ae89-0512492394a0,Estados Contables,eeff,https://aif2.cnv.gov.ar/presentations/publicview/b2d3d925-6a7b-4be8-ae89-0512492394a0
30629827060,Capex S A,4c6391b6-511d-4509-90b4-52bca2f4a3f8,Estados Contables,eeff,https://aif2.cnv.gov.ar/presentations/publicview/4c6391b6-511d-4509-90b4-52bca2f4a3f8
30629827060,Capex S A,654901f2-2d4f-4088-9b07-2c9d0e988417,Estados Contables,eeff,https://aif2.cnv.gov.ar/presentations/publicview/654901f2-2d4f-4088-9b07-2c9d0e988417
30629827060,Capex S A,579132cb-9ce7-439b-95fd-48e68908c922,Estados Contables,eeff,https://aif2.cnv.gov.ar/presentations/publicview/579132cb-9ce7-439b-95fd-48e68908c922
30629827060,Capex S A,7bdb32b9-c7b2-477c-b211-4159907b2fd1,Estados Contables,eeff,https://aif2.cnv.gov.ar/presentations/publicview/7bdb32b9-c7b2-477c-b211-4159907b2fd1
30629827060,Capex S A,78efd2c8-9ea8-4fd8-ba67-6ed474f39f67,Estados Contables,eeff,https://aif2.cnv.gov.ar/presentations/publicview/78efd2c8-9ea8-4fd8-ba67-6ed474f39f67
30629827060,Capex S A,391360c0-1a51-45a9-b3d1-353c16d973b4,Estados Contables,eeff,https://aif2.cnv.gov.ar/presentations/publicview/391360c0-1a51-45a9-b3d1-353c16d973b4
30629827060,Capex S A,e4bcc760-5aa8-4115-9d78-f264f1b2e98e,Estados Contables,eeff,https://aif2.cnv.gov.ar/presentations/publicview/e4bcc760-5aa8-4115-9d78-f264f1b2e98e
30629827060,Capex S A,f1c52770-6454-400e-ba00-b86fb5cf69ba,Estados Contables,eeff,https://aif2.cnv.gov.ar/presentations/publicview/f1c52770-6454-400e-ba00-b86fb5cf69ba
30629827060,Capex S A,7930dfe4-1fae-4151-ba43-413bea04d327,Estados Contables,eeff,https://aif2.cnv.gov.ar/presentations/publicview/7930dfe4-1fae-4151-ba43-413bea04d327
30629827060,Capex S A,225a2c87-e713-4e95-895d-8800779be2e4,Estados Contables,eeff,https://aif2.cnv.gov.ar/presentations/publicview/225a2c87-e713-4e95-895d-8800779be2e4
30629827060,Capex S A,048050b4-9835-4cdc-a1be-be2013f20750,Estados Contables,eeff,https://aif2.cnv.gov.ar/presentations/publicview/048050b4-9835-4cdc-a1be-be2013f20750
30629827060,Capex S A,00b9d926-6d60-42da-bde9-50ec033c4128,Estados Contables,eeff,https://aif2.cnv.gov.ar/presentations/publicview/00b9d926-6d60-42da-bde9-50ec033c4128
30629827060,Capex S A,dbec056b-7a1c-4d8e-ac19-042b7d3394ae,Estados Contables,eeff,https://aif2.cnv.gov.ar/presentations/publicview/dbec056b-7a1c-4d8e-ac19-042b7d3394ae
30629827060,Capex S A,6ec7c0a0-db6c-46b8-9267-4144e04a6271,Estados Contables,eeff,https://aif2.cnv.gov.ar/presentations/publicview/6ec7c0a0-db6c-46b8-9267-4144e04a6271
30629827060,Capex S A,26a63dcc-358a-4101-8fbb-f4c17544052e,Estados Contables,eeff,https://aif2.cnv.gov.ar/presentations/publicview/26a63dcc-358a-4101-8fbb-f4c17544052e
30629827060,Capex S A,fc848843-7026-4c9e-91b2-074a409b3389,Estados Contables,eeff,https://aif2.cnv.gov.ar/presentations/publicview/fc848843-7026-4c9e-91b2-074a409b3389
30629827060,Capex S A,937f2ea0-7ed0-423f-bdda-7f85ea6864a6,Estados Contables,eeff,https://aif2.cnv.gov.ar/presentations/publicview/937f2ea0-7ed0-423f-bdda-7f85ea6864a6
30629827060,Capex S A,0d5db405-c530-4d07-ad74-0da22ed0c3fe,Estados Contables,eeff,https://aif2.cnv.gov.ar/presentations/publicview/0d5db405-c530-4d07-ad74-0da22ed0c3fe
30629827060,Capex S A,af63be0c-8fc0-4bfb-b4a6-73175d3b7b61,Estados Contables,eeff,https://aif2.cnv.gov.ar/presentations/publicview/af63be0c-8fc0-4bfb-b4a6-73175d3b7b61
30629827060,Capex S A,5b6e360f-b9bc-4ebe-b72f-b626baca3d15,Estados Contables,eeff,https://aif2.cnv.gov.ar/presentations/publicview/5b6e360f-b9bc-4ebe-b72f-b626baca3d15
30629827060,Capex S A,a80e7fb3-7618-4a82-b010-7065b253b983,Estados Contables,eeff,https://aif2.cnv.gov.ar/presentations/publicview/a80e7fb3-7618-4a82-b010-7065b253b983
30629827060,Capex S A,5d757c3e-dd84-46f4-abd1-800cc0bcfc83,Estados Contables,eeff,https://aif2.cnv.gov.ar/presentations/publicview/5d757c3e-dd84-46f4-abd1-800cc0bcfc83
30629827060,Capex S A,4153724b-3725-4c61-bcb0-45be5398a32f,Estados Contables,eeff,https://aif2.cnv.gov.ar/presentations/publicview/4153724b-3725-4c61-bcb0-45be5398a32f
30629827060,Capex S A,b09ad6b6-6458-4809-849d-2c1762d6dc82,Estados Contables,eeff,https://aif2.cnv.gov.ar/presentations/publicview/b09ad6b6-6458-4809-849d-2c1762d6dc82
30629827060,Capex S A,4d1fd87f-b3cf-4575-95e5-46a198837aea,Estados Contables,eeff,https://aif2.cnv.gov.ar/presentations/publicview/4d1fd87f-b3cf-4575-95e5-46a198837aea
30629827060,Capex S A,327d65f5-094e-4bef-a0f7-a43abe3f4ff7,Estados Contables,eeff,https://aif2.cnv.gov.ar/presentations/publicview/327d65f5-094e-4bef-a0f7-a43abe3f4ff7
30629827060,Capex S A,62626424-e251-431b-9025-fc94e6d6b28d,Estados Contables,eeff,https://aif2.cnv.gov.ar/presentations/publicview/62626424-e251-431b-9025-fc94e6d6b28d
30629827060,Capex S A,40630c97-dc4f-4111-aa0f-930cd6a2348d,Estados Contables,eeff,https://aif2.cnv.gov.ar/presentations/publicview/40630c97-dc4f-4111-aa0f-930cd6a2348d
30629827060,Capex S A,ceda9b22-ed59-40db-8f03-b1cfb6f3af49,Estados Contables,eeff,https://aif2.cnv.gov.ar/presentations/publicview/ceda9b22-ed59-40db-8f03-b1cfb6f3af49
30639453738,Telecom Argentina S A,157ca3cd-eb5a-4f56-8573-d53ce13fe796,Estados Contables,eeff,https://aif2.cnv.gov.ar/presentations/publicview/157ca3cd-eb5a-4f56-8573-d53ce13fe796
30639453738,Telecom Argentina S A,cb7d268a-3764-4c35-9c63-540266d19e2e,Estados Contables,eeff,https://aif2.cnv.gov.ar/presentations/publicview/cb7d268a-3764-4c35-9c63-540266d19e2e
30639453738,Telecom Argentina S A,deec0a44-ba9a-40e3-8791-82dde0e5e33e,Estados Contables,eeff,https://aif2.cnv.gov.ar/presentations/publicview/deec0a44-ba9a-40e3-8791-82dde0e5e33e
30639453738,Telecom Argentina S A,cf815d18-fa80-4045-ab88-497eca6341fc,Estados Contables,eeff,https://aif2.cnv.gov.ar/presentations/publicview/cf815d18-fa80-4045-ab88-497eca6341fc
30639453738,Telecom Argentina S A,78ad7fd4-e09f-44e7-abaf-19c593bd9a48,Estados Contables,eeff,https://aif2.cnv.gov.ar/presentations/publicview/78ad7fd4-e09f-44e7-abaf-19c593bd9a48
30639453738,Telecom Argentina S A,87c2ed49-db1d-4eca-a718-40ad70a02cc5,Estados Contables,eeff,https://aif2.cnv.gov.ar/presentations/publicview/87c2ed49-db1d-4eca-a718-40ad70a02cc5
30639453738,Telecom Argentina S A,a35bcad0-747e-4f70-9701-e1eb0de3729d,Estados Contables,eeff,https://aif2.cnv.gov.ar/presentations/publicview/a35bcad0-747e-4f70-9701-e1eb0de3729d
30639453738,Telecom Argentina S A,f5994934-2ef5-4df6-84c2-1275daaea1b4,Estados Contables,eeff,https://aif2.cnv.gov.ar/presentations/publicview/f5994934-2ef5-4df6-84c2-1275daaea1b4
30639453738,Telecom Argentina S A,fe0e5001-e75c-4679-83dc-4ce553d618ac,Estados Contables,eeff,https://aif2.cnv.gov.ar/presentations/publicview/fe0e5001-e75c-4679-83dc-4ce553d618ac
30639453738,Telecom Argentina S A,2adfa05d-24d8-48d1-88ed-7deecbce6872,Estados Contables,eeff,https://aif2.cnv.gov.ar/presentations/publicview/2adfa05d-24d8-48d1-88ed-7deecbce6872
30639453738,Telecom Argentina S A,95b126f5-82ab-48fd-8fe0-49843fbda277,Estados Contables,eeff,https://aif2.cnv.gov.ar/presentations/publicview/95b126f5-82ab-48fd-8fe0-49843fbda277
30639453738,Telecom Argentina S A,00604602-af8f-4a25-8b08-22f2b53229c2,Estados Contables,eeff,https://aif2.cnv.gov.ar/presentations/publicview/00604602-af8f-4a25-8b08-22f2b53229c2
30639453738,Telecom Argentina S A,6c598d3f-f0de-4d8c-ae3a-8e76feb290b0,Estados Contables,eeff,https://aif2.cnv.gov.ar/presentations/publicview/6c598d3f-f0de-4d8c-ae3a-8e76feb290b0
30639453738,Telecom Argentina S A,0a7fb73f-e85e-43c4-a2b4-a584b59119ca,Estados Contables,eeff,https://aif2.cnv.gov.ar/presentations/publicview/0a7fb73f-e85e-43c4-a2b4-a584b59119ca
30639453738,Telecom Argentina S A,133d1f47-9cc4-4302-94dc-107681c8f1e3,Estados Contables,eeff,https://aif2.cnv.gov.ar/presentations/publicview/133d1f47-9cc4-4302-94dc-107681c8f1e3
30639453738,Telecom Argentina S A,dbc2c67d-f4c7-4a52-8cc8-fceb180b30df,Estados Contables,eeff,https://aif2.cnv.gov.ar/presentations/publicview/dbc2c67d-f4c7-4a52-8cc8-fceb180b30df
30639453738,Telecom Argentina S A,02ab8345-928d-412e-9405-d57080055d7f,Estados Contables,eeff,https://aif2.cnv.gov.ar/presentations/publicview/02ab8345-928d-412e-9405-d57080055d7f
30639453738,Telecom Argentina S A,ed74f9b7-fc75-4803-9631-5a7b32ce59eb,Estados Contables,eeff,https://aif2.cnv.gov.ar/presentations/publicview/ed74f9b7-fc75-4803-9631-5a7b32ce59eb
30639453738,Telecom Argentina S A,0a4b9755-5eb7-4350-a334-e6e4652c2aaa,Estados Contables,eeff,https://aif2.cnv.gov.ar/presentations/publicview/0a4b9755-5eb7-4350-a334-e6e4652c2aaa
30639453738,Telecom Argentina S A,7bb00bd2-136f-4bb4-8e20-6f42db874ca6,Estados Contables,eeff,https://aif2.cnv.gov.ar/presentations/publicview/7bb00bd2-136f-4bb4-8e20-6f42db874ca6
30639453738,Telecom Argentina S A,d1fee576-2e29-4460-af3a-8c61f47d6770,Estados Contables,eeff,https://aif2.cnv.gov.ar/presentations/publicview/d1fee576-2e29-4460-af3a-8c61f47d6770
30639453738,Telecom Argentina S A,ead9340c-82b1-4f7f-9f26-7cc6a8d8a3f0,Estados Contables,eeff,https://aif2.cnv.gov.ar/presentations/publicview/ead9340c-82b1-4f7f-9f26-7cc6a8d8a3f0
30639453738,Telecom Argentina S A,8daa8a82-ab85-4f81-ab60-dffe51ddcf5f,Estados Contables,eeff,https://aif2.cnv.gov.ar/presentations/publicview/8daa8a82-ab85-4f81-ab60-dffe51ddcf5f
30639453738,Telecom Argentina S A,4fda78af-527d-4b09-b984-7822c8d046c8,Estados Contables,eeff,https://aif2.cnv.gov.ar/presentations/publicview/4fda78af-527d-4b09-b984-7822c8d046c8
30639453738,Telecom Argentina S A,361efed3-8241-40f5-8e25-12b7c5796311,Estados Contables,eeff,https://aif2.cnv.gov.ar/presentations/publicview/361efed3-8241-40f5-8e25-12b7c5796311
30639453738,Telecom Argentina S A,4b7dc3b7-d570-465d-b8d7-e0ab06553ea5,Estados Contables,eeff,https://aif2.cnv.gov.ar/presentations/publicview/4b7dc3b7-d570-465d-b8d7-e0ab06553ea5
30639453738,Telecom Argentina S A,d013ebad-417b-4518-a1c3-038952f9c1b0,Estados Contables,eeff,https://aif2.cnv.gov.ar/presentations/publicview/d013ebad-417b-4518-a1c3-038952f9c1b0
30639453738,Telecom Argentina S A,8878a0f2-3473-4554-9f41-5a8c29fbc8a0,Estados Contables,eeff,https://aif2.cnv.gov.ar/presentations/publicview/8878a0f2-3473-4554-9f41-5a8c29fbc8a0
30639453738,Telecom Argentina S A,04c5e17b-3197-4f19-9705-e169580474f0,Estados Contables,eeff,https://aif2.cnv.gov.ar/presentations/publicview/04c5e17b-3197-4f19-9705-e169580474f0
30639453738,Telecom Argentina S A,78300474-001a-4dff-a0f1-c8ba81ad8e86,Estados Contables,eeff,https://aif2.cnv.gov.ar/presentations/publicview/78300474-001a-4dff-a0f1-c8ba81ad8e86
30640285431,Inversora Juramento S A,fb8bd187-00cf-4f92-a221-fd2546533934,Estados Contables,eeff,https://aif2.cnv.gov.ar/presentations/publicview/fb8bd187-00cf-4f92-a221-fd2546533934
30640285431,Inversora Juramento S A,8409c67f-4f88-4b9d-8a03-c9e590d4c95b,Estados Contables,eeff,https://aif2.cnv.gov.ar/presentations/publicview/8409c67f-4f88-4b9d-8a03-c9e590d4c95b
30640285431,Inversora Juramento S A,8b75a242-5202-4c2e-abe2-320aaa339d40,Estados Contables,eeff,https://aif2.cnv.gov.ar/presentations/publicview/8b75a242-5202-4c2e-abe2-320aaa339d40
30640285431,Inversora Juramento S A,d322539c-f1b1-4e44-9e57-dd29854fca47,Estados Contables,eeff,https://aif2.cnv.gov.ar/presentations/publicview/d322539c-f1b1-4e44-9e57-dd29854fca47
30640285431,Inversora Juramento S A,7f156e6b-708a-4064-9dae-9841610b096e,Estados Contables,eeff,https://aif2.cnv.gov.ar/presentations/publicview/7f156e6b-708a-4064-9dae-9841610b096e
30640285431,Inversora Juramento S A,f2753b74-5ad7-4fb9-ab6c-9f27646ba886,Estados Contables,eeff,https://aif2.cnv.gov.ar/presentations/publicview/f2753b74-5ad7-4fb9-ab6c-9f27646ba886
30640285431,Inversora Juramento S A,f5b9b1fb-8a35-4c29-abf4-f0f71ac9c9df,Estados Contables,eeff,https://aif2.cnv.gov.ar/presentations/publicview/f5b9b1fb-8a35-4c29-abf4-f0f71ac9c9df
30640285431,Inversora Juramento S A,546c4a63-0344-415c-8824-4774c920dad2,Estados Contables,eeff,https://aif2.cnv.gov.ar/presentations/publicview/546c4a63-0344-415c-8824-4774c920dad2
30640285431,Inversora Juramento S A,4965e9e1-4342-454e-8d31-c668a5e32634,Estados Contables,eeff,https://aif2.cnv.gov.ar/presentations/publicview/4965e9e1-4342-454e-8d31-c668a5e32634
30640285431,Inversora Juramento S A,24041445-e58e-48ba-9cdb-2fdcb1b34386,Estados Contables,eeff,https://aif2.cnv.gov.ar/presentations/publicview/24041445-e58e-48ba-9cdb-2fdcb1b34386
30640285431,Inversora Juramento S A,09890ca1-d6ad-4934-88b2-2c85e652f98b,Estados Contables,eeff,https://aif2.cnv.gov.ar/presentations/publicview/09890ca1-d6ad-4934-88b2-2c85e652f98b
30640285431,Inversora Juramento S A,59080174-58c9-4aac-b41a-b18cf6740eb3,Estados Contables,eeff,https://aif2.cnv.gov.ar/presentations/publicview/59080174-58c9-4aac-b41a-b18cf6740eb3
30640285431,Inversora Juramento S A,06bc2a50-e677-466d-bc4b-ec94e7c89887,Estados Contables,eeff,https://aif2.cnv.gov.ar/presentations/publicview/06bc2a50-e677-466d-bc4b-ec94e7c89887
30640285431,Inversora Juramento S A,e16cef51-d308-48eb-bc70-934750b73850,Estados Contables,eeff,https://aif2.cnv.gov.ar/presentations/publicview/e16cef51-d308-48eb-bc70-934750b73850
30640285431,Inversora Juramento S A,cc964ea4-0eb6-4cfd-96aa-ab13310434d2,Estados Contables,eeff,https://aif2.cnv.gov.ar/presentations/publicview/cc964ea4-0eb6-4cfd-96aa-ab13310434d2
30640285431,Inversora Juramento S A,66208a83-ff85-43bd-bdcb-dccece2e5d57,Estados Contables,eeff,https://aif2.cnv.gov.ar/presentations/publicview/66208a83-ff85-43bd-bdcb-dccece2e5d57
30652254248,CENTRAL COSTANERA S A,e7cf92de-ef97-475a-aa6d-680706325eef,Estados Contables,eeff,https://aif2.cnv.gov.ar/presentations/publicview/e7cf92de-ef97-475a-aa6d-680706325eef
30652254248,CENTRAL COSTANERA S A,b18829c8-9f11-49d9-a1fb-284ca493c5c0,Estados Contables,eeff,https://aif2.cnv.gov.ar/presentations/publicview/b18829c8-9f11-49d9-a1fb-284ca493c5c0
30652254248,CENTRAL COSTANERA S A,f5d77df0-c5e0-420f-b5eb-0793f1a47a2b,Estados Contables,eeff,https://aif2.cnv.gov.ar/presentations/publicview/f5d77df0-c5e0-420f-b5eb-0793f1a47a2b
30652254248,CENTRAL COSTANERA S A,b4f30655-7696-44c9-bd9e-6aaccfc4c328,Estados Contables,eeff,https://aif2.cnv.gov.ar/presentations/publicview/b4f30655-7696-44c9-bd9e-6aaccfc4c328
30652254248,CENTRAL COSTANERA S A,14443613-7073-4840-a9e0-9c8b3665195f,Estados Contables,eeff,https://aif2.cnv.gov.ar/presentations/publicview/14443613-7073-4840-a9e0-9c8b3665195f
30652254248,CENTRAL COSTANERA S A,ba9c7a84-31bb-4bd2-93e5-ac1d130a765f,Estados Contables,eeff,https://aif2.cnv.gov.ar/presentations/publicview/ba9c7a84-31bb-4bd2-93e5-ac1d130a765f
30652254248,CENTRAL COSTANERA S A,0664c15a-0e4b-4b62-aac5-5820f6d8034e,Estados Contables,eeff,https://aif2.cnv.gov.ar/presentations/publicview/0664c15a-0e4b-4b62-aac5-5820f6d8034e
30652254248,CENTRAL COSTANERA S A,8ec9cc7c-3c3b-4ca9-b7b2-cec08afe70c2,Estados Contables,eeff,https://aif2.cnv.gov.ar/presentations/publicview/8ec9cc7c-3c3b-4ca9-b7b2-cec08afe70c2
30652254248,CENTRAL COSTANERA S A,856fd3a6-c072-4292-b8a6-3338d6df5f18,Estados Contables,eeff,https://aif2.cnv.gov.ar/presentations/publicview/856fd3a6-c072-4292-b8a6-3338d6df5f18
30652254248,CENTRAL COSTANERA S A,200426af-4c99-4847-9c90-dc0d81a0f500,Estados Contables,eeff,https://aif2.cnv.gov.ar/presentations/publicview/200426af-4c99-4847-9c90-dc0d81a0f500
30652254248,CENTRAL COSTANERA S A,1d24067b-9fca-4839-a8d6-8d4de9a0f68c,Estados Contables,eeff,https://aif2.cnv.gov.ar/presentations/publicview/1d24067b-9fca-4839-a8d6-8d4de9a0f68c
30652254248,CENTRAL COSTANERA S A,875aa721-e845-4da0-aa8b-d0262c1635a5,Estados Contables,eeff,https://aif2.cnv.gov.ar/presentations/publicview/875aa721-e845-4da0-aa8b-d0262c1635a5
30652254248,CENTRAL COSTANERA S A,e64a9649-6dd6-412c-b888-b2b67f348b0d,Estados Contables,eeff,https://aif2.cnv.gov.ar/presentations/publicview/e64a9649-6dd6-412c-b888-b2b67f348b0d
30652254248,CENTRAL COSTANERA S A,67f25cb9-5510-47e7-a681-33c7d34b5580,Estados Contables,eeff,https://aif2.cnv.gov.ar/presentations/publicview/67f25cb9-5510-47e7-a681-33c7d34b5580
30652254248,CENTRAL COSTANERA S A,91f12378-ab42-49f8-be04-22911b878f52,Estados Contables,eeff,https://aif2.cnv.gov.ar/presentations/publicview/91f12378-ab42-49f8-be04-22911b878f52
30652254248,CENTRAL COSTANERA S A,4cf6dd09-9f19-4d5d-84a1-9ce3c6f97fdd,Estados Contables,eeff,https://aif2.cnv.gov.ar/presentations/publicview/4cf6dd09-9f19-4d5d-84a1-9ce3c6f97fdd
30657862068,Transportadora de Gas del Sur S A,76f0fdf7-e0db-4832-9b5a-f67e0570d388,Estados Contables,eeff,https://aif2.cnv.gov.ar/presentations/publicview/76f0fdf7-e0db-4832-9b5a-f67e0570d388
30657862068,Transportadora de Gas del Sur S A,16646492-66d6-4620-bd03-7ec0ea3d6abb,Estados Contables,eeff,https://aif2.cnv.gov.ar/presentations/publicview/16646492-66d6-4620-bd03-7ec0ea3d6abb
30657862068,Transportadora de Gas del Sur S A,53d241d6-094f-481b-88da-3c128bb86899,Estados Contables,eeff,https://aif2.cnv.gov.ar/presentations/publicview/53d241d6-094f-481b-88da-3c128bb86899
30657862068,Transportadora de Gas del Sur S A,56ccb795-2cb7-4af9-95a6-2a864998fc59,Estados Contables,eeff,https://aif2.cnv.gov.ar/presentations/publicview/56ccb795-2cb7-4af9-95a6-2a864998fc59
30657862068,Transportadora de Gas del Sur S A,d4234f41-19ea-4dbd-b729-7ec58c553c03,Estados Contables,eeff,https://aif2.cnv.gov.ar/presentations/publicview/d4234f41-19ea-4dbd-b729-7ec58c553c03
30657862068,Transportadora de Gas del Sur S A,4d171f1b-9e73-4e39-a094-bcbc983f7a80,Estados Contables,eeff,https://aif2.cnv.gov.ar/presentations/publicview/4d171f1b-9e73-4e39-a094-bcbc983f7a80
30657862068,Transportadora de Gas del Sur S A,936574e5-f817-4c19-b6a3-35709a104dd6,Estados Contables,eeff,https://aif2.cnv.gov.ar/presentations/publicview/936574e5-f817-4c19-b6a3-35709a104dd6
30657862068,Transportadora de Gas del Sur S A,d4dce6ed-f7c2-4a06-99c3-9837838e259a,Estados Contables,eeff,https://aif2.cnv.gov.ar/presentations/publicview/d4dce6ed-f7c2-4a06-99c3-9837838e259a
30657862068,Transportadora de Gas del Sur S A,c27000a3-782e-4952-8436-4fdfda88b402,Estados Contables,eeff,https://aif2.cnv.gov.ar/presentations/publicview/c27000a3-782e-4952-8436-4fdfda88b402
30657862068,Transportadora de Gas del Sur S A,dfe32af6-619e-41f7-8d09-fc1dbb143a80,Estados Contables,eeff,https://aif2.cnv.gov.ar/presentations/publicview/dfe32af6-619e-41f7-8d09-fc1dbb143a80
30657862068,Transportadora de Gas del Sur S A,0112a20e-c7b3-451f-b1af-593abcc9571c,Estados Contables,eeff,https://aif2.cnv.gov.ar/presentations/publicview/0112a20e-c7b3-451f-b1af-593abcc9571c
30657862068,Transportadora de Gas del Sur S A,0cd8384b-ad80-4f1f-b5a9-4b42d21bf43c,Estados Contables,eeff,https://aif2.cnv.gov.ar/presentations/publicview/0cd8384b-ad80-4f1f-b5a9-4b42d21bf43c
30657862068,Transportadora de Gas del Sur S A,41d717f7-dbd5-4357-817f-a66caa25a1c0,Estados Contables,eeff,https://aif2.cnv.gov.ar/presentations/publicview/41d717f7-dbd5-4357-817f-a66caa25a1c0
30657862068,Transportadora de Gas del Sur S A,54f860d4-2b39-48be-aaea-bb11b8297e56,Estados Contables,eeff,https://aif2.cnv.gov.ar/presentations/publicview/54f860d4-2b39-48be-aaea-bb11b8297e56
30657862068,Transportadora de Gas del Sur S A,8648742e-8e70-4ea8-8144-37ba952654fd,Estados Contables,eeff,https://aif2.cnv.gov.ar/presentations/publicview/8648742e-8e70-4ea8-8144-37ba952654fd
30657862068,Transportadora de Gas del Sur S A,9a3d8607-2f9d-4305-85c3-73fbdaf1559a,Estados Contables,eeff,https://aif2.cnv.gov.ar/presentations/publicview/9a3d8607-2f9d-4305-85c3-73fbdaf1559a
30657862068,Transportadora de Gas del Sur S A,ea543b19-e697-4c92-b745-5404a50d3a11,Estados Contables,eeff,https://aif2.cnv.gov.ar/presentations/publicview/ea543b19-e697-4c92-b745-5404a50d3a11
30657862068,Transportadora de Gas del Sur S A,f53bcb2a-b383-4a9a-8bf2-de1fad83282b,Estados Contables,eeff,https://aif2.cnv.gov.ar/presentations/publicview/f53bcb2a-b383-4a9a-8bf2-de1fad83282b
30657862068,Transportadora de Gas del Sur S A,5008b7fd-d34d-46aa-ab6f-b8a63cefabc8,Estados Contables,eeff,https://aif2.cnv.gov.ar/presentations/publicview/5008b7fd-d34d-46aa-ab6f-b8a63cefabc8
30657862068,Transportadora de Gas del Sur S A,4a8dbb82-a166-4f33-b561-d351d1f40d9b,Estados Contables,eeff,https://aif2.cnv.gov.ar/presentations/publicview/4a8dbb82-a166-4f33-b561-d351d1f40d9b
30657862068,Transportadora de Gas del Sur S A,c3b1bd6b-7b76-4076-a4af-54669e5ea68d,Estados Contables,eeff,https://aif2.cnv.gov.ar/presentations/publicview/c3b1bd6b-7b76-4076-a4af-54669e5ea68d
30657862068,Transportadora de Gas del Sur S A,501927aa-3d54-4dc0-96c7-3cfab00223ac,Estados Contables,eeff,https://aif2.cnv.gov.ar/presentations/publicview/501927aa-3d54-4dc0-96c7-3cfab00223ac
30657862068,Transportadora de Gas del Sur S A,5502108a-c94b-45b9-b2bc-8c2d3ce213f9,Estados Contables,eeff,https://aif2.cnv.gov.ar/presentations/publicview/5502108a-c94b-45b9-b2bc-8c2d3ce213f9
30657862068,Transportadora de Gas del Sur S A,14c467ab-0eaf-4118-874d-b06fa303a6c3,Estados Contables,eeff,https://aif2.cnv.gov.ar/presentations/publicview/14c467ab-0eaf-4118-874d-b06fa303a6c3
30657862068,Transportadora de Gas del Sur S A,75679a9a-7422-48d3-ac93-506b95ab8d6e,Estados Contables,eeff,https://aif2.cnv.gov.ar/presentations/publicview/75679a9a-7422-48d3-ac93-506b95ab8d6e
30657862068,Transportadora de Gas del Sur S A,b61890b9-4c2d-4a8f-bf55-367c42077826,Estados Contables,eeff,https://aif2.cnv.gov.ar/presentations/publicview/b61890b9-4c2d-4a8f-bf55-367c42077826
30657862068,Transportadora de Gas del Sur S A,795b26c7-c360-4a79-bd09-e4d02ee43db6,Estados Contables,eeff,https://aif2.cnv.gov.ar/presentations/publicview/795b26c7-c360-4a79-bd09-e4d02ee43db6
30657862068,Transportadora de Gas del Sur S A,18635a24-3f89-4453-934f-1d1842f982f8,Estados Contables,eeff,https://aif2.cnv.gov.ar/presentations/publicview/18635a24-3f89-4453-934f-1d1842f982f8
30657862068,Transportadora de Gas del Sur S A,2a80a18f-c3b7-4fae-99d6-809c67d4447a,Estados Contables,eeff,https://aif2.cnv.gov.ar/presentations/publicview/2a80a18f-c3b7-4fae-99d6-809c67d4447a
30657863056,Transportadora de Gas del Norte S A,d3e7f3e3-93d9-4393-8a86-cecd762d33a2,Estados Contables,eeff,https://aif2.cnv.gov.ar/presentations/publicview/d3e7f3e3-93d9-4393-8a86-cecd762d33a2
30657863056,Transportadora de Gas del Norte S A,6735f412-894c-432c-855f-5c62c73aef1c,Estados Contables,eeff,https://aif2.cnv.gov.ar/presentations/publicview/6735f412-894c-432c-855f-5c62c73aef1c
30657863056,Transportadora de Gas del Norte S A,1be6e94e-c0a5-41f8-8767-f9f1d752e56f,Estados Contables,eeff,https://aif2.cnv.gov.ar/presentations/publicview/1be6e94e-c0a5-41f8-8767-f9f1d752e56f
30657863056,Transportadora de Gas del Norte S A,8e8984ed-688e-4ce7-b5b7-40e247294c66,Estados Contables,eeff,https://aif2.cnv.gov.ar/presentations/publicview/8e8984ed-688e-4ce7-b5b7-40e247294c66
30657863056,Transportadora de Gas del Norte S A,731f9564-59c2-4655-bc77-a4188eb56894,Estados Contables,eeff,https://aif2.cnv.gov.ar/presentations/publicview/731f9564-59c2-4655-bc77-a4188eb56894
30657863056,Transportadora de Gas del Norte S A,a04db25f-0539-4dc9-8118-64e2121ac2a2,Estados Contables,eeff,https://aif2.cnv.gov.ar/presentations/publicview/a04db25f-0539-4dc9-8118-64e2121ac2a2
30657863056,Transportadora de Gas del Norte S A,eadb1e2c-89e8-4af0-9b38-02d2857fadcd,Estados Contables,eeff,https://aif2.cnv.gov.ar/presentations/publicview/eadb1e2c-89e8-4af0-9b38-02d2857fadcd
30657863056,Transportadora de Gas del Norte S A,b2b4d510-b577-42d1-a74e-dfa3fdc63ac1,Estados Contables,eeff,https://aif2.cnv.gov.ar/presentations/publicview/b2b4d510-b577-42d1-a74e-dfa3fdc63ac1
30657863056,Transportadora de Gas del Norte S A,8c89a19e-01cd-4396-9dac-1d3ce74d08e2,Estados Contables,eeff,https://aif2.cnv.gov.ar/presentations/publicview/8c89a19e-01cd-4396-9dac-1d3ce74d08e2
30657863056,Transportadora de Gas del Norte S A,4c2bd874-e932-48d0-a1d2-e15ccd4889e8,Estados Contables,eeff,https://aif2.cnv.gov.ar/presentations/publicview/4c2bd874-e932-48d0-a1d2-e15ccd4889e8
30657863056,Transportadora de Gas del Norte S A,7cdf3abd-47f9-464e-aac2-9ec3ebf9c038,Estados Contables,eeff,https://aif2.cnv.gov.ar/presentations/publicview/7cdf3abd-47f9-464e-aac2-9ec3ebf9c038
30657863056,Transportadora de Gas del Norte S A,aa6a3dff-c74d-43c0-a330-077b6906ad27,Estados Contables,eeff,https://aif2.cnv.gov.ar/presentations/publicview/aa6a3dff-c74d-43c0-a330-077b6906ad27
30657863056,Transportadora de Gas del Norte S A,9a6e6948-ddc1-4009-93ad-206c9d1bd5ef,Estados Contables,eeff,https://aif2.cnv.gov.ar/presentations/publicview/9a6e6948-ddc1-4009-93ad-206c9d1bd5ef
30657863056,Transportadora de Gas del Norte S A,1f17107b-3a59-46d0-8a88-97cf15d99d54,Estados Contables,eeff,https://aif2.cnv.gov.ar/presentations/publicview/1f17107b-3a59-46d0-8a88-97cf15d99d54
30657863056,Transportadora de Gas del Norte S A,372ef0bc-329d-4184-86f7-b0148d8a9a93,Estados Contables,eeff,https://aif2.cnv.gov.ar/presentations/publicview/372ef0bc-329d-4184-86f7-b0148d8a9a93
30657863056,Transportadora de Gas del Norte S A,5e2d88ab-1346-46f2-bf17-2d740c67b153,Estados Contables,eeff,https://aif2.cnv.gov.ar/presentations/publicview/5e2d88ab-1346-46f2-bf17-2d740c67b153
30657863056,Transportadora de Gas del Norte S A,e42c3b5d-44f7-4b17-b429-418d35e20ce5,Estados Contables,eeff,https://aif2.cnv.gov.ar/presentations/publicview/e42c3b5d-44f7-4b17-b429-418d35e20ce5
30657863056,Transportadora de Gas del Norte S A,4d6c31fa-bad5-47f0-bfd8-82c4fac7b28e,Estados Contables,eeff,https://aif2.cnv.gov.ar/presentations/publicview/4d6c31fa-bad5-47f0-bfd8-82c4fac7b28e
30657863056,Transportadora de Gas del Norte S A,bcd979ca-788b-40de-aa6c-66d41844dbeb,Estados Contables,eeff,https://aif2.cnv.gov.ar/presentations/publicview/bcd979ca-788b-40de-aa6c-66d41844dbeb
30657863056,Transportadora de Gas del Norte S A,f917d7b2-48ea-4e0e-8efd-c6266bb450fd,Estados Contables,eeff,https://aif2.cnv.gov.ar/presentations/publicview/f917d7b2-48ea-4e0e-8efd-c6266bb450fd
30657863056,Transportadora de Gas del Norte S A,a2c04e48-2f3b-4f48-b7de-49f0198474df,Estados Contables,eeff,https://aif2.cnv.gov.ar/presentations/publicview/a2c04e48-2f3b-4f48-b7de-49f0198474df
30657863056,Transportadora de Gas del Norte S A,8821d49d-ff8a-465e-8327-e28e8a3532ec,Estados Contables,eeff,https://aif2.cnv.gov.ar/presentations/publicview/8821d49d-ff8a-465e-8327-e28e8a3532ec
30657863056,Transportadora de Gas del Norte S A,5d9ab9b5-56e3-45a7-a256-b93539a2158c,Estados Contables,eeff,https://aif2.cnv.gov.ar/presentations/publicview/5d9ab9b5-56e3-45a7-a256-b93539a2158c
30657863056,Transportadora de Gas del Norte S A,9de0661d-d809-4d50-af18-492878a8b84e,Estados Contables,eeff,https://aif2.cnv.gov.ar/presentations/publicview/9de0661d-d809-4d50-af18-492878a8b84e
30657863056,Transportadora de Gas del Norte S A,d707d402-e618-45c1-806e-0213a8442673,Estados Contables,eeff,https://aif2.cnv.gov.ar/presentations/publicview/d707d402-e618-45c1-806e-0213a8442673
30657863056,Transportadora de Gas del Norte S A,c356f6b3-d3c0-467d-aebc-20755c8d213d,Estados Contables,eeff,https://aif2.cnv.gov.ar/presentations/publicview/c356f6b3-d3c0-467d-aebc-20755c8d213d
30657863056,Transportadora de Gas del Norte S A,9360f889-4d04-4e3b-876c-af2d8bf046f0,Estados Contables,eeff,https://aif2.cnv.gov.ar/presentations/publicview/9360f889-4d04-4e3b-876c-af2d8bf046f0
30657863056,Transportadora de Gas del Norte S A,a0fd5880-dfe2-478b-ac55-ba58791ca933,Estados Contables,eeff,https://aif2.cnv.gov.ar/presentations/publicview/a0fd5880-dfe2-478b-ac55-ba58791ca933
30657863056,Transportadora de Gas del Norte S A,a7ac044f-d114-4442-8cca-736a39a311aa,Estados Contables,eeff,https://aif2.cnv.gov.ar/presentations/publicview/a7ac044f-d114-4442-8cca-736a39a311aa
30657863676,Metrogas S A,d96fd259-c5ce-431f-8e14-17af592b99f9,Estados Contables,eeff,https://aif2.cnv.gov.ar/presentations/publicview/d96fd259-c5ce-431f-8e14-17af592b99f9
30657863676,Metrogas S A,576dbb0d-3527-46a9-b335-6f9aaf54d26e,Estados Contables,eeff,https://aif2.cnv.gov.ar/presentations/publicview/576dbb0d-3527-46a9-b335-6f9aaf54d26e
30657863676,Metrogas S A,5d17373a-5896-43ff-b1da-003c683a2e5f,Estados Contables,eeff,https://aif2.cnv.gov.ar/presentations/publicview/5d17373a-5896-43ff-b1da-003c683a2e5f
30657863676,Metrogas S A,e4376e06-5db3-41ae-b246-30f380b61478,Estados Contables,eeff,https://aif2.cnv.gov.ar/presentations/publicview/e4376e06-5db3-41ae-b246-30f380b61478
30657863676,Metrogas S A,210712c9-e761-4ec8-8634-a21baea1812c,Estados Contables,eeff,https://aif2.cnv.gov.ar/presentations/publicview/210712c9-e761-4ec8-8634-a21baea1812c
30657863676,Metrogas S A,6ae638d3-4535-4719-92c7-ca76b7d75833,Estados Contables,eeff,https://aif2.cnv.gov.ar/presentations/publicview/6ae638d3-4535-4719-92c7-ca76b7d75833
30657863676,Metrogas S A,127a1069-5167-4cac-a4c8-5f9faccac142,Estados Contables,eeff,https://aif2.cnv.gov.ar/presentations/publicview/127a1069-5167-4cac-a4c8-5f9faccac142
30657863676,Metrogas S A,01f1dc0b-9549-4ad0-b0d0-0a71ef140ac8,Estados Contables,eeff,https://aif2.cnv.gov.ar/presentations/publicview/01f1dc0b-9549-4ad0-b0d0-0a71ef140ac8
30657863676,Metrogas S A,89e96a2b-946e-4def-85b2-b69f0739bc16,Estados Contables,eeff,https://aif2.cnv.gov.ar/presentations/publicview/89e96a2b-946e-4def-85b2-b69f0739bc16
30657863676,Metrogas S A,94ca9025-5acc-4530-a3a8-ea083acbe280,Estados Contables,eeff,https://aif2.cnv.gov.ar/presentations/publicview/94ca9025-5acc-4530-a3a8-ea083acbe280
30657863676,Metrogas S A,bb72f25a-74bd-4f8f-bf75-925754a15626,Estados Contables,eeff,https://aif2.cnv.gov.ar/presentations/publicview/bb72f25a-74bd-4f8f-bf75-925754a15626
30657863676,Metrogas S A,92d95754-b799-48f1-a8f9-e494fad4a260,Estados Contables,eeff,https://aif2.cnv.gov.ar/presentations/publicview/92d95754-b799-48f1-a8f9-e494fad4a260
30657863676,Metrogas S A,e6adb3a8-3875-4f0e-9607-38349f5b8b2c,Estados Contables,eeff,https://aif2.cnv.gov.ar/presentations/publicview/e6adb3a8-3875-4f0e-9607-38349f5b8b2c
30657863676,Metrogas S A,06093afc-5dc9-49d0-92d7-b4e9f9504edc,Estados Contables,eeff,https://aif2.cnv.gov.ar/presentations/publicview/06093afc-5dc9-49d0-92d7-b4e9f9504edc
30657863676,Metrogas S A,59698907-ef5a-4d0a-908e-12e4e3fb9b20,Estados Contables,eeff,https://aif2.cnv.gov.ar/presentations/publicview/59698907-ef5a-4d0a-908e-12e4e3fb9b20
30657863676,Metrogas S A,04c91836-c648-4cfc-9caa-869dedc5af98,Estados Contables,eeff,https://aif2.cnv.gov.ar/presentations/publicview/04c91836-c648-4cfc-9caa-869dedc5af98
30657863676,Metrogas S A,258c9cf1-1f6a-4f1b-962c-e151f63e0a36,Estados Contables,eeff,https://aif2.cnv.gov.ar/presentations/publicview/258c9cf1-1f6a-4f1b-962c-e151f63e0a36
30657863676,Metrogas S A,43a57a20-298d-4b6e-a2bb-6844a795838f,Estados Contables,eeff,https://aif2.cnv.gov.ar/presentations/publicview/43a57a20-298d-4b6e-a2bb-6844a795838f
30657863676,Metrogas S A,5e33fb1d-1bf3-402d-bd94-298896d246dc,Estados Contables,eeff,https://aif2.cnv.gov.ar/presentations/publicview/5e33fb1d-1bf3-402d-bd94-298896d246dc
30657863676,Metrogas S A,489ad884-9192-4384-b01b-68d875730113,Estados Contables,eeff,https://aif2.cnv.gov.ar/presentations/publicview/489ad884-9192-4384-b01b-68d875730113
30657863676,Metrogas S A,4ebc9487-8e0f-44a8-8206-7cf6763531c4,Estados Contables,eeff,https://aif2.cnv.gov.ar/presentations/publicview/4ebc9487-8e0f-44a8-8206-7cf6763531c4
30657863676,Metrogas S A,ddd0b662-bd90-4a7f-b6f6-f1e80e5fdda9,Estados Contables,eeff,https://aif2.cnv.gov.ar/presentations/publicview/ddd0b662-bd90-4a7f-b6f6-f1e80e5fdda9
30657863676,Metrogas S A,fe387fa3-e0dc-40e7-9f8a-88c1027d054e,Estados Contables,eeff,https://aif2.cnv.gov.ar/presentations/publicview/fe387fa3-e0dc-40e7-9f8a-88c1027d054e
30657863676,Metrogas S A,e6fb1b3b-8b17-4473-8a17-58f9b3a0982e,Estados Contables,eeff,https://aif2.cnv.gov.ar/presentations/publicview/e6fb1b3b-8b17-4473-8a17-58f9b3a0982e
30657863676,Metrogas S A,3178ddb6-9ce4-4346-919f-f535f1645835,Estados Contables,eeff,https://aif2.cnv.gov.ar/presentations/publicview/3178ddb6-9ce4-4346-919f-f535f1645835
30657863676,Metrogas S A,b689bc5a-a9b5-4c31-b41d-53d9beed9742,Estados Contables,eeff,https://aif2.cnv.gov.ar/presentations/publicview/b689bc5a-a9b5-4c31-b41d-53d9beed9742
30657863676,Metrogas S A,28a7844e-5739-4ba8-9690-134ae92ae72c,Estados Contables,eeff,https://aif2.cnv.gov.ar/presentations/publicview/28a7844e-5739-4ba8-9690-134ae92ae72c
30657863676,Metrogas S A,b92a7877-6506-4339-91f5-8c1bb1814b0b,Estados Contables,eeff,https://aif2.cnv.gov.ar/presentations/publicview/b92a7877-6506-4339-91f5-8c1bb1814b0b
30657863676,Metrogas S A,5b2919ce-d051-4da0-841d-5264efaf3bbe,Estados Contables,eeff,https://aif2.cnv.gov.ar/presentations/publicview/5b2919ce-d051-4da0-841d-5264efaf3bbe
30657863676,Metrogas S A,d6bd8810-11a0-434b-bed8-e91249daba10,Estados Contables,eeff,https://aif2.cnv.gov.ar/presentations/publicview/d6bd8810-11a0-434b-bed8-e91249daba10
30657863676,Metrogas S A,a7bf0c2e-cba7-47c1-be5e-ffcc0d93715e,Estados Contables,eeff,https://aif2.cnv.gov.ar/presentations/publicview/a7bf0c2e-cba7-47c1-be5e-ffcc0d93715e
30657863676,Metrogas S A,24a37877-f995-48b7-8d02-175960e2a8d3,Estados Contables,eeff,https://aif2.cnv.gov.ar/presentations/publicview/24a37877-f995-48b7-8d02-175960e2a8d3
30657863676,Metrogas S A,92939a80-7687-4ae0-bdbd-dbe6218141a8,Estados Contables,eeff,https://aif2.cnv.gov.ar/presentations/publicview/92939a80-7687-4ae0-bdbd-dbe6218141a8
30657863676,Metrogas S A,056880df-7ade-4bcd-b420-82e8de96328c,Estados Contables,eeff,https://aif2.cnv.gov.ar/presentations/publicview/056880df-7ade-4bcd-b420-82e8de96328c
30657863676,Metrogas S A,01192889-b1ce-46bd-b504-15b4fd809bdd,Estados Contables,eeff,https://aif2.cnv.gov.ar/presentations/publicview/01192889-b1ce-46bd-b504-15b4fd809bdd
30657863676,Metrogas S A,790551f5-5a7c-459f-b41e-d65dbe52eefd,Estados Contables,eeff,https://aif2.cnv.gov.ar/presentations/publicview/790551f5-5a7c-459f-b41e-d65dbe52eefd
30657863676,Metrogas S A,ed957b6c-c5db-4367-8de1-d47ce4d86087,Estados Contables,eeff,https://aif2.cnv.gov.ar/presentations/publicview/ed957b6c-c5db-4367-8de1-d47ce4d86087
30657863676,Metrogas S A,29e32ab5-77b7-4cb4-9111-31ac6865eef6,Estados Contables,eeff,https://aif2.cnv.gov.ar/presentations/publicview/29e32ab5-77b7-4cb4-9111-31ac6865eef6
30657863676,Metrogas S A,295ee6f5-2482-4f3a-a02b-b8e9c4c93831,Estados Contables,eeff,https://aif2.cnv.gov.ar/presentations/publicview/295ee6f5-2482-4f3a-a02b-b8e9c4c93831
30657863676,Metrogas S A,12528542-6e67-44eb-b1e9-3817d61dcbaa,Estados Contables,eeff,https://aif2.cnv.gov.ar/presentations/publicview/12528542-6e67-44eb-b1e9-3817d61dcbaa
30657863676,Metrogas S A,66311816-d660-4786-a147-dba39a69b43d,Estados Contables,eeff,https://aif2.cnv.gov.ar/presentations/publicview/66311816-d660-4786-a147-dba39a69b43d
30657863676,Metrogas S A,128e0456-cb36-42f7-98c0-d8b4ee5a6581,Estados Contables,eeff,https://aif2.cnv.gov.ar/presentations/publicview/128e0456-cb36-42f7-98c0-d8b4ee5a6581
30657863676,Metrogas S A,8b862df5-8264-4c12-bca9-56ac6c8e48d9,Estados Contables,eeff,https://aif2.cnv.gov.ar/presentations/publicview/8b862df5-8264-4c12-bca9-56ac6c8e48d9
30657863676,Metrogas S A,a6e3351d-9faa-4f70-bbb5-ee56240056a6,Estados Contables,eeff,https://aif2.cnv.gov.ar/presentations/publicview/a6e3351d-9faa-4f70-bbb5-ee56240056a6
30657863676,Metrogas S A,96949a66-89e8-4fa9-b777-44b73cea64cf,Estados Contables,eeff,https://aif2.cnv.gov.ar/presentations/publicview/96949a66-89e8-4fa9-b777-44b73cea64cf
30657863676,Metrogas S A,edc8a13d-64e4-4976-9fcf-eaa26a7f1824,Estados Contables,eeff,https://aif2.cnv.gov.ar/presentations/publicview/edc8a13d-64e4-4976-9fcf-eaa26a7f1824
30657863676,Metrogas S A,dd6315a7-12f5-4e97-b2ec-fcd35b57cbc3,Estados Contables,eeff,https://aif2.cnv.gov.ar/presentations/publicview/dd6315a7-12f5-4e97-b2ec-fcd35b57cbc3
30657863676,Metrogas S A,e399d7cd-6461-4333-bb34-81a6b38202a4,Estados Contables,eeff,https://aif2.cnv.gov.ar/presentations/publicview/e399d7cd-6461-4333-bb34-81a6b38202a4
30657863676,Metrogas S A,a4e747cf-e59d-4bae-9726-2adcb2befab8,Estados Contables,eeff,https://aif2.cnv.gov.ar/presentations/publicview/a4e747cf-e59d-4bae-9726-2adcb2befab8
30657863676,Metrogas S A,d3267cca-9604-4cc0-a61d-e808764d4345,Estados Contables,eeff,https://aif2.cnv.gov.ar/presentations/publicview/d3267cca-9604-4cc0-a61d-e808764d4345
30657863676,Metrogas S A,dde965fa-c712-4caf-8d07-8b5d1880fb54,Estados Contables,eeff,https://aif2.cnv.gov.ar/presentations/publicview/dde965fa-c712-4caf-8d07-8b5d1880fb54
30657863676,Metrogas S A,69826825-5452-4aa3-8646-3d39f0bfb36c,Estados Contables,eeff,https://aif2.cnv.gov.ar/presentations/publicview/69826825-5452-4aa3-8646-3d39f0bfb36c
30657863676,Metrogas S A,0504fedc-7ce3-4e06-9f04-a30474729792,Estados Contables,eeff,https://aif2.cnv.gov.ar/presentations/publicview/0504fedc-7ce3-4e06-9f04-a30474729792
30657863676,Metrogas S A,b1d4b96c-1600-4527-a934-d9dfc824cad0,Estados Contables,eeff,https://aif2.cnv.gov.ar/presentations/publicview/b1d4b96c-1600-4527-a934-d9dfc824cad0
30657863676,Metrogas S A,18db049a-b82f-482c-8d01-37d64c12cdd7,Estados Contables,eeff,https://aif2.cnv.gov.ar/presentations/publicview/18db049a-b82f-482c-8d01-37d64c12cdd7
30657863676,Metrogas S A,ae73bd95-7818-4f40-a57e-739f90a1d4c3,Estados Contables,eeff,https://aif2.cnv.gov.ar/presentations/publicview/ae73bd95-7818-4f40-a57e-739f90a1d4c3
30657864117,NATURGY BAN S A,17908d47-7fac-4a3e-9692-8ec9b0d3eed4,Estados Contables,eeff,https://aif2.cnv.gov.ar/presentations/publicview/17908d47-7fac-4a3e-9692-8ec9b0d3eed4
30657864117,NATURGY BAN S A,e3871c36-4a11-4cfd-8b53-b64a86077070,Estados Contables,eeff,https://aif2.cnv.gov.ar/presentations/publicview/e3871c36-4a11-4cfd-8b53-b64a86077070
30657864117,NATURGY BAN S A,8e2c702d-7550-4205-b13e-db8fdfe329f7,Estados Contables,eeff,https://aif2.cnv.gov.ar/presentations/publicview/8e2c702d-7550-4205-b13e-db8fdfe329f7
30657864117,NATURGY BAN S A,25b22071-2c48-41e2-a866-7dd9056dee78,Estados Contables,eeff,https://aif2.cnv.gov.ar/presentations/publicview/25b22071-2c48-41e2-a866-7dd9056dee78
30657864117,NATURGY BAN S A,11e5e3c1-2c2e-46ce-ba85-2f05fc675588,Estados Contables,eeff,https://aif2.cnv.gov.ar/presentations/publicview/11e5e3c1-2c2e-46ce-ba85-2f05fc675588
30657864117,NATURGY BAN S A,fd980e4e-7754-4376-9c88-20a11593e834,Estados Contables,eeff,https://aif2.cnv.gov.ar/presentations/publicview/fd980e4e-7754-4376-9c88-20a11593e834
30657864117,NATURGY BAN S A,68134018-741f-432c-9096-db9e733a5d8f,Estados Contables,eeff,https://aif2.cnv.gov.ar/presentations/publicview/68134018-741f-432c-9096-db9e733a5d8f
30657864117,NATURGY BAN S A,61276696-a71b-4d82-84d1-a36e75ae4ef1,Estados Contables,eeff,https://aif2.cnv.gov.ar/presentations/publicview/61276696-a71b-4d82-84d1-a36e75ae4ef1
30657864117,NATURGY BAN S A,75531c2b-c886-4892-8562-5db094490e3d,Estados Contables,eeff,https://aif2.cnv.gov.ar/presentations/publicview/75531c2b-c886-4892-8562-5db094490e3d
30657864117,NATURGY BAN S A,8eebb261-8d84-40f4-a53c-e445c158e147,Estados Contables,eeff,https://aif2.cnv.gov.ar/presentations/publicview/8eebb261-8d84-40f4-a53c-e445c158e147
30657864117,NATURGY BAN S A,14217925-f492-4bcb-a2ff-ee5a023b6b93,Estados Contables,eeff,https://aif2.cnv.gov.ar/presentations/publicview/14217925-f492-4bcb-a2ff-ee5a023b6b93
30657864117,NATURGY BAN S A,a1e4b343-d8fd-407f-9248-99e038f27e9d,Estados Contables,eeff,https://aif2.cnv.gov.ar/presentations/publicview/a1e4b343-d8fd-407f-9248-99e038f27e9d
30657864117,NATURGY BAN S A,caf22622-3bf4-4463-a43c-f99a63f46a0d,Estados Contables,eeff,https://aif2.cnv.gov.ar/presentations/publicview/caf22622-3bf4-4463-a43c-f99a63f46a0d
30657864117,NATURGY BAN S A,c8e6867c-f828-481d-850d-9ff84567551b,Estados Contables,eeff,https://aif2.cnv.gov.ar/presentations/publicview/c8e6867c-f828-481d-850d-9ff84567551b
30657864117,NATURGY BAN S A,1e1f2c56-6c6d-4e75-8296-5c1b128f6b7d,Estados Contables,eeff,https://aif2.cnv.gov.ar/presentations/publicview/1e1f2c56-6c6d-4e75-8296-5c1b128f6b7d
30657864117,NATURGY BAN S A,f70a4ad0-594c-4134-b4dd-0527416e5daf,Estados Contables,eeff,https://aif2.cnv.gov.ar/presentations/publicview/f70a4ad0-594c-4134-b4dd-0527416e5daf
30657864117,NATURGY BAN S A,da6f6bbc-ec77-413e-869a-d9bcbf50f27b,Estados Contables,eeff,https://aif2.cnv.gov.ar/presentations/publicview/da6f6bbc-ec77-413e-869a-d9bcbf50f27b
30657864117,NATURGY BAN S A,ec8dde0d-61ba-41e6-8248-af74c1ad5887,Estados Contables,eeff,https://aif2.cnv.gov.ar/presentations/publicview/ec8dde0d-61ba-41e6-8248-af74c1ad5887
30657864117,NATURGY BAN S A,f81a3302-ac9f-4556-a795-bc25f214de37,Estados Contables,eeff,https://aif2.cnv.gov.ar/presentations/publicview/f81a3302-ac9f-4556-a795-bc25f214de37
30657864117,NATURGY BAN S A,027cc62d-269b-40c2-a3e2-867c9f05439e,Estados Contables,eeff,https://aif2.cnv.gov.ar/presentations/publicview/027cc62d-269b-40c2-a3e2-867c9f05439e
30657864117,NATURGY BAN S A,21acc26a-3c1d-46cd-a4ee-66a45a9aee77,Estados Contables,eeff,https://aif2.cnv.gov.ar/presentations/publicview/21acc26a-3c1d-46cd-a4ee-66a45a9aee77
30657864117,NATURGY BAN S A,138bd38d-6256-4e8a-939f-866e3bfb65c1,Estados Contables,eeff,https://aif2.cnv.gov.ar/presentations/publicview/138bd38d-6256-4e8a-939f-866e3bfb65c1
30657864117,NATURGY BAN S A,0e9719d1-7304-4935-9269-ac31f71acf80,Estados Contables,eeff,https://aif2.cnv.gov.ar/presentations/publicview/0e9719d1-7304-4935-9269-ac31f71acf80
30657864117,NATURGY BAN S A,088f626e-ffcd-455d-8a82-75e9418f978f,Estados Contables,eeff,https://aif2.cnv.gov.ar/presentations/publicview/088f626e-ffcd-455d-8a82-75e9418f978f
30657864117,NATURGY BAN S A,866fd689-17d1-4266-87e5-ace2dfbbf261,Estados Contables,eeff,https://aif2.cnv.gov.ar/presentations/publicview/866fd689-17d1-4266-87e5-ace2dfbbf261
30657864117,NATURGY BAN S A,52a5757c-8aa8-465e-909a-3bd01309279f,Estados Contables,eeff,https://aif2.cnv.gov.ar/presentations/publicview/52a5757c-8aa8-465e-909a-3bd01309279f
30657864117,NATURGY BAN S A,348a8023-7fc2-4d3c-a5e9-627d3ab2056c,Estados Contables,eeff,https://aif2.cnv.gov.ar/presentations/publicview/348a8023-7fc2-4d3c-a5e9-627d3ab2056c
30657864117,NATURGY BAN S A,99081c52-9afd-40ef-8a88-24d744e49121,Estados Contables,eeff,https://aif2.cnv.gov.ar/presentations/publicview/99081c52-9afd-40ef-8a88-24d744e49121
30657864117,NATURGY BAN S A,f247fefa-6711-4f81-aabb-9ad5464a5f6d,Estados Contables,eeff,https://aif2.cnv.gov.ar/presentations/publicview/f247fefa-6711-4f81-aabb-9ad5464a5f6d
30657864117,NATURGY BAN S A,1071eec0-9a95-42dc-a25d-a738f954603e,Estados Contables,eeff,https://aif2.cnv.gov.ar/presentations/publicview/1071eec0-9a95-42dc-a25d-a738f954603e
30657864117,NATURGY BAN S A,8346e23f-6d2f-40dc-ab8b-f3a2a4e58f93,Estados Contables,eeff,https://aif2.cnv.gov.ar/presentations/publicview/8346e23f-6d2f-40dc-ab8b-f3a2a4e58f93
30657864117,NATURGY BAN S A,5e0c3a35-8205-4621-b264-2586e1977a7f,Estados Contables,eeff,https://aif2.cnv.gov.ar/presentations/publicview/5e0c3a35-8205-4621-b264-2586e1977a7f
30657864427,Camuzzi Gas del Sur S A,1d464410-1ab4-4a8d-ac6f-0beb76001591,Estados Contables,eeff,https://aif2.cnv.gov.ar/presentations/publicview/1d464410-1ab4-4a8d-ac6f-0beb76001591
30657864427,Camuzzi Gas del Sur S A,c954db36-f905-40e8-88a1-05c98aae0c63,Estados Contables,eeff,https://aif2.cnv.gov.ar/presentations/publicview/c954db36-f905-40e8-88a1-05c98aae0c63
30657864427,Camuzzi Gas del Sur S A,cf50e573-f1e0-4b9f-b658-2a628e218981,Estados Contables,eeff,https://aif2.cnv.gov.ar/presentations/publicview/cf50e573-f1e0-4b9f-b658-2a628e218981
30657864427,Camuzzi Gas del Sur S A,b7e7a3fe-5f3e-467a-941d-25b93c890aad,Estados Contables,eeff,https://aif2.cnv.gov.ar/presentations/publicview/b7e7a3fe-5f3e-467a-941d-25b93c890aad
30657864427,Camuzzi Gas del Sur S A,36aae9d2-21c4-45d5-9a10-0d8058824841,Estados Contables,eeff,https://aif2.cnv.gov.ar/presentations/publicview/36aae9d2-21c4-45d5-9a10-0d8058824841
30657864427,Camuzzi Gas del Sur S A,128e230a-7463-42f8-8c36-308d55bd6a14,Estados Contables,eeff,https://aif2.cnv.gov.ar/presentations/publicview/128e230a-7463-42f8-8c36-308d55bd6a14
30657864427,Camuzzi Gas del Sur S A,871e1218-c65f-48f9-b2d2-a9d6bd66be26,Estados Contables,eeff,https://aif2.cnv.gov.ar/presentations/publicview/871e1218-c65f-48f9-b2d2-a9d6bd66be26
30657864427,Camuzzi Gas del Sur S A,1e0455bc-76c8-4d27-8170-92749fa1c88e,Estados Contables,eeff,https://aif2.cnv.gov.ar/presentations/publicview/1e0455bc-76c8-4d27-8170-92749fa1c88e
30657864427,Camuzzi Gas del Sur S A,0ac4a185-4547-46aa-8ddc-2c9e6a8219f6,Estados Contables,eeff,https://aif2.cnv.gov.ar/presentations/publicview/0ac4a185-4547-46aa-8ddc-2c9e6a8219f6
30657864427,Camuzzi Gas del Sur S A,525b440e-42b4-4de1-b5bd-642f2eaaa5b5,Estados Contables,eeff,https://aif2.cnv.gov.ar/presentations/publicview/525b440e-42b4-4de1-b5bd-642f2eaaa5b5
30657864427,Camuzzi Gas del Sur S A,9f6b607d-6c54-4494-ac78-d74749ba317c,Estados Contables,eeff,https://aif2.cnv.gov.ar/presentations/publicview/9f6b607d-6c54-4494-ac78-d74749ba317c
30657864427,Camuzzi Gas del Sur S A,84cb26fe-9b10-41ac-9b25-c76e2b8ba351,Estados Contables,eeff,https://aif2.cnv.gov.ar/presentations/publicview/84cb26fe-9b10-41ac-9b25-c76e2b8ba351
30657864427,Camuzzi Gas del Sur S A,562873c8-4ec2-40d0-b52d-e9a7ef0a887e,Estados Contables,eeff,https://aif2.cnv.gov.ar/presentations/publicview/562873c8-4ec2-40d0-b52d-e9a7ef0a887e
30657864427,Camuzzi Gas del Sur S A,004f7b47-4971-45e0-b77b-225f4da6b969,Estados Contables,eeff,https://aif2.cnv.gov.ar/presentations/publicview/004f7b47-4971-45e0-b77b-225f4da6b969
30657864427,Camuzzi Gas del Sur S A,ed94be3d-56f0-4f7b-9aef-1963d42c4130,Estados Contables,eeff,https://aif2.cnv.gov.ar/presentations/publicview/ed94be3d-56f0-4f7b-9aef-1963d42c4130
30657864427,Camuzzi Gas del Sur S A,c62b3a72-927c-435e-bf47-19469cfbe137,Estados Contables,eeff,https://aif2.cnv.gov.ar/presentations/publicview/c62b3a72-927c-435e-bf47-19469cfbe137
30657864427,Camuzzi Gas del Sur S A,8e0df151-a7f2-4543-8bcd-a8c42a7f80c9,Estados Contables,eeff,https://aif2.cnv.gov.ar/presentations/publicview/8e0df151-a7f2-4543-8bcd-a8c42a7f80c9
30658275522,ECOGAS INVERSIONES S A,a6e6d533-c18c-4e88-8e61-296a04b20840,Estados Contables,eeff,https://aif2.cnv.gov.ar/presentations/publicview/a6e6d533-c18c-4e88-8e61-296a04b20840
30658275522,ECOGAS INVERSIONES S A,1f64361c-818e-4b20-a71d-670bc51b0b59,Estados Contables,eeff,https://aif2.cnv.gov.ar/presentations/publicview/1f64361c-818e-4b20-a71d-670bc51b0b59
30658275522,ECOGAS INVERSIONES S A,da3b4376-d91e-45f6-9ac8-ec0e85eb8b91,Estados Contables,eeff,https://aif2.cnv.gov.ar/presentations/publicview/da3b4376-d91e-45f6-9ac8-ec0e85eb8b91
30658275522,ECOGAS INVERSIONES S A,2c65e1c3-2222-406c-a54c-6b4824bc57bc,Estados Contables,eeff,https://aif2.cnv.gov.ar/presentations/publicview/2c65e1c3-2222-406c-a54c-6b4824bc57bc
30658275522,ECOGAS INVERSIONES S A,e25173c7-02bc-41c8-9b73-7f024a3bbdf5,Estados Contables,eeff,https://aif2.cnv.gov.ar/presentations/publicview/e25173c7-02bc-41c8-9b73-7f024a3bbdf5
30658275522,ECOGAS INVERSIONES S A,bf8b9961-7355-41b3-a1dc-2f2fe3e319c8,Estados Contables,eeff,https://aif2.cnv.gov.ar/presentations/publicview/bf8b9961-7355-41b3-a1dc-2f2fe3e319c8
30658275522,ECOGAS INVERSIONES S A,ab28ebb1-1d00-42e7-9f31-8aacf20489be,Estados Contables,eeff,https://aif2.cnv.gov.ar/presentations/publicview/ab28ebb1-1d00-42e7-9f31-8aacf20489be
30658275522,ECOGAS INVERSIONES S A,f6f4879f-4b3c-4c82-a9fe-e4564d45383e,Estados Contables,eeff,https://aif2.cnv.gov.ar/presentations/publicview/f6f4879f-4b3c-4c82-a9fe-e4564d45383e
30658275522,ECOGAS INVERSIONES S A,6f1f719d-c5d2-456f-8c61-47791e1bdec7,Estados Contables,eeff,https://aif2.cnv.gov.ar/presentations/publicview/6f1f719d-c5d2-456f-8c61-47791e1bdec7
30658275522,ECOGAS INVERSIONES S A,8c56b030-dff1-4fed-a2f1-203a65af6e54,Estados Contables,eeff,https://aif2.cnv.gov.ar/presentations/publicview/8c56b030-dff1-4fed-a2f1-203a65af6e54
30658275522,ECOGAS INVERSIONES S A,8c3bdf61-df25-4905-a8d4-dbf2b164844a,Estados Contables,eeff,https://aif2.cnv.gov.ar/presentations/publicview/8c3bdf61-df25-4905-a8d4-dbf2b164844a
30658275522,ECOGAS INVERSIONES S A,40ebcccd-3b9e-4e15-8170-e33a47921f59,Estados Contables,eeff,https://aif2.cnv.gov.ar/presentations/publicview/40ebcccd-3b9e-4e15-8170-e33a47921f59
30658275522,ECOGAS INVERSIONES S A,d1fac852-1bc6-40f8-8246-3dc411efc160,Estados Contables,eeff,https://aif2.cnv.gov.ar/presentations/publicview/d1fac852-1bc6-40f8-8246-3dc411efc160
30658275522,ECOGAS INVERSIONES S A,aef836e5-34e6-4034-ba76-415b84ba15ec,Estados Contables,eeff,https://aif2.cnv.gov.ar/presentations/publicview/aef836e5-34e6-4034-ba76-415b84ba15ec
30663148776,Cia de Transporte de Energia Electrica,eb211233-1f6f-410b-b284-1556c9c3981d,Estados Contables,eeff,https://aif2.cnv.gov.ar/presentations/publicview/eb211233-1f6f-410b-b284-1556c9c3981d
30663148776,Cia de Transporte de Energia Electrica,86e08b32-0d9c-46fb-8626-68b1642e4b91,Estados Contables,eeff,https://aif2.cnv.gov.ar/presentations/publicview/86e08b32-0d9c-46fb-8626-68b1642e4b91
30663148776,Cia de Transporte de Energia Electrica,cd84574e-d12d-4714-b0e0-f1f67cf63abe,Estados Contables,eeff,https://aif2.cnv.gov.ar/presentations/publicview/cd84574e-d12d-4714-b0e0-f1f67cf63abe
30663148776,Cia de Transporte de Energia Electrica,f4020f9c-a87c-4fd1-9a0e-dd3d2c4ede40,Estados Contables,eeff,https://aif2.cnv.gov.ar/presentations/publicview/f4020f9c-a87c-4fd1-9a0e-dd3d2c4ede40
30663148776,Cia de Transporte de Energia Electrica,01161ff6-6bb5-4a28-bb2e-882687fdaa9c,Estados Contables,eeff,https://aif2.cnv.gov.ar/presentations/publicview/01161ff6-6bb5-4a28-bb2e-882687fdaa9c
30663148776,Cia de Transporte de Energia Electrica,a6c36cde-2ac5-45d7-85b8-7cf2446ec78a,Estados Contables,eeff,https://aif2.cnv.gov.ar/presentations/publicview/a6c36cde-2ac5-45d7-85b8-7cf2446ec78a
30663148776,Cia de Transporte de Energia Electrica,4469d2f4-fd1e-4831-89d3-44e545f48aa1,Estados Contables,eeff,https://aif2.cnv.gov.ar/presentations/publicview/4469d2f4-fd1e-4831-89d3-44e545f48aa1
30663148776,Cia de Transporte de Energia Electrica,276cddb9-a6d7-42e9-bc79-cfd1c2c7670b,Estados Contables,eeff,https://aif2.cnv.gov.ar/presentations/publicview/276cddb9-a6d7-42e9-bc79-cfd1c2c7670b
30663148776,Cia de Transporte de Energia Electrica,02ac6544-9dac-45d4-a07c-04d521bba295,Estados Contables,eeff,https://aif2.cnv.gov.ar/presentations/publicview/02ac6544-9dac-45d4-a07c-04d521bba295
30663148776,Cia de Transporte de Energia Electrica,0ed6cb3f-71df-4b69-84cc-63af614b3d48,Estados Contables,eeff,https://aif2.cnv.gov.ar/presentations/publicview/0ed6cb3f-71df-4b69-84cc-63af614b3d48
30663148776,Cia de Transporte de Energia Electrica,bc71145e-ff0a-4330-9f84-9cdd410399a7,Estados Contables,eeff,https://aif2.cnv.gov.ar/presentations/publicview/bc71145e-ff0a-4330-9f84-9cdd410399a7
30663148776,Cia de Transporte de Energia Electrica,4c67ee15-58c7-4c02-abbf-4be38c1c3850,Estados Contables,eeff,https://aif2.cnv.gov.ar/presentations/publicview/4c67ee15-58c7-4c02-abbf-4be38c1c3850
30663148776,Cia de Transporte de Energia Electrica,0c7e4f60-a000-4065-a53d-7f4079e7b9eb,Estados Contables,eeff,https://aif2.cnv.gov.ar/presentations/publicview/0c7e4f60-a000-4065-a53d-7f4079e7b9eb
30663148776,Cia de Transporte de Energia Electrica,c87f8834-6c36-4707-87d9-9b38c878c239,Estados Contables,eeff,https://aif2.cnv.gov.ar/presentations/publicview/c87f8834-6c36-4707-87d9-9b38c878c239
30663148776,Cia de Transporte de Energia Electrica,94de86a6-1c73-4274-bd8c-ba3bc0ae5d01,Estados Contables,eeff,https://aif2.cnv.gov.ar/presentations/publicview/94de86a6-1c73-4274-bd8c-ba3bc0ae5d01
30663148776,Cia de Transporte de Energia Electrica,d61530ef-e160-439e-b5ae-0d84fc77e35b,Estados Contables,eeff,https://aif2.cnv.gov.ar/presentations/publicview/d61530ef-e160-439e-b5ae-0d84fc77e35b
30663148776,Cia de Transporte de Energia Electrica,aad4125e-4681-4c0f-b5e0-43e47f064ef4,Estados Contables,eeff,https://aif2.cnv.gov.ar/presentations/publicview/aad4125e-4681-4c0f-b5e0-43e47f064ef4
30663148776,Cia de Transporte de Energia Electrica,fbf8371a-3907-4c94-bbba-533e93ac7efb,Estados Contables,eeff,https://aif2.cnv.gov.ar/presentations/publicview/fbf8371a-3907-4c94-bbba-533e93ac7efb
30663148776,Cia de Transporte de Energia Electrica,c4dbb046-af18-40a3-b3f5-f2b717a66963,Estados Contables,eeff,https://aif2.cnv.gov.ar/presentations/publicview/c4dbb046-af18-40a3-b3f5-f2b717a66963
30663148776,Cia de Transporte de Energia Electrica,7e7cba66-24c7-445f-913f-e3210a577111,Estados Contables,eeff,https://aif2.cnv.gov.ar/presentations/publicview/7e7cba66-24c7-445f-913f-e3210a577111
30663148776,Cia de Transporte de Energia Electrica,a9a7868f-4315-44c0-8ad3-68b2d7b7bd11,Estados Contables,eeff,https://aif2.cnv.gov.ar/presentations/publicview/a9a7868f-4315-44c0-8ad3-68b2d7b7bd11
30663148776,Cia de Transporte de Energia Electrica,934db8cb-abca-4c7f-82d8-068b2c2be766,Estados Contables,eeff,https://aif2.cnv.gov.ar/presentations/publicview/934db8cb-abca-4c7f-82d8-068b2c2be766
30663148776,Cia de Transporte de Energia Electrica,e81e82d5-6b33-4586-af85-21f886b5fa0f,Estados Contables,eeff,https://aif2.cnv.gov.ar/presentations/publicview/e81e82d5-6b33-4586-af85-21f886b5fa0f
30663148776,Cia de Transporte de Energia Electrica,60e06309-940c-4fad-a419-4ce453cd0296,Estados Contables,eeff,https://aif2.cnv.gov.ar/presentations/publicview/60e06309-940c-4fad-a419-4ce453cd0296
30663148776,Cia de Transporte de Energia Electrica,07679580-5f0a-4022-a114-10790f1589c3,Estados Contables,eeff,https://aif2.cnv.gov.ar/presentations/publicview/07679580-5f0a-4022-a114-10790f1589c3
30663148776,Cia de Transporte de Energia Electrica,098e9a42-c33d-4583-ada1-abc9ed88a084,Estados Contables,eeff,https://aif2.cnv.gov.ar/presentations/publicview/098e9a42-c33d-4583-ada1-abc9ed88a084
30663148776,Cia de Transporte de Energia Electrica,81e3c15c-bfe5-46d3-b8d5-3df4cc6f11cc,Estados Contables,eeff,https://aif2.cnv.gov.ar/presentations/publicview/81e3c15c-bfe5-46d3-b8d5-3df4cc6f11cc
30663148776,Cia de Transporte de Energia Electrica,a1fc22aa-3eb0-4068-a34b-fac78363088b,Estados Contables,eeff,https://aif2.cnv.gov.ar/presentations/publicview/a1fc22aa-3eb0-4068-a34b-fac78363088b
30663148776,Cia de Transporte de Energia Electrica,af377c8c-0ef5-45c5-ad3c-c29cd7c9ac60,Estados Contables,eeff,https://aif2.cnv.gov.ar/presentations/publicview/af377c8c-0ef5-45c5-ad3c-c29cd7c9ac60
30663148776,Cia de Transporte de Energia Electrica,06015d0b-4d97-4c1b-834b-2751fcfa7727,Estados Contables,eeff,https://aif2.cnv.gov.ar/presentations/publicview/06015d0b-4d97-4c1b-834b-2751fcfa7727
30663148776,Cia de Transporte de Energia Electrica,0af71be2-065b-4769-966c-1a3408356866,Estados Contables,eeff,https://aif2.cnv.gov.ar/presentations/publicview/0af71be2-065b-4769-966c-1a3408356866
30663148776,Cia de Transporte de Energia Electrica,6808ab74-ceac-4769-955e-ad2494dcd95a,Estados Contables,eeff,https://aif2.cnv.gov.ar/presentations/publicview/6808ab74-ceac-4769-955e-ad2494dcd95a
30663148776,Cia de Transporte de Energia Electrica,c6be47c7-407d-4dfc-b40c-53505f06a8d8,Estados Contables,eeff,https://aif2.cnv.gov.ar/presentations/publicview/c6be47c7-407d-4dfc-b40c-53505f06a8d8
30663148776,Cia de Transporte de Energia Electrica,7653ed95-3869-4d0b-9813-30c87106aa38,Estados Contables,eeff,https://aif2.cnv.gov.ar/presentations/publicview/7653ed95-3869-4d0b-9813-30c87106aa38
30663148776,Cia de Transporte de Energia Electrica,ddff5a74-ffa9-4b9c-895c-f6b8008235f7,Estados Contables,eeff,https://aif2.cnv.gov.ar/presentations/publicview/ddff5a74-ffa9-4b9c-895c-f6b8008235f7
30663148776,Cia de Transporte de Energia Electrica,82f5dabf-bd0e-4be7-a7d5-3fc5afb16275,Estados Contables,eeff,https://aif2.cnv.gov.ar/presentations/publicview/82f5dabf-bd0e-4be7-a7d5-3fc5afb16275
30663148776,Cia de Transporte de Energia Electrica,b13d9db7-06c1-449a-ac08-f1c3cb3f7b3e,Estados Contables,eeff,https://aif2.cnv.gov.ar/presentations/publicview/b13d9db7-06c1-449a-ac08-f1c3cb3f7b3e
30663498513,Grupo Concesionario del Oeste S A,344e3651-171f-453a-a127-51d4d79339ac,Estados Contables,eeff,https://aif2.cnv.gov.ar/presentations/publicview/344e3651-171f-453a-a127-51d4d79339ac
30663498513,Grupo Concesionario del Oeste S A,067e65ed-dae5-4935-a438-145f197f3886,Estados Contables,eeff,https://aif2.cnv.gov.ar/presentations/publicview/067e65ed-dae5-4935-a438-145f197f3886
30663498513,Grupo Concesionario del Oeste S A,1b3f174f-ce75-4ab5-b342-ff7d2e9f9faa,Estados Contables,eeff,https://aif2.cnv.gov.ar/presentations/publicview/1b3f174f-ce75-4ab5-b342-ff7d2e9f9faa
30663498513,Grupo Concesionario del Oeste S A,5f12d003-98c2-4182-b0e3-5fc75d62f289,Estados Contables,eeff,https://aif2.cnv.gov.ar/presentations/publicview/5f12d003-98c2-4182-b0e3-5fc75d62f289
30663498513,Grupo Concesionario del Oeste S A,bce590a6-719d-4c4d-9392-f2361c9921b0,Estados Contables,eeff,https://aif2.cnv.gov.ar/presentations/publicview/bce590a6-719d-4c4d-9392-f2361c9921b0
30663498513,Grupo Concesionario del Oeste S A,031205af-270d-4abd-9bf0-a23d83dc22c6,Estados Contables,eeff,https://aif2.cnv.gov.ar/presentations/publicview/031205af-270d-4abd-9bf0-a23d83dc22c6
30663498513,Grupo Concesionario del Oeste S A,e9f28c72-790d-476b-96ea-6854c23047fa,Estados Contables,eeff,https://aif2.cnv.gov.ar/presentations/publicview/e9f28c72-790d-476b-96ea-6854c23047fa
30663498513,Grupo Concesionario del Oeste S A,4b77afeb-a1f9-4e45-a276-a7cfdfffc35b,Estados Contables,eeff,https://aif2.cnv.gov.ar/presentations/publicview/4b77afeb-a1f9-4e45-a276-a7cfdfffc35b
30663498513,Grupo Concesionario del Oeste S A,0d5b2057-1141-456a-a0dc-edee61a2eaa9,Estados Contables,eeff,https://aif2.cnv.gov.ar/presentations/publicview/0d5b2057-1141-456a-a0dc-edee61a2eaa9
30663498513,Grupo Concesionario del Oeste S A,455fa903-47b2-4ff1-9971-637d6ec7bf31,Estados Contables,eeff,https://aif2.cnv.gov.ar/presentations/publicview/455fa903-47b2-4ff1-9971-637d6ec7bf31
30663498513,Grupo Concesionario del Oeste S A,05132a18-4ee5-4057-b085-9f6d77e8d406,Estados Contables,eeff,https://aif2.cnv.gov.ar/presentations/publicview/05132a18-4ee5-4057-b085-9f6d77e8d406
30663498513,Grupo Concesionario del Oeste S A,1f8df191-aa84-4efc-9f6b-148e2e9b39e2,Estados Contables,eeff,https://aif2.cnv.gov.ar/presentations/publicview/1f8df191-aa84-4efc-9f6b-148e2e9b39e2
30663498513,Grupo Concesionario del Oeste S A,2e942c18-0a16-4d9f-9e53-9350cfb7aaef,Estados Contables,eeff,https://aif2.cnv.gov.ar/presentations/publicview/2e942c18-0a16-4d9f-9e53-9350cfb7aaef
30663498513,Grupo Concesionario del Oeste S A,b658ca34-51b0-47f0-97f8-87c9249c6e17,Estados Contables,eeff,https://aif2.cnv.gov.ar/presentations/publicview/b658ca34-51b0-47f0-97f8-87c9249c6e17
30663498513,Grupo Concesionario del Oeste S A,b4ee7285-5453-4ee9-8871-11701399b8cc,Estados Contables,eeff,https://aif2.cnv.gov.ar/presentations/publicview/b4ee7285-5453-4ee9-8871-11701399b8cc
30663498513,Grupo Concesionario del Oeste S A,65df754b-aada-4e9d-b08e-e3bda70897dd,Estados Contables,eeff,https://aif2.cnv.gov.ar/presentations/publicview/65df754b-aada-4e9d-b08e-e3bda70897dd
30663498513,Grupo Concesionario del Oeste S A,4f0009e7-9c5f-4328-8784-c6e791741aa5,Estados Contables,eeff,https://aif2.cnv.gov.ar/presentations/publicview/4f0009e7-9c5f-4328-8784-c6e791741aa5
30663498513,Grupo Concesionario del Oeste S A,d49bc5fa-7078-4499-a602-6eae75c7a771,Estados Contables,eeff,https://aif2.cnv.gov.ar/presentations/publicview/d49bc5fa-7078-4499-a602-6eae75c7a771
30663498513,Grupo Concesionario del Oeste S A,8fdb63d9-70fb-48c0-b089-6610fde0ae87,Estados Contables,eeff,https://aif2.cnv.gov.ar/presentations/publicview/8fdb63d9-70fb-48c0-b089-6610fde0ae87
30663498513,Grupo Concesionario del Oeste S A,371198f5-4a0b-4f8c-bf96-1cbd38052aec,Estados Contables,eeff,https://aif2.cnv.gov.ar/presentations/publicview/371198f5-4a0b-4f8c-bf96-1cbd38052aec
30663498513,Grupo Concesionario del Oeste S A,e185e0dd-9f23-4831-997f-267ec73fa17f,Estados Contables,eeff,https://aif2.cnv.gov.ar/presentations/publicview/e185e0dd-9f23-4831-997f-267ec73fa17f
30663498513,Grupo Concesionario del Oeste S A,967c4760-37a7-45bb-b244-c086a73f2aa2,Estados Contables,eeff,https://aif2.cnv.gov.ar/presentations/publicview/967c4760-37a7-45bb-b244-c086a73f2aa2
30663498513,Grupo Concesionario del Oeste S A,c7d992b3-8c2d-4bae-bfb1-e56b166c65a7,Estados Contables,eeff,https://aif2.cnv.gov.ar/presentations/publicview/c7d992b3-8c2d-4bae-bfb1-e56b166c65a7
30663498513,Grupo Concesionario del Oeste S A,5c6d656c-2a01-4354-9eb3-43803f7cb5e5,Estados Contables,eeff,https://aif2.cnv.gov.ar/presentations/publicview/5c6d656c-2a01-4354-9eb3-43803f7cb5e5
30663498513,Grupo Concesionario del Oeste S A,c48b5531-5124-4069-8aea-b1e6601f2f27,Estados Contables,eeff,https://aif2.cnv.gov.ar/presentations/publicview/c48b5531-5124-4069-8aea-b1e6601f2f27
30663498513,Grupo Concesionario del Oeste S A,e6a53d12-6712-45bb-9807-c5a87e5eafa5,Estados Contables,eeff,https://aif2.cnv.gov.ar/presentations/publicview/e6a53d12-6712-45bb-9807-c5a87e5eafa5
30663498513,Grupo Concesionario del Oeste S A,849a2fb3-c9ce-4bbd-9452-44c1282161f5,Estados Contables,eeff,https://aif2.cnv.gov.ar/presentations/publicview/849a2fb3-c9ce-4bbd-9452-44c1282161f5
30663498513,Grupo Concesionario del Oeste S A,ceeddffe-fc8f-4d3a-b6ed-aeffe170bc97,Estados Contables,eeff,https://aif2.cnv.gov.ar/presentations/publicview/ceeddffe-fc8f-4d3a-b6ed-aeffe170bc97
30663498513,Grupo Concesionario del Oeste S A,a139d3ba-ffe7-4df9-8d44-d2a27430dea3,Estados Contables,eeff,https://aif2.cnv.gov.ar/presentations/publicview/a139d3ba-ffe7-4df9-8d44-d2a27430dea3
30677237119,Autopistas del Sol S A,fd59b892-b689-49ee-9e06-5df54ff44775,Estados Contables,eeff,https://aif2.cnv.gov.ar/presentations/publicview/fd59b892-b689-49ee-9e06-5df54ff44775
30677237119,Autopistas del Sol S A,03b2e4b2-fbd1-49f8-a039-efa85446a21e,Estados Contables,eeff,https://aif2.cnv.gov.ar/presentations/publicview/03b2e4b2-fbd1-49f8-a039-efa85446a21e
30677237119,Autopistas del Sol S A,b00ae6ee-e8ca-46fb-b8ec-455c36d7b53a,Estados Contables,eeff,https://aif2.cnv.gov.ar/presentations/publicview/b00ae6ee-e8ca-46fb-b8ec-455c36d7b53a
30677237119,Autopistas del Sol S A,7af1ee1e-0b46-42b5-9a10-590455c5fd9a,Estados Contables,eeff,https://aif2.cnv.gov.ar/presentations/publicview/7af1ee1e-0b46-42b5-9a10-590455c5fd9a
30677237119,Autopistas del Sol S A,4b2e4bc4-7018-4808-bfa5-f3e7b18342d1,Estados Contables,eeff,https://aif2.cnv.gov.ar/presentations/publicview/4b2e4bc4-7018-4808-bfa5-f3e7b18342d1
30677237119,Autopistas del Sol S A,7edd91bf-946d-4cc9-97c0-fb5a3bffbd91,Estados Contables,eeff,https://aif2.cnv.gov.ar/presentations/publicview/7edd91bf-946d-4cc9-97c0-fb5a3bffbd91
30677237119,Autopistas del Sol S A,cf165f12-e81c-4523-ab8c-115c816ecb9f,Estados Contables,eeff,https://aif2.cnv.gov.ar/presentations/publicview/cf165f12-e81c-4523-ab8c-115c816ecb9f
30677237119,Autopistas del Sol S A,39e7140b-d336-4a02-909d-c55c0614edc4,Estados Contables,eeff,https://aif2.cnv.gov.ar/presentations/publicview/39e7140b-d336-4a02-909d-c55c0614edc4
30677237119,Autopistas del Sol S A,dc1544a2-739d-4ad5-b3aa-92dc7d6584fd,Estados Contables,eeff,https://aif2.cnv.gov.ar/presentations/publicview/dc1544a2-739d-4ad5-b3aa-92dc7d6584fd
30677237119,Autopistas del Sol S A,663ce649-c79f-44e5-acdc-ff4d29fc22d7,Estados Contables,eeff,https://aif2.cnv.gov.ar/presentations/publicview/663ce649-c79f-44e5-acdc-ff4d29fc22d7
30677237119,Autopistas del Sol S A,42f1f965-6de4-4f86-80c1-1d5889584545,Estados Contables,eeff,https://aif2.cnv.gov.ar/presentations/publicview/42f1f965-6de4-4f86-80c1-1d5889584545
30677237119,Autopistas del Sol S A,b3427631-a493-4125-8ccc-e65a25622475,Estados Contables,eeff,https://aif2.cnv.gov.ar/presentations/publicview/b3427631-a493-4125-8ccc-e65a25622475
30677237119,Autopistas del Sol S A,2afa7545-5eb0-4359-b78c-66a98d69c02a,Estados Contables,eeff,https://aif2.cnv.gov.ar/presentations/publicview/2afa7545-5eb0-4359-b78c-66a98d69c02a
30677237119,Autopistas del Sol S A,aa01107f-26fc-4417-aad8-4dae88687174,Estados Contables,eeff,https://aif2.cnv.gov.ar/presentations/publicview/aa01107f-26fc-4417-aad8-4dae88687174
30677237119,Autopistas del Sol S A,2129c762-a786-423a-9f89-06305b7b9a5f,Estados Contables,eeff,https://aif2.cnv.gov.ar/presentations/publicview/2129c762-a786-423a-9f89-06305b7b9a5f
30677237119,Autopistas del Sol S A,910b76a3-a381-4750-8f47-2ab7c2333f18,Estados Contables,eeff,https://aif2.cnv.gov.ar/presentations/publicview/910b76a3-a381-4750-8f47-2ab7c2333f18
30677237119,Autopistas del Sol S A,e328722e-be2f-49ca-b256-d16e4f4cbece,Estados Contables,eeff,https://aif2.cnv.gov.ar/presentations/publicview/e328722e-be2f-49ca-b256-d16e4f4cbece
30677237119,Autopistas del Sol S A,f2a3310d-5a39-4880-a2af-526f519d3289,Estados Contables,eeff,https://aif2.cnv.gov.ar/presentations/publicview/f2a3310d-5a39-4880-a2af-526f519d3289
30677237119,Autopistas del Sol S A,88c259ed-3ca7-4552-8003-b9250f574302,Estados Contables,eeff,https://aif2.cnv.gov.ar/presentations/publicview/88c259ed-3ca7-4552-8003-b9250f574302
30677237119,Autopistas del Sol S A,55734846-0d1f-4686-946f-64d168c01cf8,Estados Contables,eeff,https://aif2.cnv.gov.ar/presentations/publicview/55734846-0d1f-4686-946f-64d168c01cf8
30677237119,Autopistas del Sol S A,da744fcf-8484-4b42-993c-600913ceaf64,Estados Contables,eeff,https://aif2.cnv.gov.ar/presentations/publicview/da744fcf-8484-4b42-993c-600913ceaf64
30677237119,Autopistas del Sol S A,708aeec7-326e-4214-9519-e3432652ec87,Estados Contables,eeff,https://aif2.cnv.gov.ar/presentations/publicview/708aeec7-326e-4214-9519-e3432652ec87
30677237119,Autopistas del Sol S A,18ae3ac4-9fea-4d3b-a4eb-5940bcfdd3f1,Estados Contables,eeff,https://aif2.cnv.gov.ar/presentations/publicview/18ae3ac4-9fea-4d3b-a4eb-5940bcfdd3f1
30677237119,Autopistas del Sol S A,3d319036-e1a4-41cb-934a-7d3899a57693,Estados Contables,eeff,https://aif2.cnv.gov.ar/presentations/publicview/3d319036-e1a4-41cb-934a-7d3899a57693
30677237119,Autopistas del Sol S A,236f8475-58d2-4c85-9be5-5d1a5e743863,Estados Contables,eeff,https://aif2.cnv.gov.ar/presentations/publicview/236f8475-58d2-4c85-9be5-5d1a5e743863
30677237119,Autopistas del Sol S A,6b8afcf1-6a51-4604-a640-81e0693339f9,Estados Contables,eeff,https://aif2.cnv.gov.ar/presentations/publicview/6b8afcf1-6a51-4604-a640-81e0693339f9
30677237119,Autopistas del Sol S A,2e5684d0-6275-48c6-8a15-a62fb6b836f9,Estados Contables,eeff,https://aif2.cnv.gov.ar/presentations/publicview/2e5684d0-6275-48c6-8a15-a62fb6b836f9
30677237119,Autopistas del Sol S A,5b4d2b06-5c96-461f-ab62-06c61cea721e,Estados Contables,eeff,https://aif2.cnv.gov.ar/presentations/publicview/5b4d2b06-5c96-461f-ab62-06c61cea721e
30696170580,Aeropuertos Argentina 2000 S A,1c2b5ec5-5317-4048-8b56-c51ed030fe81,Estados Contables,eeff,https://aif2.cnv.gov.ar/presentations/publicview/1c2b5ec5-5317-4048-8b56-c51ed030fe81
30696170580,Aeropuertos Argentina 2000 S A,8ca20fbf-d835-45ff-90ef-7b48ee0c260b,Estados Contables,eeff,https://aif2.cnv.gov.ar/presentations/publicview/8ca20fbf-d835-45ff-90ef-7b48ee0c260b
30696170580,Aeropuertos Argentina 2000 S A,0c73591b-c4f6-4b1a-b87e-f49d04aedd94,Estados Contables,eeff,https://aif2.cnv.gov.ar/presentations/publicview/0c73591b-c4f6-4b1a-b87e-f49d04aedd94
30696170580,Aeropuertos Argentina 2000 S A,ab43f7ab-fbdf-49b6-b488-64aa75719eb9,Estados Contables,eeff,https://aif2.cnv.gov.ar/presentations/publicview/ab43f7ab-fbdf-49b6-b488-64aa75719eb9
30696170580,Aeropuertos Argentina 2000 S A,8a67f64b-caef-4e9b-80ed-17904e412981,Estados Contables,eeff,https://aif2.cnv.gov.ar/presentations/publicview/8a67f64b-caef-4e9b-80ed-17904e412981
30696170580,Aeropuertos Argentina 2000 S A,4a90854a-6bdc-49d9-85d1-6020e8c67ed7,Estados Contables,eeff,https://aif2.cnv.gov.ar/presentations/publicview/4a90854a-6bdc-49d9-85d1-6020e8c67ed7
30696170580,Aeropuertos Argentina 2000 S A,8d39c49f-48d3-4794-a348-806db2b8c7c8,Estados Contables,eeff,https://aif2.cnv.gov.ar/presentations/publicview/8d39c49f-48d3-4794-a348-806db2b8c7c8
30696170580,Aeropuertos Argentina 2000 S A,e0a8a216-ff24-476d-80f5-ed712fb6480b,Estados Contables,eeff,https://aif2.cnv.gov.ar/presentations/publicview/e0a8a216-ff24-476d-80f5-ed712fb6480b
30696170580,Aeropuertos Argentina 2000 S A,88b54c94-095d-490a-b1bd-fc010b283f71,Estados Contables,eeff,https://aif2.cnv.gov.ar/presentations/publicview/88b54c94-095d-490a-b1bd-fc010b283f71
30696170580,Aeropuertos Argentina 2000 S A,248b7ab2-8d82-4da3-bca5-51a27a9d7300,Estados Contables,eeff,https://aif2.cnv.gov.ar/presentations/publicview/248b7ab2-8d82-4da3-bca5-51a27a9d7300
30696170580,Aeropuertos Argentina 2000 S A,de7e3355-e4bb-4657-8b7b-6977c92e9031,Estados Contables,eeff,https://aif2.cnv.gov.ar/presentations/publicview/de7e3355-e4bb-4657-8b7b-6977c92e9031
30696170580,Aeropuertos Argentina 2000 S A,9385f6d5-cb3c-4ee4-9d55-b796a4ac89a9,Estados Contables,eeff,https://aif2.cnv.gov.ar/presentations/publicview/9385f6d5-cb3c-4ee4-9d55-b796a4ac89a9
30696170580,Aeropuertos Argentina 2000 S A,12caa76c-93af-4844-bc47-b11f3d81e83b,Estados Contables,eeff,https://aif2.cnv.gov.ar/presentations/publicview/12caa76c-93af-4844-bc47-b11f3d81e83b
30696170580,Aeropuertos Argentina 2000 S A,293a5ddf-4c6a-43e7-b383-970ab70d4090,Estados Contables,eeff,https://aif2.cnv.gov.ar/presentations/publicview/293a5ddf-4c6a-43e7-b383-970ab70d4090
30696170580,Aeropuertos Argentina 2000 S A,b3f8ae06-0e63-4602-9c38-bbba10d06acc,Estados Contables,eeff,https://aif2.cnv.gov.ar/presentations/publicview/b3f8ae06-0e63-4602-9c38-bbba10d06acc
30696170580,Aeropuertos Argentina 2000 S A,f7c391bf-f0f3-4027-984b-f7485c696114,Estados Contables,eeff,https://aif2.cnv.gov.ar/presentations/publicview/f7c391bf-f0f3-4027-984b-f7485c696114
30696170580,Aeropuertos Argentina 2000 S A,01eba228-3e4b-4691-97a9-962fdc60fdf5,Estados Contables,eeff,https://aif2.cnv.gov.ar/presentations/publicview/01eba228-3e4b-4691-97a9-962fdc60fdf5
30696170580,Aeropuertos Argentina 2000 S A,8ffc96e0-4104-4be1-a726-b1d4e21ad766,Estados Contables,eeff,https://aif2.cnv.gov.ar/presentations/publicview/8ffc96e0-4104-4be1-a726-b1d4e21ad766
30696170580,Aeropuertos Argentina 2000 S A,11dd6199-a443-4351-9286-2e6b05d0ef3c,Estados Contables,eeff,https://aif2.cnv.gov.ar/presentations/publicview/11dd6199-a443-4351-9286-2e6b05d0ef3c
30696170580,Aeropuertos Argentina 2000 S A,fc1451c5-405b-4d2c-8a84-1987776db716,Estados Contables,eeff,https://aif2.cnv.gov.ar/presentations/publicview/fc1451c5-405b-4d2c-8a84-1987776db716
30696170580,Aeropuertos Argentina 2000 S A,b87ec40f-fd88-4c7f-a090-509aff5e7aa8,Estados Contables,eeff,https://aif2.cnv.gov.ar/presentations/publicview/b87ec40f-fd88-4c7f-a090-509aff5e7aa8
30696170580,Aeropuertos Argentina 2000 S A,0d334360-2cf0-42da-a0d0-22b6f45afbe0,Estados Contables,eeff,https://aif2.cnv.gov.ar/presentations/publicview/0d334360-2cf0-42da-a0d0-22b6f45afbe0
30696170580,Aeropuertos Argentina 2000 S A,f67ee3d8-4062-4fc0-89e6-73a1bb4c896a,Estados Contables,eeff,https://aif2.cnv.gov.ar/presentations/publicview/f67ee3d8-4062-4fc0-89e6-73a1bb4c896a
30696170580,Aeropuertos Argentina 2000 S A,70581379-25b0-4f30-a46b-05200873b4ee,Estados Contables,eeff,https://aif2.cnv.gov.ar/presentations/publicview/70581379-25b0-4f30-a46b-05200873b4ee
30696170580,Aeropuertos Argentina 2000 S A,270700a8-620a-4342-b742-80624acf6ae9,Estados Contables,eeff,https://aif2.cnv.gov.ar/presentations/publicview/270700a8-620a-4342-b742-80624acf6ae9
30696170580,Aeropuertos Argentina 2000 S A,7f9dc4b7-6092-4b6e-b48a-a432e1c149d6,Estados Contables,eeff,https://aif2.cnv.gov.ar/presentations/publicview/7f9dc4b7-6092-4b6e-b48a-a432e1c149d6
30696170580,Aeropuertos Argentina 2000 S A,97f3e5d7-d7d7-4830-bcc1-8a99dac992ac,Estados Contables,eeff,https://aif2.cnv.gov.ar/presentations/publicview/97f3e5d7-d7d7-4830-bcc1-8a99dac992ac
30696170580,Aeropuertos Argentina 2000 S A,6a329368-0e4c-4f0a-9d4c-4edb64e42a43,Estados Contables,eeff,https://aif2.cnv.gov.ar/presentations/publicview/6a329368-0e4c-4f0a-9d4c-4edb64e42a43
30696170580,Aeropuertos Argentina 2000 S A,c2128f75-a566-4b3c-b4a4-bfa63d74825d,Estados Contables,eeff,https://aif2.cnv.gov.ar/presentations/publicview/c2128f75-a566-4b3c-b4a4-bfa63d74825d
30696170580,Aeropuertos Argentina 2000 S A,31d96a59-439e-44c2-a854-4718221494e4,Estados Contables,eeff,https://aif2.cnv.gov.ar/presentations/publicview/31d96a59-439e-44c2-a854-4718221494e4
30696170580,Aeropuertos Argentina 2000 S A,4f1859c3-43b3-4189-8e5d-8628b74711a8,Estados Contables,eeff,https://aif2.cnv.gov.ar/presentations/publicview/4f1859c3-43b3-4189-8e5d-8628b74711a8
30696170580,Aeropuertos Argentina 2000 S A,02a03799-2298-4fb8-8921-82d0c99482af,Estados Contables,eeff,https://aif2.cnv.gov.ar/presentations/publicview/02a03799-2298-4fb8-8921-82d0c99482af
30696170580,Aeropuertos Argentina 2000 S A,73288a26-899c-49ab-84f2-dfbcfadaf5b7,Estados Contables,eeff,https://aif2.cnv.gov.ar/presentations/publicview/73288a26-899c-49ab-84f2-dfbcfadaf5b7
30696170580,Aeropuertos Argentina 2000 S A,af8185ed-c44f-4592-8ca7-f245aaff1b2b,Estados Contables,eeff,https://aif2.cnv.gov.ar/presentations/publicview/af8185ed-c44f-4592-8ca7-f245aaff1b2b
30696170580,Aeropuertos Argentina 2000 S A,3aa02732-0282-478f-b698-43bf3bfa03c1,Estados Contables,eeff,https://aif2.cnv.gov.ar/presentations/publicview/3aa02732-0282-478f-b698-43bf3bfa03c1
30696170580,Aeropuertos Argentina 2000 S A,45eb7952-dfa8-40bd-9868-73951b682c86,Estados Contables,eeff,https://aif2.cnv.gov.ar/presentations/publicview/45eb7952-dfa8-40bd-9868-73951b682c86
30696170580,Aeropuertos Argentina 2000 S A,28534d32-6c7a-4d8b-a767-cecc42313b6d,Estados Contables,eeff,https://aif2.cnv.gov.ar/presentations/publicview/28534d32-6c7a-4d8b-a767-cecc42313b6d
30696170580,Aeropuertos Argentina 2000 S A,4cd19fcb-1265-4f91-aa15-94dbe830318e,Estados Contables,eeff,https://aif2.cnv.gov.ar/presentations/publicview/4cd19fcb-1265-4f91-aa15-94dbe830318e
30696170580,Aeropuertos Argentina 2000 S A,019fd081-0b8a-4e6b-b84f-bebdb9480fad,Estados Contables,eeff,https://aif2.cnv.gov.ar/presentations/publicview/019fd081-0b8a-4e6b-b84f-bebdb9480fad
30704962807,Grupo Financiero Galicia S A,af12de12-4ad8-4c67-ad07-18ee4f1528fc,Estados Contables,eeff,https://aif2.cnv.gov.ar/presentations/publicview/af12de12-4ad8-4c67-ad07-18ee4f1528fc
30704962807,Grupo Financiero Galicia S A,ca9ff575-acb3-43d5-94cb-9775ea3e1ee2,Estados Contables,eeff,https://aif2.cnv.gov.ar/presentations/publicview/ca9ff575-acb3-43d5-94cb-9775ea3e1ee2
30704962807,Grupo Financiero Galicia S A,a94ff8eb-24b3-4299-b229-6b7f9bfcb542,Estados Contables,eeff,https://aif2.cnv.gov.ar/presentations/publicview/a94ff8eb-24b3-4299-b229-6b7f9bfcb542
30704962807,Grupo Financiero Galicia S A,d4b18f7e-e7b0-477c-ade8-a2a1b16463e9,Estados Contables,eeff,https://aif2.cnv.gov.ar/presentations/publicview/d4b18f7e-e7b0-477c-ade8-a2a1b16463e9
30704962807,Grupo Financiero Galicia S A,02ec1e24-6b74-43d0-99ad-702c4415210f,Estados Contables,eeff,https://aif2.cnv.gov.ar/presentations/publicview/02ec1e24-6b74-43d0-99ad-702c4415210f
30704962807,Grupo Financiero Galicia S A,10d1dd6e-fcf9-4612-8ef4-0c6e8559a096,Estados Contables,eeff,https://aif2.cnv.gov.ar/presentations/publicview/10d1dd6e-fcf9-4612-8ef4-0c6e8559a096
30704962807,Grupo Financiero Galicia S A,decf9511-5fe5-4819-97bb-8f1fb70556b6,Estados Contables,eeff,https://aif2.cnv.gov.ar/presentations/publicview/decf9511-5fe5-4819-97bb-8f1fb70556b6
30704962807,Grupo Financiero Galicia S A,a05fede0-baa2-4102-b332-a4b6ff4bb111,Estados Contables,eeff,https://aif2.cnv.gov.ar/presentations/publicview/a05fede0-baa2-4102-b332-a4b6ff4bb111
30704962807,Grupo Financiero Galicia S A,960453ae-b2b7-4b58-93f9-1d263c33ab5b,Estados Contables,eeff,https://aif2.cnv.gov.ar/presentations/publicview/960453ae-b2b7-4b58-93f9-1d263c33ab5b
30704962807,Grupo Financiero Galicia S A,e6f78682-e61c-4aed-977e-a8ea7e2b397c,Estados Contables,eeff,https://aif2.cnv.gov.ar/presentations/publicview/e6f78682-e61c-4aed-977e-a8ea7e2b397c
30704962807,Grupo Financiero Galicia S A,f5bdeab3-1231-4520-b239-ef1d9235fe40,Estados Contables,eeff,https://aif2.cnv.gov.ar/presentations/publicview/f5bdeab3-1231-4520-b239-ef1d9235fe40
30704962807,Grupo Financiero Galicia S A,233f62e5-e6bf-4cf7-bddb-e55b3e18b164,Estados Contables,eeff,https://aif2.cnv.gov.ar/presentations/publicview/233f62e5-e6bf-4cf7-bddb-e55b3e18b164
30704962807,Grupo Financiero Galicia S A,a14be98d-1f71-48f0-a431-c45ad3b6fe67,Estados Contables,eeff,https://aif2.cnv.gov.ar/presentations/publicview/a14be98d-1f71-48f0-a431-c45ad3b6fe67
30704962807,Grupo Financiero Galicia S A,a2350744-9d39-4261-b721-bcd2abbb8e5f,Estados Contables,eeff,https://aif2.cnv.gov.ar/presentations/publicview/a2350744-9d39-4261-b721-bcd2abbb8e5f
30704962807,Grupo Financiero Galicia S A,f52052bb-8c16-426d-85dc-e70aa7c1d712,Estados Contables,eeff,https://aif2.cnv.gov.ar/presentations/publicview/f52052bb-8c16-426d-85dc-e70aa7c1d712
30704962807,Grupo Financiero Galicia S A,33a181f4-a86e-48b1-b049-0ee38cf581cc,Estados Contables,eeff,https://aif2.cnv.gov.ar/presentations/publicview/33a181f4-a86e-48b1-b049-0ee38cf581cc
30704962807,Grupo Financiero Galicia S A,adeeab7f-1ff7-46e1-894d-bf005eb1f38d,Estados Contables,eeff,https://aif2.cnv.gov.ar/presentations/publicview/adeeab7f-1ff7-46e1-894d-bf005eb1f38d
30704962807,Grupo Financiero Galicia S A,8ac7857d-0e9b-4499-9a28-2b23e60f8132,Estados Contables,eeff,https://aif2.cnv.gov.ar/presentations/publicview/8ac7857d-0e9b-4499-9a28-2b23e60f8132
30704962807,Grupo Financiero Galicia S A,e7347276-3970-4dc0-8228-cb84c7402cbc,Estados Contables,eeff,https://aif2.cnv.gov.ar/presentations/publicview/e7347276-3970-4dc0-8228-cb84c7402cbc
30704962807,Grupo Financiero Galicia S A,0c22f2c1-165b-4750-a902-1178c98ac712,Estados Contables,eeff,https://aif2.cnv.gov.ar/presentations/publicview/0c22f2c1-165b-4750-a902-1178c98ac712
30704962807,Grupo Financiero Galicia S A,596cf5ad-1843-4eb0-b677-b89a19db3092,Estados Contables,eeff,https://aif2.cnv.gov.ar/presentations/publicview/596cf5ad-1843-4eb0-b677-b89a19db3092
30704962807,Grupo Financiero Galicia S A,dd9299ee-a25c-4ec7-8b5e-4619b0629208,Estados Contables,eeff,https://aif2.cnv.gov.ar/presentations/publicview/dd9299ee-a25c-4ec7-8b5e-4619b0629208
30704962807,Grupo Financiero Galicia S A,6d79a470-a1af-4a4b-a74e-a9b69dce91df,Estados Contables,eeff,https://aif2.cnv.gov.ar/presentations/publicview/6d79a470-a1af-4a4b-a74e-a9b69dce91df
30704962807,Grupo Financiero Galicia S A,1d1bb92c-5cb8-4b4c-831b-6c951c003656,Estados Contables,eeff,https://aif2.cnv.gov.ar/presentations/publicview/1d1bb92c-5cb8-4b4c-831b-6c951c003656
30704962807,Grupo Financiero Galicia S A,fa7d32e3-9ae5-4443-bf06-2310582a6349,Estados Contables,eeff,https://aif2.cnv.gov.ar/presentations/publicview/fa7d32e3-9ae5-4443-bf06-2310582a6349
30704962807,Grupo Financiero Galicia S A,13b9baf1-e5cd-4013-8b39-4c397a3f222d,Estados Contables,eeff,https://aif2.cnv.gov.ar/presentations/publicview/13b9baf1-e5cd-4013-8b39-4c397a3f222d
30704962807,Grupo Financiero Galicia S A,6c51a994-072f-42b4-b78e-399e5bec9cc9,Estados Contables,eeff,https://aif2.cnv.gov.ar/presentations/publicview/6c51a994-072f-42b4-b78e-399e5bec9cc9
30704962807,Grupo Financiero Galicia S A,c3d43b06-d341-4a2e-ba98-c396ad41ae63,Estados Contables,eeff,https://aif2.cnv.gov.ar/presentations/publicview/c3d43b06-d341-4a2e-ba98-c396ad41ae63
30704962807,Grupo Financiero Galicia S A,f7e9bcdb-35a1-4a14-999f-95efa064ce73,Estados Contables,eeff,https://aif2.cnv.gov.ar/presentations/publicview/f7e9bcdb-35a1-4a14-999f-95efa064ce73
30704962807,Grupo Financiero Galicia S A,08389ed4-7f93-49fd-9053-9b7a448ca38a,Estados Contables,eeff,https://aif2.cnv.gov.ar/presentations/publicview/08389ed4-7f93-49fd-9053-9b7a448ca38a
30704962807,Grupo Financiero Galicia S A,a60b88ca-7f35-4871-b74e-3f6f2337b992,Estados Contables,eeff,https://aif2.cnv.gov.ar/presentations/publicview/a60b88ca-7f35-4871-b74e-3f6f2337b992
30704962807,Grupo Financiero Galicia S A,0ae624e4-3e88-4fdd-b6c6-608697a8eb6c,Estados Contables,eeff,https://aif2.cnv.gov.ar/presentations/publicview/0ae624e4-3e88-4fdd-b6c6-608697a8eb6c
30707001735,Grupo Clarín S A,f0530bf0-caa3-47a8-8213-5f795e66492c,Estados Contables,eeff,https://aif2.cnv.gov.ar/presentations/publicview/f0530bf0-caa3-47a8-8213-5f795e66492c
30707001735,Grupo Clarín S A,046719ea-25ad-4f26-bf1b-247a9fe975c7,Estados Contables,eeff,https://aif2.cnv.gov.ar/presentations/publicview/046719ea-25ad-4f26-bf1b-247a9fe975c7
30707001735,Grupo Clarín S A,69633c6d-771e-4492-8b96-1d49198255d9,Estados Contables,eeff,https://aif2.cnv.gov.ar/presentations/publicview/69633c6d-771e-4492-8b96-1d49198255d9
30707001735,Grupo Clarín S A,658cef1e-c6b6-4455-b7fe-702d92c39998,Estados Contables,eeff,https://aif2.cnv.gov.ar/presentations/publicview/658cef1e-c6b6-4455-b7fe-702d92c39998
30707001735,Grupo Clarín S A,5e4b9170-56d9-44e0-b28e-5ed85d1efe73,Estados Contables,eeff,https://aif2.cnv.gov.ar/presentations/publicview/5e4b9170-56d9-44e0-b28e-5ed85d1efe73
30707001735,Grupo Clarín S A,1f21d6c8-824a-43f9-b9a2-ab5ae8e920de,Estados Contables,eeff,https://aif2.cnv.gov.ar/presentations/publicview/1f21d6c8-824a-43f9-b9a2-ab5ae8e920de
30707001735,Grupo Clarín S A,7b78504e-002b-4e9a-8d1e-2ce741f9b2fc,Estados Contables,eeff,https://aif2.cnv.gov.ar/presentations/publicview/7b78504e-002b-4e9a-8d1e-2ce741f9b2fc
30707001735,Grupo Clarín S A,c0ff7099-b7b9-42ab-be7e-65986450c4af,Estados Contables,eeff,https://aif2.cnv.gov.ar/presentations/publicview/c0ff7099-b7b9-42ab-be7e-65986450c4af
30707001735,Grupo Clarín S A,362b2e0a-d2ab-4801-9876-e8c70becc82c,Estados Contables,eeff,https://aif2.cnv.gov.ar/presentations/publicview/362b2e0a-d2ab-4801-9876-e8c70becc82c
30707001735,Grupo Clarín S A,fac6c648-78f4-47c3-baca-165631833299,Estados Contables,eeff,https://aif2.cnv.gov.ar/presentations/publicview/fac6c648-78f4-47c3-baca-165631833299
30707001735,Grupo Clarín S A,2da0ac23-620d-456b-aa9f-5e30bf594e3d,Estados Contables,eeff,https://aif2.cnv.gov.ar/presentations/publicview/2da0ac23-620d-456b-aa9f-5e30bf594e3d
30707001735,Grupo Clarín S A,c89ee521-899a-4233-a0ba-827763950b7a,Estados Contables,eeff,https://aif2.cnv.gov.ar/presentations/publicview/c89ee521-899a-4233-a0ba-827763950b7a
30707001735,Grupo Clarín S A,27166c43-3924-4475-8ce8-dfe1773aaaee,Estados Contables,eeff,https://aif2.cnv.gov.ar/presentations/publicview/27166c43-3924-4475-8ce8-dfe1773aaaee
30707001735,Grupo Clarín S A,28325210-f161-4263-baba-2a5e276ba132,Estados Contables,eeff,https://aif2.cnv.gov.ar/presentations/publicview/28325210-f161-4263-baba-2a5e276ba132
30707001735,Grupo Clarín S A,8f77e0a1-7c5d-4bf8-b41c-2016ced31d29,Estados Contables,eeff,https://aif2.cnv.gov.ar/presentations/publicview/8f77e0a1-7c5d-4bf8-b41c-2016ced31d29
30707001735,Grupo Clarín S A,16e2ca15-03b3-40b7-926d-f9377a04b68a,Estados Contables,eeff,https://aif2.cnv.gov.ar/presentations/publicview/16e2ca15-03b3-40b7-926d-f9377a04b68a
30707001735,Grupo Clarín S A,8385b3ce-9af0-4748-b764-a96b559c2fe9,Estados Contables,eeff,https://aif2.cnv.gov.ar/presentations/publicview/8385b3ce-9af0-4748-b764-a96b559c2fe9
30707001735,Grupo Clarín S A,553f40a2-d7c1-40e2-b824-5c02ee7ce497,Estados Contables,eeff,https://aif2.cnv.gov.ar/presentations/publicview/553f40a2-d7c1-40e2-b824-5c02ee7ce497
30707001735,Grupo Clarín S A,530d7b3e-8f77-4104-87d9-c211115d5798,Estados Contables,eeff,https://aif2.cnv.gov.ar/presentations/publicview/530d7b3e-8f77-4104-87d9-c211115d5798
30707001735,Grupo Clarín S A,24d5be98-8b7f-4c7d-b91f-0d7a6b9ba56d,Estados Contables,eeff,https://aif2.cnv.gov.ar/presentations/publicview/24d5be98-8b7f-4c7d-b91f-0d7a6b9ba56d
30707001735,Grupo Clarín S A,92b572b6-d854-4466-bb9c-769ef7769950,Estados Contables,eeff,https://aif2.cnv.gov.ar/presentations/publicview/92b572b6-d854-4466-bb9c-769ef7769950
30707001735,Grupo Clarín S A,0eba1e32-a75f-4e04-86dd-721575eff286,Estados Contables,eeff,https://aif2.cnv.gov.ar/presentations/publicview/0eba1e32-a75f-4e04-86dd-721575eff286
30707001735,Grupo Clarín S A,22da97a4-b92c-4f62-b7d3-c92146e3f13f,Estados Contables,eeff,https://aif2.cnv.gov.ar/presentations/publicview/22da97a4-b92c-4f62-b7d3-c92146e3f13f
30707001735,Grupo Clarín S A,4121b45a-a4fd-4b8c-95bb-d4ad901101c5,Estados Contables,eeff,https://aif2.cnv.gov.ar/presentations/publicview/4121b45a-a4fd-4b8c-95bb-d4ad901101c5
30707001735,Grupo Clarín S A,0e62f406-a094-4527-a652-628739f8fce4,Estados Contables,eeff,https://aif2.cnv.gov.ar/presentations/publicview/0e62f406-a094-4527-a652-628739f8fce4
30707001735,Grupo Clarín S A,699bee14-1312-4d90-a4b4-70a5a9ced3a1,Estados Contables,eeff,https://aif2.cnv.gov.ar/presentations/publicview/699bee14-1312-4d90-a4b4-70a5a9ced3a1
30707001735,Grupo Clarín S A,1428319b-a179-49c2-869b-46777efde604,Estados Contables,eeff,https://aif2.cnv.gov.ar/presentations/publicview/1428319b-a179-49c2-869b-46777efde604
30707001735,Grupo Clarín S A,4f58e152-5445-47f0-a739-cdc70293adda,Estados Contables,eeff,https://aif2.cnv.gov.ar/presentations/publicview/4f58e152-5445-47f0-a739-cdc70293adda
30707001735,Grupo Clarín S A,662b7a2e-3abe-4d0c-aacf-12ab1f1b1c9c,Estados Contables,eeff,https://aif2.cnv.gov.ar/presentations/publicview/662b7a2e-3abe-4d0c-aacf-12ab1f1b1c9c
30707001735,Grupo Clarín S A,59032d3c-255c-458c-868a-bec8cae9db71,Estados Contables,eeff,https://aif2.cnv.gov.ar/presentations/publicview/59032d3c-255c-458c-868a-bec8cae9db71
30708544082,HAVANNA HOLDING S A,a9d7bdd0-1d89-4ae5-8560-9df22d6fc325,Estados Contables,eeff,https://aif2.cnv.gov.ar/presentations/publicview/a9d7bdd0-1d89-4ae5-8560-9df22d6fc325
30708544082,HAVANNA HOLDING S A,3a4b0f7a-fa77-4af7-ab26-c295d6512a99,Estados Contables,eeff,https://aif2.cnv.gov.ar/presentations/publicview/3a4b0f7a-fa77-4af7-ab26-c295d6512a99
30708544082,HAVANNA HOLDING S A,b040e0e2-0f67-4aac-8f24-5fe515ca29fd,Estados Contables,eeff,https://aif2.cnv.gov.ar/presentations/publicview/b040e0e2-0f67-4aac-8f24-5fe515ca29fd
30708544082,HAVANNA HOLDING S A,c6035a85-b8d2-4c6f-852c-6d6652d30fc8,Estados Contables,eeff,https://aif2.cnv.gov.ar/presentations/publicview/c6035a85-b8d2-4c6f-852c-6d6652d30fc8
30708544082,HAVANNA HOLDING S A,5a8d5ae6-39e1-4964-ba40-9397cb2cc2e4,Estados Contables,eeff,https://aif2.cnv.gov.ar/presentations/publicview/5a8d5ae6-39e1-4964-ba40-9397cb2cc2e4
30708544082,HAVANNA HOLDING S A,9d4fb3c4-71e1-40bd-97a3-66f2f97660ae,Estados Contables,eeff,https://aif2.cnv.gov.ar/presentations/publicview/9d4fb3c4-71e1-40bd-97a3-66f2f97660ae
30708544082,HAVANNA HOLDING S A,4cd5732e-be14-43b0-a91c-ae584ddf3410,Estados Contables,eeff,https://aif2.cnv.gov.ar/presentations/publicview/4cd5732e-be14-43b0-a91c-ae584ddf3410
30708544082,HAVANNA HOLDING S A,04cfdb86-90c4-429f-b8dc-cfa567649dce,Estados Contables,eeff,https://aif2.cnv.gov.ar/presentations/publicview/04cfdb86-90c4-429f-b8dc-cfa567649dce
30708544082,HAVANNA HOLDING S A,4759cbde-0cad-4d45-a7e7-07204f7fb005,Estados Contables,eeff,https://aif2.cnv.gov.ar/presentations/publicview/4759cbde-0cad-4d45-a7e7-07204f7fb005
30708544082,HAVANNA HOLDING S A,7951cff6-35dd-4ddc-be61-b9d1347c4582,Estados Contables,eeff,https://aif2.cnv.gov.ar/presentations/publicview/7951cff6-35dd-4ddc-be61-b9d1347c4582
30708544082,HAVANNA HOLDING S A,47db94d6-8f62-4b63-8478-c5ef69fd2c08,Estados Contables,eeff,https://aif2.cnv.gov.ar/presentations/publicview/47db94d6-8f62-4b63-8478-c5ef69fd2c08
30708544082,HAVANNA HOLDING S A,12323d6a-cb4d-47b8-8ffd-d375b769f68a,Estados Contables,eeff,https://aif2.cnv.gov.ar/presentations/publicview/12323d6a-cb4d-47b8-8ffd-d375b769f68a
30708544082,HAVANNA HOLDING S A,6376ee05-10d6-43d4-9855-750e4d4b7174,Estados Contables,eeff,https://aif2.cnv.gov.ar/presentations/publicview/6376ee05-10d6-43d4-9855-750e4d4b7174
30708544082,HAVANNA HOLDING S A,fffc4b70-6377-4ba6-b3e8-10e5b10ef1fa,Estados Contables,eeff,https://aif2.cnv.gov.ar/presentations/publicview/fffc4b70-6377-4ba6-b3e8-10e5b10ef1fa
30708544082,HAVANNA HOLDING S A,5086fafd-256e-42f5-a3a5-80b20ac67ef6,Estados Contables,eeff,https://aif2.cnv.gov.ar/presentations/publicview/5086fafd-256e-42f5-a3a5-80b20ac67ef6
30708544082,HAVANNA HOLDING S A,ed247382-7610-486c-9101-f4160a79522b,Estados Contables,eeff,https://aif2.cnv.gov.ar/presentations/publicview/ed247382-7610-486c-9101-f4160a79522b
30708544082,HAVANNA HOLDING S A,9c817b32-40d1-403a-80e9-b09d72b590ba,Estados Contables,eeff,https://aif2.cnv.gov.ar/presentations/publicview/9c817b32-40d1-403a-80e9-b09d72b590ba
30708544082,HAVANNA HOLDING S A,b3a26306-159e-47b9-b545-be39e3799c90,Estados Contables,eeff,https://aif2.cnv.gov.ar/presentations/publicview/b3a26306-159e-47b9-b545-be39e3799c90
30708544082,HAVANNA HOLDING S A,3d77f22d-3eca-4cbe-b558-5e0d5bf8e38a,Estados Contables,eeff,https://aif2.cnv.gov.ar/presentations/publicview/3d77f22d-3eca-4cbe-b558-5e0d5bf8e38a
30708544082,HAVANNA HOLDING S A,3810dd34-0101-459c-bd46-55e33e11b603,Estados Contables,eeff,https://aif2.cnv.gov.ar/presentations/publicview/3810dd34-0101-459c-bd46-55e33e11b603
30708544082,HAVANNA HOLDING S A,840e2503-4206-417e-b8f7-ad30a5a59eb3,Estados Contables,eeff,https://aif2.cnv.gov.ar/presentations/publicview/840e2503-4206-417e-b8f7-ad30a5a59eb3
30708544082,HAVANNA HOLDING S A,5680c4ba-1167-4ba0-8796-d0d614b563b6,Estados Contables,eeff,https://aif2.cnv.gov.ar/presentations/publicview/5680c4ba-1167-4ba0-8796-d0d614b563b6
30708544082,HAVANNA HOLDING S A,8b252009-9115-4e91-85d8-0297603654d0,Estados Contables,eeff,https://aif2.cnv.gov.ar/presentations/publicview/8b252009-9115-4e91-85d8-0297603654d0
30708544082,HAVANNA HOLDING S A,4ce34943-25b7-43c4-afe5-742333354186,Estados Contables,eeff,https://aif2.cnv.gov.ar/presentations/publicview/4ce34943-25b7-43c4-afe5-742333354186
30708544082,HAVANNA HOLDING S A,3593bbcc-3a0f-4e71-919a-145f865bed86,Estados Contables,eeff,https://aif2.cnv.gov.ar/presentations/publicview/3593bbcc-3a0f-4e71-919a-145f865bed86
30708544082,HAVANNA HOLDING S A,72ffdd64-c3fb-448f-a0d4-a21786dfe33a,Estados Contables,eeff,https://aif2.cnv.gov.ar/presentations/publicview/72ffdd64-c3fb-448f-a0d4-a21786dfe33a
30708544082,HAVANNA HOLDING S A,28163b63-b821-4c6a-bb36-55345beabc20,Estados Contables,eeff,https://aif2.cnv.gov.ar/presentations/publicview/28163b63-b821-4c6a-bb36-55345beabc20
30708544082,HAVANNA HOLDING S A,9e3cec64-e597-477f-bf35-e952a6da81ff,Estados Contables,eeff,https://aif2.cnv.gov.ar/presentations/publicview/9e3cec64-e597-477f-bf35-e952a6da81ff
30708544082,HAVANNA HOLDING S A,b421c930-a5a6-4773-997a-2d987c38002f,Estados Contables,eeff,https://aif2.cnv.gov.ar/presentations/publicview/b421c930-a5a6-4773-997a-2d987c38002f
30708544082,HAVANNA HOLDING S A,bea03c10-b3b7-46f7-a839-86f5a6ef008c,Estados Contables,eeff,https://aif2.cnv.gov.ar/presentations/publicview/bea03c10-b3b7-46f7-a839-86f5a6ef008c
30708544082,HAVANNA HOLDING S A,e2fd554a-ad96-4dac-93d8-31eefb7f1bfe,Estados Contables,eeff,https://aif2.cnv.gov.ar/presentations/publicview/e2fd554a-ad96-4dac-93d8-31eefb7f1bfe
30708544082,HAVANNA HOLDING S A,4c4c5108-fd9d-4190-a9bf-167e57a595c7,Estados Contables,eeff,https://aif2.cnv.gov.ar/presentations/publicview/4c4c5108-fd9d-4190-a9bf-167e57a595c7
30708544082,HAVANNA HOLDING S A,c41cf2b1-14f4-49b8-92b1-10a8f254daab,Estados Contables,eeff,https://aif2.cnv.gov.ar/presentations/publicview/c41cf2b1-14f4-49b8-92b1-10a8f254daab
30708544082,HAVANNA HOLDING S A,f10cf853-179a-4b04-accb-35848a78ee27,Estados Contables,eeff,https://aif2.cnv.gov.ar/presentations/publicview/f10cf853-179a-4b04-accb-35848a78ee27
30708544082,HAVANNA HOLDING S A,b07aaaf5-91ae-4883-af46-7601d1227240,Estados Contables,eeff,https://aif2.cnv.gov.ar/presentations/publicview/b07aaaf5-91ae-4883-af46-7601d1227240
30708544082,HAVANNA HOLDING S A,0cfcb4db-16e2-407b-95c2-6fb3841e7d3d,Estados Contables,eeff,https://aif2.cnv.gov.ar/presentations/publicview/0cfcb4db-16e2-407b-95c2-6fb3841e7d3d
30708544082,HAVANNA HOLDING S A,83278faf-c1f9-4af9-a374-032a88e06de7,Estados Contables,eeff,https://aif2.cnv.gov.ar/presentations/publicview/83278faf-c1f9-4af9-a374-032a88e06de7
30708544082,HAVANNA HOLDING S A,8b28b3f1-5eb9-43af-b081-a9b777f80f99,Estados Contables,eeff,https://aif2.cnv.gov.ar/presentations/publicview/8b28b3f1-5eb9-43af-b081-a9b777f80f99
30708544082,HAVANNA HOLDING S A,1ffe1204-71d9-4a20-a6cc-a644830300b5,Estados Contables,eeff,https://aif2.cnv.gov.ar/presentations/publicview/1ffe1204-71d9-4a20-a6cc-a644830300b5
30708544082,HAVANNA HOLDING S A,4290df46-ffed-48a0-b904-940a3ba430c5,Estados Contables,eeff,https://aif2.cnv.gov.ar/presentations/publicview/4290df46-ffed-48a0-b904-940a3ba430c5
30708544082,HAVANNA HOLDING S A,fc9cea70-3513-4dd6-93b5-78c7beef8d09,Estados Contables,eeff,https://aif2.cnv.gov.ar/presentations/publicview/fc9cea70-3513-4dd6-93b5-78c7beef8d09
30708544082,HAVANNA HOLDING S A,274041c9-cb67-4b35-bd65-4cbc4ef15205,Estados Contables,eeff,https://aif2.cnv.gov.ar/presentations/publicview/274041c9-cb67-4b35-bd65-4cbc4ef15205
30708544082,HAVANNA HOLDING S A,eb0eea3d-541a-45c4-9a9e-5065e74cee18,Estados Contables,eeff,https://aif2.cnv.gov.ar/presentations/publicview/eb0eea3d-541a-45c4-9a9e-5065e74cee18
30708544082,HAVANNA HOLDING S A,cba2d71a-8daa-4cc9-8306-7f4787d4c437,Estados Contables,eeff,https://aif2.cnv.gov.ar/presentations/publicview/cba2d71a-8daa-4cc9-8306-7f4787d4c437
30708544082,HAVANNA HOLDING S A,8b596607-1b67-43b3-b6a5-cfd9a0a98748,Estados Contables,eeff,https://aif2.cnv.gov.ar/presentations/publicview/8b596607-1b67-43b3-b6a5-cfd9a0a98748
30708544082,HAVANNA HOLDING S A,aea32eb3-04b7-469f-a196-d12d4ec7dfcb,Estados Contables,eeff,https://aif2.cnv.gov.ar/presentations/publicview/aea32eb3-04b7-469f-a196-d12d4ec7dfcb
30709130354,Continental Urbana S A,f099f030-07cf-4cce-a50e-9b9ff420364c,Estados Contables,eeff,https://aif2.cnv.gov.ar/presentations/publicview/f099f030-07cf-4cce-a50e-9b9ff420364c
30709130354,Continental Urbana S A,f35bbe9d-9ceb-4bf5-8820-3bcae5f246a2,Estados Contables,eeff,https://aif2.cnv.gov.ar/presentations/publicview/f35bbe9d-9ceb-4bf5-8820-3bcae5f246a2
30709130354,Continental Urbana S A,67682fa4-dad0-43a4-85ca-e72141fa39ee,Estados Contables,eeff,https://aif2.cnv.gov.ar/presentations/publicview/67682fa4-dad0-43a4-85ca-e72141fa39ee
30709130354,Continental Urbana S A,00451bb7-27e7-4d2d-90cd-60f852bb1763,Estados Contables,eeff,https://aif2.cnv.gov.ar/presentations/publicview/00451bb7-27e7-4d2d-90cd-60f852bb1763
30709130354,Continental Urbana S A,eefbdbff-c9ec-4986-a269-2e62e689e0a8,Estados Contables,eeff,https://aif2.cnv.gov.ar/presentations/publicview/eefbdbff-c9ec-4986-a269-2e62e689e0a8
30709130354,Continental Urbana S A,0b7b5025-fbd7-4746-bc4f-bf8f69e0c34a,Estados Contables,eeff,https://aif2.cnv.gov.ar/presentations/publicview/0b7b5025-fbd7-4746-bc4f-bf8f69e0c34a
30709130354,Continental Urbana S A,aa2ec085-0d57-4f2a-b215-94119cc2ac46,Estados Contables,eeff,https://aif2.cnv.gov.ar/presentations/publicview/aa2ec085-0d57-4f2a-b215-94119cc2ac46
30709130354,Continental Urbana S A,09de3a74-3149-4e2d-86cf-6be03508033b,Estados Contables,eeff,https://aif2.cnv.gov.ar/presentations/publicview/09de3a74-3149-4e2d-86cf-6be03508033b
30709130354,Continental Urbana S A,4a323f2b-4de9-46ea-ba13-9f5b5e65381c,Estados Contables,eeff,https://aif2.cnv.gov.ar/presentations/publicview/4a323f2b-4de9-46ea-ba13-9f5b5e65381c
30709130354,Continental Urbana S A,e9e2f8dd-e6a8-4e56-9e8c-a63d5df8ba39,Estados Contables,eeff,https://aif2.cnv.gov.ar/presentations/publicview/e9e2f8dd-e6a8-4e56-9e8c-a63d5df8ba39
30709130354,Continental Urbana S A,36dbcd70-e9c6-431e-9e0b-99f9887b5b50,Estados Contables,eeff,https://aif2.cnv.gov.ar/presentations/publicview/36dbcd70-e9c6-431e-9e0b-99f9887b5b50
30709282537,GCDI S A,ba921519-1624-4576-bea9-8a6c93623f3a,Estados Contables,eeff,https://aif2.cnv.gov.ar/presentations/publicview/ba921519-1624-4576-bea9-8a6c93623f3a
30709282537,GCDI S A,e693580d-18ca-4279-8db7-91eafeb372e5,Estados Contables,eeff,https://aif2.cnv.gov.ar/presentations/publicview/e693580d-18ca-4279-8db7-91eafeb372e5
30709282537,GCDI S A,9a3f391b-f163-464d-9b06-48f7f892f08c,Estados Contables,eeff,https://aif2.cnv.gov.ar/presentations/publicview/9a3f391b-f163-464d-9b06-48f7f892f08c
30709282537,GCDI S A,295638e4-4bec-4dc8-8391-f01d5179f3a5,Estados Contables,eeff,https://aif2.cnv.gov.ar/presentations/publicview/295638e4-4bec-4dc8-8391-f01d5179f3a5
30709282537,GCDI S A,173a1ac8-cc62-40c6-9b77-968c28e2aa44,Estados Contables,eeff,https://aif2.cnv.gov.ar/presentations/publicview/173a1ac8-cc62-40c6-9b77-968c28e2aa44
30709282537,GCDI S A,83e37976-2124-4988-965a-87ed591fe292,Estados Contables,eeff,https://aif2.cnv.gov.ar/presentations/publicview/83e37976-2124-4988-965a-87ed591fe292
30709282537,GCDI S A,f848a058-2520-4aa8-bca6-44bbb02fdf40,Estados Contables,eeff,https://aif2.cnv.gov.ar/presentations/publicview/f848a058-2520-4aa8-bca6-44bbb02fdf40
30709282537,GCDI S A,2ad5631b-8417-4751-8bfd-5561bc22dfec,Estados Contables,eeff,https://aif2.cnv.gov.ar/presentations/publicview/2ad5631b-8417-4751-8bfd-5561bc22dfec
30709282537,GCDI S A,bf2c7530-36dd-4fbd-aef4-129c8c720475,Estados Contables,eeff,https://aif2.cnv.gov.ar/presentations/publicview/bf2c7530-36dd-4fbd-aef4-129c8c720475
30709282537,GCDI S A,e60b87ab-e80b-4bf6-9688-f284c0248f2b,Estados Contables,eeff,https://aif2.cnv.gov.ar/presentations/publicview/e60b87ab-e80b-4bf6-9688-f284c0248f2b
30709282537,GCDI S A,d4fb1038-bea8-451f-b602-eac630ce2593,Estados Contables,eeff,https://aif2.cnv.gov.ar/presentations/publicview/d4fb1038-bea8-451f-b602-eac630ce2593
30709282537,GCDI S A,09bdab29-1521-4e68-b71f-4a64d1079419,Estados Contables,eeff,https://aif2.cnv.gov.ar/presentations/publicview/09bdab29-1521-4e68-b71f-4a64d1079419
30709282537,GCDI S A,d2b95b22-20c2-4576-baea-62c9907ae0ba,Estados Contables,eeff,https://aif2.cnv.gov.ar/presentations/publicview/d2b95b22-20c2-4576-baea-62c9907ae0ba
30709282537,GCDI S A,5c669efc-5c5a-40bd-9771-c13cac3291a8,Estados Contables,eeff,https://aif2.cnv.gov.ar/presentations/publicview/5c669efc-5c5a-40bd-9771-c13cac3291a8
30709282537,GCDI S A,603e64f4-4902-4f78-830e-1dcd6a890010,Estados Contables,eeff,https://aif2.cnv.gov.ar/presentations/publicview/603e64f4-4902-4f78-830e-1dcd6a890010
30709282537,GCDI S A,660a4ada-0130-4a88-84bf-48a888dcbf30,Estados Contables,eeff,https://aif2.cnv.gov.ar/presentations/publicview/660a4ada-0130-4a88-84bf-48a888dcbf30
30709282537,GCDI S A,8c46d9d1-ce73-4879-9763-b09618882c2c,Estados Contables,eeff,https://aif2.cnv.gov.ar/presentations/publicview/8c46d9d1-ce73-4879-9763-b09618882c2c
30709282537,GCDI S A,33f43442-31a1-4ea7-8fdb-74bfa88dcfe9,Estados Contables,eeff,https://aif2.cnv.gov.ar/presentations/publicview/33f43442-31a1-4ea7-8fdb-74bfa88dcfe9
30709282537,GCDI S A,4b56bfa1-b478-4f75-bb88-705705c3fa09,Estados Contables,eeff,https://aif2.cnv.gov.ar/presentations/publicview/4b56bfa1-b478-4f75-bb88-705705c3fa09
30709282537,GCDI S A,1ec14eeb-5e50-40f0-9edb-c8ba2029b42e,Estados Contables,eeff,https://aif2.cnv.gov.ar/presentations/publicview/1ec14eeb-5e50-40f0-9edb-c8ba2029b42e
30709282537,GCDI S A,3dc2b177-ef84-473b-8dca-01bbaade4f93,Estados Contables,eeff,https://aif2.cnv.gov.ar/presentations/publicview/3dc2b177-ef84-473b-8dca-01bbaade4f93
30709282537,GCDI S A,bf302319-73db-4545-acfc-b03f32956619,Estados Contables,eeff,https://aif2.cnv.gov.ar/presentations/publicview/bf302319-73db-4545-acfc-b03f32956619
30709282537,GCDI S A,e5c51e95-3521-4b85-a6ae-6b0952e8cfe8,Estados Contables,eeff,https://aif2.cnv.gov.ar/presentations/publicview/e5c51e95-3521-4b85-a6ae-6b0952e8cfe8
30709282537,GCDI S A,85dbfd8c-3a58-44d0-b373-8f9acba5c983,Estados Contables,eeff,https://aif2.cnv.gov.ar/presentations/publicview/85dbfd8c-3a58-44d0-b373-8f9acba5c983
30709282537,GCDI S A,01fe4259-e96c-4fec-9e2e-be543c854e37,Estados Contables,eeff,https://aif2.cnv.gov.ar/presentations/publicview/01fe4259-e96c-4fec-9e2e-be543c854e37
30709282537,GCDI S A,87643ac0-3cf2-49c6-b1dd-8dc8c1dd6b82,Estados Contables,eeff,https://aif2.cnv.gov.ar/presentations/publicview/87643ac0-3cf2-49c6-b1dd-8dc8c1dd6b82
30709282537,GCDI S A,dc67f98e-bbf4-4ff7-bfb3-58e69f87735a,Estados Contables,eeff,https://aif2.cnv.gov.ar/presentations/publicview/dc67f98e-bbf4-4ff7-bfb3-58e69f87735a
30709282537,GCDI S A,2df632c8-cd51-45d1-aead-0b6745200d10,Estados Contables,eeff,https://aif2.cnv.gov.ar/presentations/publicview/2df632c8-cd51-45d1-aead-0b6745200d10
30709282537,GCDI S A,b026b499-c687-49a6-8d1a-a3b078144740,Estados Contables,eeff,https://aif2.cnv.gov.ar/presentations/publicview/b026b499-c687-49a6-8d1a-a3b078144740
30709282537,GCDI S A,4093b2af-51ae-41b1-b4e3-dcdf5d9c6da1,Estados Contables,eeff,https://aif2.cnv.gov.ar/presentations/publicview/4093b2af-51ae-41b1-b4e3-dcdf5d9c6da1
30709282537,GCDI S A,c0dc4991-9190-4a9b-b70c-952c0bf05f1f,Estados Contables,eeff,https://aif2.cnv.gov.ar/presentations/publicview/c0dc4991-9190-4a9b-b70c-952c0bf05f1f
30709282537,GCDI S A,7bc93528-906c-467a-bb0b-df34231bc652,Estados Contables,eeff,https://aif2.cnv.gov.ar/presentations/publicview/7bc93528-906c-467a-bb0b-df34231bc652
30709282537,GCDI S A,34d8b721-cd98-422c-bfb6-8f6ffd03cafa,Estados Contables,eeff,https://aif2.cnv.gov.ar/presentations/publicview/34d8b721-cd98-422c-bfb6-8f6ffd03cafa
30709282537,GCDI S A,d71090e1-6071-4829-9687-13c22cf37458,Estados Contables,eeff,https://aif2.cnv.gov.ar/presentations/publicview/d71090e1-6071-4829-9687-13c22cf37458
30709282537,GCDI S A,61a0364a-bdf2-4eea-a61b-98fff9171955,Estados Contables,eeff,https://aif2.cnv.gov.ar/presentations/publicview/61a0364a-bdf2-4eea-a61b-98fff9171955
30709282537,GCDI S A,fd0f21b8-9266-4de3-afb9-6e03e63331e6,Estados Contables,eeff,https://aif2.cnv.gov.ar/presentations/publicview/fd0f21b8-9266-4de3-afb9-6e03e63331e6
30709282537,GCDI S A,4b3b90de-9d7d-4eb9-86f6-77b16fd3b093,Estados Contables,eeff,https://aif2.cnv.gov.ar/presentations/publicview/4b3b90de-9d7d-4eb9-86f6-77b16fd3b093
30709282537,GCDI S A,84e2da15-4230-401a-a420-21e4dc6d69e3,Estados Contables,eeff,https://aif2.cnv.gov.ar/presentations/publicview/84e2da15-4230-401a-a420-21e4dc6d69e3
30709282537,GCDI S A,d49c63b4-624d-449a-8882-18135d4236f4,Estados Contables,eeff,https://aif2.cnv.gov.ar/presentations/publicview/d49c63b4-624d-449a-8882-18135d4236f4
30709282537,GCDI S A,9deef91c-5e59-44e8-88c7-cf770e343f3b,Estados Contables,eeff,https://aif2.cnv.gov.ar/presentations/publicview/9deef91c-5e59-44e8-88c7-cf770e343f3b
30709282537,GCDI S A,c07321f5-e9d6-4ac1-af6f-a5ee23034bfd,Estados Contables,eeff,https://aif2.cnv.gov.ar/presentations/publicview/c07321f5-e9d6-4ac1-af6f-a5ee23034bfd
30709282537,GCDI S A,ad0fbc28-d95c-4cec-b2d1-033b3f2f5695,Estados Contables,eeff,https://aif2.cnv.gov.ar/presentations/publicview/ad0fbc28-d95c-4cec-b2d1-033b3f2f5695
30709967424,B GAMING SA,26bbe27d-0b34-4ac5-8e73-1b45bde1fee4,Estados Contables,eeff,https://aif2.cnv.gov.ar/presentations/publicview/26bbe27d-0b34-4ac5-8e73-1b45bde1fee4
30709967424,B GAMING SA,9b4c4804-815a-4072-9777-fb7d62d2bbbd,Estados Contables,eeff,https://aif2.cnv.gov.ar/presentations/publicview/9b4c4804-815a-4072-9777-fb7d62d2bbbd
30709967424,B GAMING SA,7f8e29fa-63ba-4725-9e8c-4a2b663f27c0,Estados Contables,eeff,https://aif2.cnv.gov.ar/presentations/publicview/7f8e29fa-63ba-4725-9e8c-4a2b663f27c0
30709967424,B GAMING SA,2e4b2738-db2e-4ec6-8009-6642fcc3d6b4,Estados Contables,eeff,https://aif2.cnv.gov.ar/presentations/publicview/2e4b2738-db2e-4ec6-8009-6642fcc3d6b4
30709967424,B GAMING SA,0185589e-7246-4b71-8e51-1fedc3b2a4fa,Estados Contables,eeff,https://aif2.cnv.gov.ar/presentations/publicview/0185589e-7246-4b71-8e51-1fedc3b2a4fa
30709967424,B GAMING SA,ff41848f-67a1-4843-905c-0507e081b628,Estados Contables,eeff,https://aif2.cnv.gov.ar/presentations/publicview/ff41848f-67a1-4843-905c-0507e081b628
30709967424,B GAMING SA,e99061af-3e9b-45cf-8d71-e6a1df119d6f,Estados Contables,eeff,https://aif2.cnv.gov.ar/presentations/publicview/e99061af-3e9b-45cf-8d71-e6a1df119d6f
30709967424,B GAMING SA,39d51337-f33a-4ec0-9c40-a67c40134fd5,Estados Contables,eeff,https://aif2.cnv.gov.ar/presentations/publicview/39d51337-f33a-4ec0-9c40-a67c40134fd5
30709967424,B GAMING SA,0941007c-c858-4691-862f-8d6579737de7,Estados Contables,eeff,https://aif2.cnv.gov.ar/presentations/publicview/0941007c-c858-4691-862f-8d6579737de7
30709967424,B GAMING SA,18d0b5d4-9441-4397-b6d6-59f876dfb8c8,Estados Contables,eeff,https://aif2.cnv.gov.ar/presentations/publicview/18d0b5d4-9441-4397-b6d6-59f876dfb8c8
30709967424,B GAMING SA,5812bc16-804c-4ad5-a5a5-e853af6b146d,Estados Contables,eeff,https://aif2.cnv.gov.ar/presentations/publicview/5812bc16-804c-4ad5-a5a5-e853af6b146d
30709967424,B GAMING SA,472b0de9-d082-4c91-a1de-17a3af1b0bf3,Estados Contables,eeff,https://aif2.cnv.gov.ar/presentations/publicview/472b0de9-d082-4c91-a1de-17a3af1b0bf3
30709967424,B GAMING SA,559d92d1-fc1f-4853-b29a-ddf79f42ae65,Estados Contables,eeff,https://aif2.cnv.gov.ar/presentations/publicview/559d92d1-fc1f-4853-b29a-ddf79f42ae65
30709967424,B GAMING SA,15233ce9-e345-41f7-87fc-44be6dd4c364,Estados Contables,eeff,https://aif2.cnv.gov.ar/presentations/publicview/15233ce9-e345-41f7-87fc-44be6dd4c364
30709967424,B GAMING SA,2e0aba28-9b3b-4ea3-8f9b-e82b88525a34,Estados Contables,eeff,https://aif2.cnv.gov.ar/presentations/publicview/2e0aba28-9b3b-4ea3-8f9b-e82b88525a34
30709967424,B GAMING SA,064517fe-f2f2-4e7e-8945-1da5250fcc37,Estados Contables,eeff,https://aif2.cnv.gov.ar/presentations/publicview/064517fe-f2f2-4e7e-8945-1da5250fcc37
30709967424,B GAMING SA,995149c1-efef-4377-9294-51ae8cc7e304,Estados Contables,eeff,https://aif2.cnv.gov.ar/presentations/publicview/995149c1-efef-4377-9294-51ae8cc7e304
30709967424,B GAMING SA,b7d72f3a-e708-4c6c-8569-505613b3b70d,Estados Contables,eeff,https://aif2.cnv.gov.ar/presentations/publicview/b7d72f3a-e708-4c6c-8569-505613b3b70d
30709967424,B GAMING SA,7d5cf9bf-aead-4ff0-a8f0-a0281ecc48c7,Estados Contables,eeff,https://aif2.cnv.gov.ar/presentations/publicview/7d5cf9bf-aead-4ff0-a8f0-a0281ecc48c7
30709967424,B GAMING SA,693e99ab-6038-479f-b7c6-6fb348188f2a,Estados Contables,eeff,https://aif2.cnv.gov.ar/presentations/publicview/693e99ab-6038-479f-b7c6-6fb348188f2a
30709967424,B GAMING SA,75b4c6fb-650a-4ed2-a4a8-70df1271bdcb,Estados Contables,eeff,https://aif2.cnv.gov.ar/presentations/publicview/75b4c6fb-650a-4ed2-a4a8-70df1271bdcb
30709967424,B GAMING SA,1ed9b2bf-cd4c-4ff0-b360-0a6c7ab0eb53,Estados Contables,eeff,https://aif2.cnv.gov.ar/presentations/publicview/1ed9b2bf-cd4c-4ff0-b360-0a6c7ab0eb53
30709967424,B GAMING SA,8ed3eaac-db89-4daa-8597-218e70c42bc2,Estados Contables,eeff,https://aif2.cnv.gov.ar/presentations/publicview/8ed3eaac-db89-4daa-8597-218e70c42bc2
30709967424,B GAMING SA,8d5b5f69-f661-4a8a-8799-a20e2201a764,Estados Contables,eeff,https://aif2.cnv.gov.ar/presentations/publicview/8d5b5f69-f661-4a8a-8799-a20e2201a764
30709967424,B GAMING SA,c0d7817a-0551-44f2-8e79-b065829232b0,Estados Contables,eeff,https://aif2.cnv.gov.ar/presentations/publicview/c0d7817a-0551-44f2-8e79-b065829232b0
30709967424,B GAMING SA,1df7bb99-6b7c-4996-ad37-7a73093d9f2a,Estados Contables,eeff,https://aif2.cnv.gov.ar/presentations/publicview/1df7bb99-6b7c-4996-ad37-7a73093d9f2a
30709967424,B GAMING SA,dfd4bca0-6bc0-40e2-b8d0-bcf51de86277,Estados Contables,eeff,https://aif2.cnv.gov.ar/presentations/publicview/dfd4bca0-6bc0-40e2-b8d0-bcf51de86277
30709967424,B GAMING SA,a4b20e46-81fe-4ae3-a957-54cc22b7b2bb,Estados Contables,eeff,https://aif2.cnv.gov.ar/presentations/publicview/a4b20e46-81fe-4ae3-a957-54cc22b7b2bb
30709967424,B GAMING SA,9b1fa9d8-29d4-457a-b71b-03d00ddd84fc,Estados Contables,eeff,https://aif2.cnv.gov.ar/presentations/publicview/9b1fa9d8-29d4-457a-b71b-03d00ddd84fc
30709967424,B GAMING SA,dd624364-7632-4e8b-b42c-e51ae75e8d4b,Estados Contables,eeff,https://aif2.cnv.gov.ar/presentations/publicview/dd624364-7632-4e8b-b42c-e51ae75e8d4b
30709967424,B GAMING SA,bf18ea92-150a-480c-9def-fc09df969838,Estados Contables,eeff,https://aif2.cnv.gov.ar/presentations/publicview/bf18ea92-150a-480c-9def-fc09df969838
30709967424,B GAMING SA,4cc197c6-0896-4cbd-8e5a-597770ec4c07,Estados Contables,eeff,https://aif2.cnv.gov.ar/presentations/publicview/4cc197c6-0896-4cbd-8e5a-597770ec4c07
30712506497,Edesa Holding S A,91cecf17-b85e-4539-9739-81dd0a7ddc33,Estados Contables,eeff,https://aif2.cnv.gov.ar/presentations/publicview/91cecf17-b85e-4539-9739-81dd0a7ddc33
30712506497,Edesa Holding S A,57861995-0d0c-48af-9bc4-6f1c59e6ae63,Estados Contables,eeff,https://aif2.cnv.gov.ar/presentations/publicview/57861995-0d0c-48af-9bc4-6f1c59e6ae63
30712506497,Edesa Holding S A,edbf722a-f69f-4394-9b75-5a9d43410b94,Estados Contables,eeff,https://aif2.cnv.gov.ar/presentations/publicview/edbf722a-f69f-4394-9b75-5a9d43410b94
30712506497,Edesa Holding S A,cfdfa5f0-661d-4460-affc-e1c909de730e,Estados Contables,eeff,https://aif2.cnv.gov.ar/presentations/publicview/cfdfa5f0-661d-4460-affc-e1c909de730e
30712506497,Edesa Holding S A,dea3ebba-2ebd-4fe8-9460-19c782f5cc96,Estados Contables,eeff,https://aif2.cnv.gov.ar/presentations/publicview/dea3ebba-2ebd-4fe8-9460-19c782f5cc96
30712506497,Edesa Holding S A,8485b7fb-1478-4848-8a1a-684b6bf4116e,Estados Contables,eeff,https://aif2.cnv.gov.ar/presentations/publicview/8485b7fb-1478-4848-8a1a-684b6bf4116e
30712506497,Edesa Holding S A,475e2e29-0f1a-489c-a346-c16767a89148,Estados Contables,eeff,https://aif2.cnv.gov.ar/presentations/publicview/475e2e29-0f1a-489c-a346-c16767a89148
30712506497,Edesa Holding S A,2806979f-b383-4d01-afc5-4da4468493b6,Estados Contables,eeff,https://aif2.cnv.gov.ar/presentations/publicview/2806979f-b383-4d01-afc5-4da4468493b6
30712506497,Edesa Holding S A,240cb5e2-dbe1-4702-afba-a26736f46e07,Estados Contables,eeff,https://aif2.cnv.gov.ar/presentations/publicview/240cb5e2-dbe1-4702-afba-a26736f46e07
30712506497,Edesa Holding S A,d6ea2f25-e1f5-4f79-bbbc-aaf4929ede18,Estados Contables,eeff,https://aif2.cnv.gov.ar/presentations/publicview/d6ea2f25-e1f5-4f79-bbbc-aaf4929ede18
30712506497,Edesa Holding S A,a102f3f8-d0f3-4c84-9613-017dc5d7415f,Estados Contables,eeff,https://aif2.cnv.gov.ar/presentations/publicview/a102f3f8-d0f3-4c84-9613-017dc5d7415f
30712506497,Edesa Holding S A,7e5c6def-d1f6-414b-94c0-fa5c262ee8ce,Estados Contables,eeff,https://aif2.cnv.gov.ar/presentations/publicview/7e5c6def-d1f6-414b-94c0-fa5c262ee8ce
30712506497,Edesa Holding S A,c4b220f6-f0f8-4618-8fd5-796116a42226,Estados Contables,eeff,https://aif2.cnv.gov.ar/presentations/publicview/c4b220f6-f0f8-4618-8fd5-796116a42226
30712506497,Edesa Holding S A,a0c85435-2ec0-4b4c-aaef-e56a6b3ef7f5,Estados Contables,eeff,https://aif2.cnv.gov.ar/presentations/publicview/a0c85435-2ec0-4b4c-aaef-e56a6b3ef7f5
30712506497,Edesa Holding S A,6af35a1f-521a-450a-a863-e80f419f1bb0,Estados Contables,eeff,https://aif2.cnv.gov.ar/presentations/publicview/6af35a1f-521a-450a-a863-e80f419f1bb0
30712506497,Edesa Holding S A,a711de04-2923-4c73-b48c-ac643b908ea5,Estados Contables,eeff,https://aif2.cnv.gov.ar/presentations/publicview/a711de04-2923-4c73-b48c-ac643b908ea5
30712506497,Edesa Holding S A,2f44ce3b-e84c-4c67-9284-03b2cd12dd3d,Estados Contables,eeff,https://aif2.cnv.gov.ar/presentations/publicview/2f44ce3b-e84c-4c67-9284-03b2cd12dd3d
30712506497,Edesa Holding S A,e53489b2-3db5-4407-b92b-8f7a21075a6d,Estados Contables,eeff,https://aif2.cnv.gov.ar/presentations/publicview/e53489b2-3db5-4407-b92b-8f7a21075a6d
30712506497,Edesa Holding S A,d0c253c1-6090-47a4-a380-8f6287dc6b4a,Estados Contables,eeff,https://aif2.cnv.gov.ar/presentations/publicview/d0c253c1-6090-47a4-a380-8f6287dc6b4a
30712506497,Edesa Holding S A,f4874874-fd75-4e6e-981d-f1676c4fd3f8,Estados Contables,eeff,https://aif2.cnv.gov.ar/presentations/publicview/f4874874-fd75-4e6e-981d-f1676c4fd3f8
30712506497,Edesa Holding S A,a7fed88b-1014-4a65-ac81-f1bd81bfe589,Estados Contables,eeff,https://aif2.cnv.gov.ar/presentations/publicview/a7fed88b-1014-4a65-ac81-f1bd81bfe589
30712506497,Edesa Holding S A,f7c424eb-f345-4047-9dbe-c59ab48af531,Estados Contables,eeff,https://aif2.cnv.gov.ar/presentations/publicview/f7c424eb-f345-4047-9dbe-c59ab48af531
30712506497,Edesa Holding S A,3f92ee10-c65f-4426-b4ae-e979a5ef7ee6,Estados Contables,eeff,https://aif2.cnv.gov.ar/presentations/publicview/3f92ee10-c65f-4426-b4ae-e979a5ef7ee6
30712506497,Edesa Holding S A,cfcf47b0-5248-4d1d-a3e2-a2338c1fd16b,Estados Contables,eeff,https://aif2.cnv.gov.ar/presentations/publicview/cfcf47b0-5248-4d1d-a3e2-a2338c1fd16b
30712506497,Edesa Holding S A,bc9a1809-6e1e-40c3-9885-a2044d90e7d0,Estados Contables,eeff,https://aif2.cnv.gov.ar/presentations/publicview/bc9a1809-6e1e-40c3-9885-a2044d90e7d0
30712506497,Edesa Holding S A,6d0407dd-7faf-451a-abb4-b1657e8de7f2,Estados Contables,eeff,https://aif2.cnv.gov.ar/presentations/publicview/6d0407dd-7faf-451a-abb4-b1657e8de7f2
30712506497,Edesa Holding S A,6d86de91-9721-4325-b20c-ae9966dc4738,Estados Contables,eeff,https://aif2.cnv.gov.ar/presentations/publicview/6d86de91-9721-4325-b20c-ae9966dc4738
30714128309,YPF ENERGÍA ELÉCTRICA S A,5c0176c8-1aba-4c0e-bf7a-7a458b20ce71,Estados Contables,eeff,https://aif2.cnv.gov.ar/presentations/publicview/5c0176c8-1aba-4c0e-bf7a-7a458b20ce71
30714128309,YPF ENERGÍA ELÉCTRICA S A,cf3f597b-b1ec-4e40-8349-e1b879aa7db0,Estados Contables,eeff,https://aif2.cnv.gov.ar/presentations/publicview/cf3f597b-b1ec-4e40-8349-e1b879aa7db0
30714128309,YPF ENERGÍA ELÉCTRICA S A,7ae2f38e-d33a-4f19-8319-c2e9173bcb2d,Estados Contables,eeff,https://aif2.cnv.gov.ar/presentations/publicview/7ae2f38e-d33a-4f19-8319-c2e9173bcb2d
30714128309,YPF ENERGÍA ELÉCTRICA S A,82d852fa-105e-4923-9679-95b148fed2a9,Estados Contables,eeff,https://aif2.cnv.gov.ar/presentations/publicview/82d852fa-105e-4923-9679-95b148fed2a9
30714128309,YPF ENERGÍA ELÉCTRICA S A,1f910346-33fb-45d9-81c0-14149e07256d,Estados Contables,eeff,https://aif2.cnv.gov.ar/presentations/publicview/1f910346-33fb-45d9-81c0-14149e07256d
30714128309,YPF ENERGÍA ELÉCTRICA S A,e6bdece4-ccf5-4eed-8665-b21e5a132454,Estados Contables,eeff,https://aif2.cnv.gov.ar/presentations/publicview/e6bdece4-ccf5-4eed-8665-b21e5a132454
30714128309,YPF ENERGÍA ELÉCTRICA S A,9576f821-20c1-4df6-b504-6fe39c1a4267,Estados Contables,eeff,https://aif2.cnv.gov.ar/presentations/publicview/9576f821-20c1-4df6-b504-6fe39c1a4267
30714128309,YPF ENERGÍA ELÉCTRICA S A,fc9fce85-96b6-4279-b4e4-17703170b6e9,Estados Contables,eeff,https://aif2.cnv.gov.ar/presentations/publicview/fc9fce85-96b6-4279-b4e4-17703170b6e9
30714128309,YPF ENERGÍA ELÉCTRICA S A,686d6feb-54ae-4175-abef-04254aca2943,Estados Contables,eeff,https://aif2.cnv.gov.ar/presentations/publicview/686d6feb-54ae-4175-abef-04254aca2943
30714128309,YPF ENERGÍA ELÉCTRICA S A,961cbb1d-d19d-4728-ae88-d1e58879a724,Estados Contables,eeff,https://aif2.cnv.gov.ar/presentations/publicview/961cbb1d-d19d-4728-ae88-d1e58879a724
30714128309,YPF ENERGÍA ELÉCTRICA S A,2b1b4a2f-bdec-4381-809d-ebf5a01d3a3a,Estados Contables,eeff,https://aif2.cnv.gov.ar/presentations/publicview/2b1b4a2f-bdec-4381-809d-ebf5a01d3a3a
30714128309,YPF ENERGÍA ELÉCTRICA S A,40a65ae6-2283-4654-810e-a9f5b8552415,Estados Contables,eeff,https://aif2.cnv.gov.ar/presentations/publicview/40a65ae6-2283-4654-810e-a9f5b8552415
30714128309,YPF ENERGÍA ELÉCTRICA S A,44addae8-42a1-4702-be1f-09153d9b26a9,Estados Contables,eeff,https://aif2.cnv.gov.ar/presentations/publicview/44addae8-42a1-4702-be1f-09153d9b26a9
30714128309,YPF ENERGÍA ELÉCTRICA S A,d6e318d9-ebf7-4832-8597-5c317e07748d,Estados Contables,eeff,https://aif2.cnv.gov.ar/presentations/publicview/d6e318d9-ebf7-4832-8597-5c317e07748d
30714128309,YPF ENERGÍA ELÉCTRICA S A,2402fb2c-1f93-4534-a2ab-d5af431919f4,Estados Contables,eeff,https://aif2.cnv.gov.ar/presentations/publicview/2402fb2c-1f93-4534-a2ab-d5af431919f4
30714128309,YPF ENERGÍA ELÉCTRICA S A,037f8ee4-b2ef-428a-b2c2-fe71711588e3,Estados Contables,eeff,https://aif2.cnv.gov.ar/presentations/publicview/037f8ee4-b2ef-428a-b2c2-fe71711588e3
30714128309,YPF ENERGÍA ELÉCTRICA S A,0c2ac390-9e6a-4b41-9516-747e97e949f5,Estados Contables,eeff,https://aif2.cnv.gov.ar/presentations/publicview/0c2ac390-9e6a-4b41-9516-747e97e949f5
30714128309,YPF ENERGÍA ELÉCTRICA S A,cf0dc49a-7f82-4755-9dbe-3564b4ef3bd1,Estados Contables,eeff,https://aif2.cnv.gov.ar/presentations/publicview/cf0dc49a-7f82-4755-9dbe-3564b4ef3bd1
30714128309,YPF ENERGÍA ELÉCTRICA S A,24d7b27f-120d-41d7-abee-4e2e558416d7,Estados Contables,eeff,https://aif2.cnv.gov.ar/presentations/publicview/24d7b27f-120d-41d7-abee-4e2e558416d7
30714128309,YPF ENERGÍA ELÉCTRICA S A,7f45b2b2-50ba-4f41-8008-048d8c0a27c6,Estados Contables,eeff,https://aif2.cnv.gov.ar/presentations/publicview/7f45b2b2-50ba-4f41-8008-048d8c0a27c6
30714128309,YPF ENERGÍA ELÉCTRICA S A,380d3a51-157e-43d2-8dcb-80ed7a2e6fd2,Estados Contables,eeff,https://aif2.cnv.gov.ar/presentations/publicview/380d3a51-157e-43d2-8dcb-80ed7a2e6fd2
30714128309,YPF ENERGÍA ELÉCTRICA S A,a0c816c4-04a7-42ec-8660-96abce1b905b,Estados Contables,eeff,https://aif2.cnv.gov.ar/presentations/publicview/a0c816c4-04a7-42ec-8660-96abce1b905b
30714128309,YPF ENERGÍA ELÉCTRICA S A,0a39032a-d26c-47bc-9264-3e5e8d596379,Estados Contables,eeff,https://aif2.cnv.gov.ar/presentations/publicview/0a39032a-d26c-47bc-9264-3e5e8d596379
30714128309,YPF ENERGÍA ELÉCTRICA S A,853e9505-269e-4567-a311-d11dfa6a7ed9,Estados Contables,eeff,https://aif2.cnv.gov.ar/presentations/publicview/853e9505-269e-4567-a311-d11dfa6a7ed9
30714128309,YPF ENERGÍA ELÉCTRICA S A,520bbbad-97c8-4057-8e86-1c439d1ae989,Estados Contables,eeff,https://aif2.cnv.gov.ar/presentations/publicview/520bbbad-97c8-4057-8e86-1c439d1ae989
30714128309,YPF ENERGÍA ELÉCTRICA S A,74ee37c9-5036-492f-b81a-59b561d823ef,Estados Contables,eeff,https://aif2.cnv.gov.ar/presentations/publicview/74ee37c9-5036-492f-b81a-59b561d823ef
30714128309,YPF ENERGÍA ELÉCTRICA S A,a39424a2-f5b2-4074-816b-138a060fbe06,Estados Contables,eeff,https://aif2.cnv.gov.ar/presentations/publicview/a39424a2-f5b2-4074-816b-138a060fbe06
30714128309,YPF ENERGÍA ELÉCTRICA S A,da7be7b8-a6d2-4ec9-9d41-2df20f53a210,Estados Contables,eeff,https://aif2.cnv.gov.ar/presentations/publicview/da7be7b8-a6d2-4ec9-9d41-2df20f53a210
30714128309,YPF ENERGÍA ELÉCTRICA S A,bad83a1a-ee6e-4b51-b4ab-025827bbf25f,Estados Contables,eeff,https://aif2.cnv.gov.ar/presentations/publicview/bad83a1a-ee6e-4b51-b4ab-025827bbf25f
30714128309,YPF ENERGÍA ELÉCTRICA S A,e3c10fd0-8ef0-4b79-ade1-9f2cc0a83d72,Estados Contables,eeff,https://aif2.cnv.gov.ar/presentations/publicview/e3c10fd0-8ef0-4b79-ade1-9f2cc0a83d72
30714128309,YPF ENERGÍA ELÉCTRICA S A,be944822-124e-435f-9900-0844a0a30588,Estados Contables,eeff,https://aif2.cnv.gov.ar/presentations/publicview/be944822-124e-435f-9900-0844a0a30588
30714128309,YPF ENERGÍA ELÉCTRICA S A,2217c34f-f57e-4b13-8a8f-a93159265bab,Estados Contables,eeff,https://aif2.cnv.gov.ar/presentations/publicview/2217c34f-f57e-4b13-8a8f-a93159265bab
30714128309,YPF ENERGÍA ELÉCTRICA S A,dae7f876-d818-4650-af88-615b9c771fbf,Estados Contables,eeff,https://aif2.cnv.gov.ar/presentations/publicview/dae7f876-d818-4650-af88-615b9c771fbf
30714128309,YPF ENERGÍA ELÉCTRICA S A,25eeaeed-c2fc-45a5-8816-0678e338885a,Estados Contables,eeff,https://aif2.cnv.gov.ar/presentations/publicview/25eeaeed-c2fc-45a5-8816-0678e338885a
30714128309,YPF ENERGÍA ELÉCTRICA S A,cc7d328f-25c1-4daf-8a6b-afc625315e1e,Estados Contables,eeff,https://aif2.cnv.gov.ar/presentations/publicview/cc7d328f-25c1-4daf-8a6b-afc625315e1e
30714128309,YPF ENERGÍA ELÉCTRICA S A,1cc30823-c5b8-496d-8cbe-21ac5cc0ce17,Estados Contables,eeff,https://aif2.cnv.gov.ar/presentations/publicview/1cc30823-c5b8-496d-8cbe-21ac5cc0ce17
30715118773,Molinos Agro S A,b7dc7630-619b-4cc4-81f9-1a20b155d754,Estados Contables,eeff,https://aif2.cnv.gov.ar/presentations/publicview/b7dc7630-619b-4cc4-81f9-1a20b155d754
30715118773,Molinos Agro S A,b14cd842-95ee-4efa-9c76-f54b654f8189,Estados Contables,eeff,https://aif2.cnv.gov.ar/presentations/publicview/b14cd842-95ee-4efa-9c76-f54b654f8189
30715118773,Molinos Agro S A,7be7aad0-3bd6-43b4-a3ac-bca049238f52,Estados Contables,eeff,https://aif2.cnv.gov.ar/presentations/publicview/7be7aad0-3bd6-43b4-a3ac-bca049238f52
30715118773,Molinos Agro S A,218cc825-946d-472f-bd41-6577314a18d9,Estados Contables,eeff,https://aif2.cnv.gov.ar/presentations/publicview/218cc825-946d-472f-bd41-6577314a18d9
30715118773,Molinos Agro S A,4f8fd1ba-b00d-49de-add5-3f18559bc302,Estados Contables,eeff,https://aif2.cnv.gov.ar/presentations/publicview/4f8fd1ba-b00d-49de-add5-3f18559bc302
30715118773,Molinos Agro S A,ce7422fe-ee2c-47b0-92d1-c0233114a230,Estados Contables,eeff,https://aif2.cnv.gov.ar/presentations/publicview/ce7422fe-ee2c-47b0-92d1-c0233114a230
30715118773,Molinos Agro S A,21d89f44-9745-4f07-8ca5-5df500ad5f85,Estados Contables,eeff,https://aif2.cnv.gov.ar/presentations/publicview/21d89f44-9745-4f07-8ca5-5df500ad5f85
30715118773,Molinos Agro S A,d7636eea-bdf0-49c5-aa03-32b0a36ad59d,Estados Contables,eeff,https://aif2.cnv.gov.ar/presentations/publicview/d7636eea-bdf0-49c5-aa03-32b0a36ad59d
30715118773,Molinos Agro S A,3f31a6f7-322f-4650-a2fa-fff994f82611,Estados Contables,eeff,https://aif2.cnv.gov.ar/presentations/publicview/3f31a6f7-322f-4650-a2fa-fff994f82611
30715118773,Molinos Agro S A,e19ca659-ef36-4b9d-87f4-f7bc8956abe6,Estados Contables,eeff,https://aif2.cnv.gov.ar/presentations/publicview/e19ca659-ef36-4b9d-87f4-f7bc8956abe6
30715118773,Molinos Agro S A,474a72a4-733a-4885-97a5-42b934266221,Estados Contables,eeff,https://aif2.cnv.gov.ar/presentations/publicview/474a72a4-733a-4885-97a5-42b934266221
30715118773,Molinos Agro S A,e8d6fd06-20e9-44fe-ad23-2fd146218503,Estados Contables,eeff,https://aif2.cnv.gov.ar/presentations/publicview/e8d6fd06-20e9-44fe-ad23-2fd146218503
30715118773,Molinos Agro S A,19c504f3-ce21-4fc9-a44f-7f5ea2452723,Estados Contables,eeff,https://aif2.cnv.gov.ar/presentations/publicview/19c504f3-ce21-4fc9-a44f-7f5ea2452723
30715118773,Molinos Agro S A,d1e1c75f-afaf-4415-8cf0-21c2c5138f93,Estados Contables,eeff,https://aif2.cnv.gov.ar/presentations/publicview/d1e1c75f-afaf-4415-8cf0-21c2c5138f93
30715118773,Molinos Agro S A,8616784d-59be-4349-a680-b0a33d65beab,Estados Contables,eeff,https://aif2.cnv.gov.ar/presentations/publicview/8616784d-59be-4349-a680-b0a33d65beab
30715118773,Molinos Agro S A,9e333726-c277-46b6-9493-83e862f1a802,Estados Contables,eeff,https://aif2.cnv.gov.ar/presentations/publicview/9e333726-c277-46b6-9493-83e862f1a802
30715118773,Molinos Agro S A,4e39757f-e44b-427a-8bfd-6cd684ac9f64,Estados Contables,eeff,https://aif2.cnv.gov.ar/presentations/publicview/4e39757f-e44b-427a-8bfd-6cd684ac9f64
30715118773,Molinos Agro S A,16895b49-c00e-449d-b0c0-c6045a5441df,Estados Contables,eeff,https://aif2.cnv.gov.ar/presentations/publicview/16895b49-c00e-449d-b0c0-c6045a5441df
30715118773,Molinos Agro S A,aadba76c-504a-4df0-b2da-9372315f5295,Estados Contables,eeff,https://aif2.cnv.gov.ar/presentations/publicview/aadba76c-504a-4df0-b2da-9372315f5295
30715118773,Molinos Agro S A,312ce482-b41e-4e39-adaf-8cfc1d58af4f,Estados Contables,eeff,https://aif2.cnv.gov.ar/presentations/publicview/312ce482-b41e-4e39-adaf-8cfc1d58af4f
30715118773,Molinos Agro S A,caaec12c-432d-44ba-84cc-3e7d53fdccd4,Estados Contables,eeff,https://aif2.cnv.gov.ar/presentations/publicview/caaec12c-432d-44ba-84cc-3e7d53fdccd4
30715118773,Molinos Agro S A,c985da87-7d25-4b90-970b-391c83d35a92,Estados Contables,eeff,https://aif2.cnv.gov.ar/presentations/publicview/c985da87-7d25-4b90-970b-391c83d35a92
30715118773,Molinos Agro S A,cab4d11c-a1b4-4e0e-9add-831045a45b97,Estados Contables,eeff,https://aif2.cnv.gov.ar/presentations/publicview/cab4d11c-a1b4-4e0e-9add-831045a45b97
30715118773,Molinos Agro S A,099ea48a-ae5c-4316-8e71-f91c6bb93f71,Estados Contables,eeff,https://aif2.cnv.gov.ar/presentations/publicview/099ea48a-ae5c-4316-8e71-f91c6bb93f71
30715118773,Molinos Agro S A,c0e328ad-40b2-48c7-8bed-f0fc21f4fd6a,Estados Contables,eeff,https://aif2.cnv.gov.ar/presentations/publicview/c0e328ad-40b2-48c7-8bed-f0fc21f4fd6a
30715118773,Molinos Agro S A,076d2141-fbfa-439b-b0c1-712d2775e18f,Estados Contables,eeff,https://aif2.cnv.gov.ar/presentations/publicview/076d2141-fbfa-439b-b0c1-712d2775e18f
30715118773,Molinos Agro S A,0432ae84-ebd3-43fe-8644-05cfd20268ea,Estados Contables,eeff,https://aif2.cnv.gov.ar/presentations/publicview/0432ae84-ebd3-43fe-8644-05cfd20268ea
30715118773,Molinos Agro S A,d50cec16-ff47-4f10-9767-0cbcd8a090bc,Estados Contables,eeff,https://aif2.cnv.gov.ar/presentations/publicview/d50cec16-ff47-4f10-9767-0cbcd8a090bc
30715118773,Molinos Agro S A,12b69845-c28b-4df6-8927-eeaaad2aebd9,Estados Contables,eeff,https://aif2.cnv.gov.ar/presentations/publicview/12b69845-c28b-4df6-8927-eeaaad2aebd9
30715118773,Molinos Agro S A,93d43b2e-a684-40dd-9020-0049fde77240,Estados Contables,eeff,https://aif2.cnv.gov.ar/presentations/publicview/93d43b2e-a684-40dd-9020-0049fde77240
30715118773,Molinos Agro S A,f1581e09-f634-4bf2-adaf-5df572540c2d,Estados Contables,eeff,https://aif2.cnv.gov.ar/presentations/publicview/f1581e09-f634-4bf2-adaf-5df572540c2d
30715118773,Molinos Agro S A,ac66f069-b584-451e-adfd-01aa4837196f,Estados Contables,eeff,https://aif2.cnv.gov.ar/presentations/publicview/ac66f069-b584-451e-adfd-01aa4837196f
30715118773,Molinos Agro S A,3c06bac8-df99-4d90-91af-1b03170210bf,Estados Contables,eeff,https://aif2.cnv.gov.ar/presentations/publicview/3c06bac8-df99-4d90-91af-1b03170210bf
30715118773,Molinos Agro S A,72433fb4-a644-44ab-9928-a5cfe18d10bc,Estados Contables,eeff,https://aif2.cnv.gov.ar/presentations/publicview/72433fb4-a644-44ab-9928-a5cfe18d10bc
30715118773,Molinos Agro S A,7209ea9d-5525-44e6-9831-f6b26e7cb53b,Estados Contables,eeff,https://aif2.cnv.gov.ar/presentations/publicview/7209ea9d-5525-44e6-9831-f6b26e7cb53b
30715118773,Molinos Agro S A,63dad094-1be6-4b31-8800-bd6dd298f7d5,Estados Contables,eeff,https://aif2.cnv.gov.ar/presentations/publicview/63dad094-1be6-4b31-8800-bd6dd298f7d5
30715118773,Molinos Agro S A,93c6a98f-b9b1-4858-8e08-7f1470cab117,Estados Contables,eeff,https://aif2.cnv.gov.ar/presentations/publicview/93c6a98f-b9b1-4858-8e08-7f1470cab117
30715118773,Molinos Agro S A,87172421-50a7-46de-b637-9ba446670896,Estados Contables,eeff,https://aif2.cnv.gov.ar/presentations/publicview/87172421-50a7-46de-b637-9ba446670896
30715118773,Molinos Agro S A,7f515d6e-2190-4b80-a672-61af1d7d6773,Estados Contables,eeff,https://aif2.cnv.gov.ar/presentations/publicview/7f515d6e-2190-4b80-a672-61af1d7d6773
30715118773,Molinos Agro S A,a8ab021a-500d-4db4-8fe4-b12d9b88bbe4,Estados Contables,eeff,https://aif2.cnv.gov.ar/presentations/publicview/a8ab021a-500d-4db4-8fe4-b12d9b88bbe4
30715118773,Molinos Agro S A,1d3bc9bc-079c-4ce1-aefe-49ddee1dacac,Estados Contables,eeff,https://aif2.cnv.gov.ar/presentations/publicview/1d3bc9bc-079c-4ce1-aefe-49ddee1dacac
30715118773,Molinos Agro S A,ce859f66-469c-4b32-9296-868a87093a0d,Estados Contables,eeff,https://aif2.cnv.gov.ar/presentations/publicview/ce859f66-469c-4b32-9296-868a87093a0d
30715118773,Molinos Agro S A,a7c1297f-544a-4be7-8935-a8bca55933e1,Estados Contables,eeff,https://aif2.cnv.gov.ar/presentations/publicview/a7c1297f-544a-4be7-8935-a8bca55933e1
30715118773,Molinos Agro S A,4aa7f22c-9ae4-4139-9252-960d98908832,Estados Contables,eeff,https://aif2.cnv.gov.ar/presentations/publicview/4aa7f22c-9ae4-4139-9252-960d98908832
30715118773,Molinos Agro S A,c4f573a5-4ee0-4095-ba48-d96a1d8d3a67,Estados Contables,eeff,https://aif2.cnv.gov.ar/presentations/publicview/c4f573a5-4ee0-4095-ba48-d96a1d8d3a67
30715471953,Bolsas y Mercados Argentinos SA,2a859a09-7dcc-47bb-aaa2-3c841204eb1b,Estados Contables,eeff,https://aif2.cnv.gov.ar/presentations/publicview/2a859a09-7dcc-47bb-aaa2-3c841204eb1b
30715471953,Bolsas y Mercados Argentinos SA,fb8d7743-e5d8-4881-a75c-ae3fd42ed298,Estados Contables,eeff,https://aif2.cnv.gov.ar/presentations/publicview/fb8d7743-e5d8-4881-a75c-ae3fd42ed298
30715471953,Bolsas y Mercados Argentinos SA,39c58950-e3e3-4278-a088-74bf874147a6,Estados Contables,eeff,https://aif2.cnv.gov.ar/presentations/publicview/39c58950-e3e3-4278-a088-74bf874147a6
30715471953,Bolsas y Mercados Argentinos SA,86de2f9a-ba8a-4fc9-85ad-69474b326d23,Estados Contables,eeff,https://aif2.cnv.gov.ar/presentations/publicview/86de2f9a-ba8a-4fc9-85ad-69474b326d23
30715471953,Bolsas y Mercados Argentinos SA,141d60e8-4128-41fd-9881-13d11bfe1a23,Estados Contables,eeff,https://aif2.cnv.gov.ar/presentations/publicview/141d60e8-4128-41fd-9881-13d11bfe1a23
30715471953,Bolsas y Mercados Argentinos SA,b7a72303-2249-4d95-9a59-c6de5f7c33fc,Estados Contables,eeff,https://aif2.cnv.gov.ar/presentations/publicview/b7a72303-2249-4d95-9a59-c6de5f7c33fc
30715471953,Bolsas y Mercados Argentinos SA,77069769-1d51-4858-8dca-97c5062515d7,Estados Contables,eeff,https://aif2.cnv.gov.ar/presentations/publicview/77069769-1d51-4858-8dca-97c5062515d7
30715471953,Bolsas y Mercados Argentinos SA,143c2e76-a952-4ff0-ad47-253420b093f0,Estados Contables,eeff,https://aif2.cnv.gov.ar/presentations/publicview/143c2e76-a952-4ff0-ad47-253420b093f0
30715471953,Bolsas y Mercados Argentinos SA,9a79bfd3-e6fa-4220-8e6e-30cf49c5d4d5,Estados Contables,eeff,https://aif2.cnv.gov.ar/presentations/publicview/9a79bfd3-e6fa-4220-8e6e-30cf49c5d4d5
30715471953,Bolsas y Mercados Argentinos SA,09614460-f79f-4f01-ab3a-0c2014aaad4b,Estados Contables,eeff,https://aif2.cnv.gov.ar/presentations/publicview/09614460-f79f-4f01-ab3a-0c2014aaad4b
30715471953,Bolsas y Mercados Argentinos SA,94b28f4a-988c-4dc2-babf-b4457974ac3c,Estados Contables,eeff,https://aif2.cnv.gov.ar/presentations/publicview/94b28f4a-988c-4dc2-babf-b4457974ac3c
30715471953,Bolsas y Mercados Argentinos SA,28428cb4-2168-49a3-be6e-5bc138660401,Estados Contables,eeff,https://aif2.cnv.gov.ar/presentations/publicview/28428cb4-2168-49a3-be6e-5bc138660401
30715471953,Bolsas y Mercados Argentinos SA,4cb68b0d-f60a-49f8-af12-e81e43a5acac,Estados Contables,eeff,https://aif2.cnv.gov.ar/presentations/publicview/4cb68b0d-f60a-49f8-af12-e81e43a5acac
30715471953,Bolsas y Mercados Argentinos SA,49e7538e-aad0-4a94-aee6-b4dfc151ea84,Estados Contables,eeff,https://aif2.cnv.gov.ar/presentations/publicview/49e7538e-aad0-4a94-aee6-b4dfc151ea84
30715471953,Bolsas y Mercados Argentinos SA,ab84487f-476a-4daa-bc6e-1cf9b8036394,Estados Contables,eeff,https://aif2.cnv.gov.ar/presentations/publicview/ab84487f-476a-4daa-bc6e-1cf9b8036394
30715471953,Bolsas y Mercados Argentinos SA,deee6d83-fa4f-4a2f-8dbe-603b5776a1ab,Estados Contables,eeff,https://aif2.cnv.gov.ar/presentations/publicview/deee6d83-fa4f-4a2f-8dbe-603b5776a1ab
30715471953,Bolsas y Mercados Argentinos SA,a7ea2369-90aa-484c-88aa-fe7f03e741ee,Estados Contables,eeff,https://aif2.cnv.gov.ar/presentations/publicview/a7ea2369-90aa-484c-88aa-fe7f03e741ee
30715471953,Bolsas y Mercados Argentinos SA,c1551f8c-469f-406d-8f29-c87010fa09f6,Estados Contables,eeff,https://aif2.cnv.gov.ar/presentations/publicview/c1551f8c-469f-406d-8f29-c87010fa09f6
30715471953,Bolsas y Mercados Argentinos SA,97910ff6-bf38-412f-a175-343f76786d5e,Estados Contables,eeff,https://aif2.cnv.gov.ar/presentations/publicview/97910ff6-bf38-412f-a175-343f76786d5e
30715471953,Bolsas y Mercados Argentinos SA,ca711158-2a6f-4be8-b77a-cd0924afa8e8,Estados Contables,eeff,https://aif2.cnv.gov.ar/presentations/publicview/ca711158-2a6f-4be8-b77a-cd0924afa8e8
30715471953,Bolsas y Mercados Argentinos SA,9c916907-58e7-4285-86aa-b024ea19a4cd,Estados Contables,eeff,https://aif2.cnv.gov.ar/presentations/publicview/9c916907-58e7-4285-86aa-b024ea19a4cd
30715471953,Bolsas y Mercados Argentinos SA,30e3f863-7597-4314-9084-af4674426cd3,Estados Contables,eeff,https://aif2.cnv.gov.ar/presentations/publicview/30e3f863-7597-4314-9084-af4674426cd3
30715471953,Bolsas y Mercados Argentinos SA,af4bc23a-d2b4-4d64-bee5-ee8067978b68,Estados Contables,eeff,https://aif2.cnv.gov.ar/presentations/publicview/af4bc23a-d2b4-4d64-bee5-ee8067978b68
30715471953,Bolsas y Mercados Argentinos SA,0a7338f3-b741-404d-94e0-8dcf8f405d22,Estados Contables,eeff,https://aif2.cnv.gov.ar/presentations/publicview/0a7338f3-b741-404d-94e0-8dcf8f405d22
30715471953,Bolsas y Mercados Argentinos SA,828f315f-f884-4748-a503-3e080b9e9b63,Estados Contables,eeff,https://aif2.cnv.gov.ar/presentations/publicview/828f315f-f884-4748-a503-3e080b9e9b63
30715471953,Bolsas y Mercados Argentinos SA,7f5f72f5-4c80-44cb-8ea1-d09a38bfebae,Estados Contables,eeff,https://aif2.cnv.gov.ar/presentations/publicview/7f5f72f5-4c80-44cb-8ea1-d09a38bfebae
30715471953,Bolsas y Mercados Argentinos SA,7db88f7c-01ed-4a7e-85c0-61b7365525a0,Estados Contables,eeff,https://aif2.cnv.gov.ar/presentations/publicview/7db88f7c-01ed-4a7e-85c0-61b7365525a0
30715471953,Bolsas y Mercados Argentinos SA,28c2ca9d-dc67-4734-9321-2a2234830333,Estados Contables,eeff,https://aif2.cnv.gov.ar/presentations/publicview/28c2ca9d-dc67-4734-9321-2a2234830333
30715471953,Bolsas y Mercados Argentinos SA,cc6407f8-82ed-4c10-97f9-761ba6a09fdc,Estados Contables,eeff,https://aif2.cnv.gov.ar/presentations/publicview/cc6407f8-82ed-4c10-97f9-761ba6a09fdc
30715471953,Bolsas y Mercados Argentinos SA,254f2a71-0615-4ab9-9c96-2833ddd46715,Estados Contables,eeff,https://aif2.cnv.gov.ar/presentations/publicview/254f2a71-0615-4ab9-9c96-2833ddd46715
30715471953,Bolsas y Mercados Argentinos SA,ab61e5e7-570e-4a19-88d0-fd8e8ffccb76,Estados Contables,eeff,https://aif2.cnv.gov.ar/presentations/publicview/ab61e5e7-570e-4a19-88d0-fd8e8ffccb76
30715471953,Bolsas y Mercados Argentinos SA,d5929a81-1b3c-4020-9d46-22d16420e1df,Estados Contables,eeff,https://aif2.cnv.gov.ar/presentations/publicview/d5929a81-1b3c-4020-9d46-22d16420e1df
30715471953,Bolsas y Mercados Argentinos SA,f32cfca6-524c-4eca-a026-aa70dbdca9ee,Estados Contables,eeff,https://aif2.cnv.gov.ar/presentations/publicview/f32cfca6-524c-4eca-a026-aa70dbdca9ee
30715471953,Bolsas y Mercados Argentinos SA,1925a983-5791-4b54-9d0e-112ffdda858a,Estados Contables,eeff,https://aif2.cnv.gov.ar/presentations/publicview/1925a983-5791-4b54-9d0e-112ffdda858a
30715471953,Bolsas y Mercados Argentinos SA,863efe00-caa1-49f5-a1d3-4e8992c32578,Estados Contables,eeff,https://aif2.cnv.gov.ar/presentations/publicview/863efe00-caa1-49f5-a1d3-4e8992c32578
30715471953,Bolsas y Mercados Argentinos SA,ee3e755d-b1bb-497b-92f6-1ef6cb3ed723,Estados Contables,eeff,https://aif2.cnv.gov.ar/presentations/publicview/ee3e755d-b1bb-497b-92f6-1ef6cb3ed723
30715471953,Bolsas y Mercados Argentinos SA,bde4883a-c6fb-4247-8c37-bd4ae1b88c48,Estados Contables,eeff,https://aif2.cnv.gov.ar/presentations/publicview/bde4883a-c6fb-4247-8c37-bd4ae1b88c48
30715471953,Bolsas y Mercados Argentinos SA,50484ddc-de87-45c6-87c4-7be80c7cc066,Estados Contables,eeff,https://aif2.cnv.gov.ar/presentations/publicview/50484ddc-de87-45c6-87c4-7be80c7cc066
30715471953,Bolsas y Mercados Argentinos SA,a055994c-7958-4d62-acd4-d8fa9eab7f5c,Estados Contables,eeff,https://aif2.cnv.gov.ar/presentations/publicview/a055994c-7958-4d62-acd4-d8fa9eab7f5c
30715471953,Bolsas y Mercados Argentinos SA,da508cbb-da21-49de-b772-1d8809620df1,Estados Contables,eeff,https://aif2.cnv.gov.ar/presentations/publicview/da508cbb-da21-49de-b772-1d8809620df1
30715471953,Bolsas y Mercados Argentinos SA,f593cbd2-6b18-4dc3-84ae-81ebd0d4fc18,Estados Contables,eeff,https://aif2.cnv.gov.ar/presentations/publicview/f593cbd2-6b18-4dc3-84ae-81ebd0d4fc18
30715471953,Bolsas y Mercados Argentinos SA,f5c9c476-22a2-41a6-8d39-bbe984620b37,Estados Contables,eeff,https://aif2.cnv.gov.ar/presentations/publicview/f5c9c476-22a2-41a6-8d39-bbe984620b37
30715471953,Bolsas y Mercados Argentinos SA,a3205b12-c03c-4b58-8f64-c43238a60998,Estados Contables,eeff,https://aif2.cnv.gov.ar/presentations/publicview/a3205b12-c03c-4b58-8f64-c43238a60998
30715471953,Bolsas y Mercados Argentinos SA,6fd3ed8e-3b7b-463e-9fb4-dd2007c1f5d4,Estados Contables,eeff,https://aif2.cnv.gov.ar/presentations/publicview/6fd3ed8e-3b7b-463e-9fb4-dd2007c1f5d4
30715471953,Bolsas y Mercados Argentinos SA,5799154b-e571-4d4e-8b2b-e15fa659ce2a,Estados Contables,eeff,https://aif2.cnv.gov.ar/presentations/publicview/5799154b-e571-4d4e-8b2b-e15fa659ce2a
30715471953,Bolsas y Mercados Argentinos SA,9376b655-d8b5-451a-9893-68ed74863317,Estados Contables,eeff,https://aif2.cnv.gov.ar/presentations/publicview/9376b655-d8b5-451a-9893-68ed74863317
30715471953,Bolsas y Mercados Argentinos SA,6f2fca75-6308-4d11-be0a-7dccfb0da363,Estados Contables,eeff,https://aif2.cnv.gov.ar/presentations/publicview/6f2fca75-6308-4d11-be0a-7dccfb0da363
30715471953,Bolsas y Mercados Argentinos SA,6b010d98-2439-4cec-b10c-c76ff29f4900,Estados Contables,eeff,https://aif2.cnv.gov.ar/presentations/publicview/6b010d98-2439-4cec-b10c-c76ff29f4900
30715471953,Bolsas y Mercados Argentinos SA,2e7d2249-3e1e-4e68-9f6c-7fb9ce541c12,Estados Contables,eeff,https://aif2.cnv.gov.ar/presentations/publicview/2e7d2249-3e1e-4e68-9f6c-7fb9ce541c12
30715471953,Bolsas y Mercados Argentinos SA,26b50314-6959-429a-a92f-8ebbc5e0b040,Estados Contables,eeff,https://aif2.cnv.gov.ar/presentations/publicview/26b50314-6959-429a-a92f-8ebbc5e0b040
30715471953,Bolsas y Mercados Argentinos SA,c474a651-cfd6-448b-bd73-27f8edd45caa,Estados Contables,eeff,https://aif2.cnv.gov.ar/presentations/publicview/c474a651-cfd6-448b-bd73-27f8edd45caa
30715471953,Bolsas y Mercados Argentinos SA,14fedc51-d83d-45e3-a4ae-1a3cede31590,Estados Contables,eeff,https://aif2.cnv.gov.ar/presentations/publicview/14fedc51-d83d-45e3-a4ae-1a3cede31590
30715471953,Bolsas y Mercados Argentinos SA,35c7a640-d5ad-4e5a-96b7-5f51296fc089,Estados Contables,eeff,https://aif2.cnv.gov.ar/presentations/publicview/35c7a640-d5ad-4e5a-96b7-5f51296fc089
30715471953,Bolsas y Mercados Argentinos SA,8091dc81-33d5-4ad2-8418-aa24d0dbb592,Estados Contables,eeff,https://aif2.cnv.gov.ar/presentations/publicview/8091dc81-33d5-4ad2-8418-aa24d0dbb592
30715471953,Bolsas y Mercados Argentinos SA,ca37417d-d80a-40a5-844e-aa59b868d6df,Estados Contables,eeff,https://aif2.cnv.gov.ar/presentations/publicview/ca37417d-d80a-40a5-844e-aa59b868d6df
30715471953,Bolsas y Mercados Argentinos SA,43ba1841-df1c-4c72-aa95-9ab870706e42,Estados Contables,eeff,https://aif2.cnv.gov.ar/presentations/publicview/43ba1841-df1c-4c72-aa95-9ab870706e42
30715471953,Bolsas y Mercados Argentinos SA,6d461aa4-b30a-4fee-982a-845c78ad04e1,Estados Contables,eeff,https://aif2.cnv.gov.ar/presentations/publicview/6d461aa4-b30a-4fee-982a-845c78ad04e1
30715471953,Bolsas y Mercados Argentinos SA,347a58cd-2849-42a7-a711-68f876d0fc1a,Estados Contables,eeff,https://aif2.cnv.gov.ar/presentations/publicview/347a58cd-2849-42a7-a711-68f876d0fc1a
30715471953,Bolsas y Mercados Argentinos SA,33e70be6-256d-4689-8df0-702b0afb9749,Estados Contables,eeff,https://aif2.cnv.gov.ar/presentations/publicview/33e70be6-256d-4689-8df0-702b0afb9749
30715471953,Bolsas y Mercados Argentinos SA,09d3e474-6300-452e-8ad9-1696b62e6e35,Estados Contables,eeff,https://aif2.cnv.gov.ar/presentations/publicview/09d3e474-6300-452e-8ad9-1696b62e6e35
30715471953,Bolsas y Mercados Argentinos SA,e921638a-1d74-4507-b17a-38a9a44969a7,Estados Contables,eeff,https://aif2.cnv.gov.ar/presentations/publicview/e921638a-1d74-4507-b17a-38a9a44969a7
30715471953,Bolsas y Mercados Argentinos SA,355a4b20-fa44-4d47-9a00-7e5a7535c925,Estados Contables,eeff,https://aif2.cnv.gov.ar/presentations/publicview/355a4b20-fa44-4d47-9a00-7e5a7535c925
30715471953,Bolsas y Mercados Argentinos SA,0e9863c6-eb09-4d17-8b76-96e46303dac6,Estados Contables,eeff,https://aif2.cnv.gov.ar/presentations/publicview/0e9863c6-eb09-4d17-8b76-96e46303dac6
30715471953,Bolsas y Mercados Argentinos SA,a420d6ad-dcd6-4fbf-9419-d8d99b7574c0,Estados Contables,eeff,https://aif2.cnv.gov.ar/presentations/publicview/a420d6ad-dcd6-4fbf-9419-d8d99b7574c0
30715591231,CABLEVISIÓN HOLDING S A,6dc8e8a8-b0b8-4d8f-8647-b7f05a22c77c,Estados Contables,eeff,https://aif2.cnv.gov.ar/presentations/publicview/6dc8e8a8-b0b8-4d8f-8647-b7f05a22c77c
30715591231,CABLEVISIÓN HOLDING S A,a081b497-b0bf-41e4-b264-99ce11382367,Estados Contables,eeff,https://aif2.cnv.gov.ar/presentations/publicview/a081b497-b0bf-41e4-b264-99ce11382367
30715591231,CABLEVISIÓN HOLDING S A,065c3196-d2b0-4381-8e49-b17d8816451e,Estados Contables,eeff,https://aif2.cnv.gov.ar/presentations/publicview/065c3196-d2b0-4381-8e49-b17d8816451e
30715591231,CABLEVISIÓN HOLDING S A,aedee496-f644-44af-a5bd-d83f92e8ce8e,Estados Contables,eeff,https://aif2.cnv.gov.ar/presentations/publicview/aedee496-f644-44af-a5bd-d83f92e8ce8e
30715591231,CABLEVISIÓN HOLDING S A,a40e372a-a8cb-4992-bf0e-50a829e59222,Estados Contables,eeff,https://aif2.cnv.gov.ar/presentations/publicview/a40e372a-a8cb-4992-bf0e-50a829e59222
30715591231,CABLEVISIÓN HOLDING S A,bdea5636-d57f-4a44-82da-1f50473e3b05,Estados Contables,eeff,https://aif2.cnv.gov.ar/presentations/publicview/bdea5636-d57f-4a44-82da-1f50473e3b05
30715591231,CABLEVISIÓN HOLDING S A,63e61367-60b6-4bfb-8583-3d7abfe665f5,Estados Contables,eeff,https://aif2.cnv.gov.ar/presentations/publicview/63e61367-60b6-4bfb-8583-3d7abfe665f5
30715591231,CABLEVISIÓN HOLDING S A,c1002452-cebe-4dd3-b44e-8574e1cd70b8,Estados Contables,eeff,https://aif2.cnv.gov.ar/presentations/publicview/c1002452-cebe-4dd3-b44e-8574e1cd70b8
30715591231,CABLEVISIÓN HOLDING S A,08ad48f6-5dc9-4289-967f-24621aa23d66,Estados Contables,eeff,https://aif2.cnv.gov.ar/presentations/publicview/08ad48f6-5dc9-4289-967f-24621aa23d66
30715591231,CABLEVISIÓN HOLDING S A,2b44cdc3-5a06-40ad-8f37-c6b7b0d8379a,Estados Contables,eeff,https://aif2.cnv.gov.ar/presentations/publicview/2b44cdc3-5a06-40ad-8f37-c6b7b0d8379a
30715591231,CABLEVISIÓN HOLDING S A,bf37d00c-c910-4ba8-959e-7ffbb2e175f2,Estados Contables,eeff,https://aif2.cnv.gov.ar/presentations/publicview/bf37d00c-c910-4ba8-959e-7ffbb2e175f2
30715591231,CABLEVISIÓN HOLDING S A,9e655d73-953e-4402-9da4-11cbb95d6dc2,Estados Contables,eeff,https://aif2.cnv.gov.ar/presentations/publicview/9e655d73-953e-4402-9da4-11cbb95d6dc2
30715591231,CABLEVISIÓN HOLDING S A,5cf47292-db4a-4c07-b5cb-8ba2fc9421e7,Estados Contables,eeff,https://aif2.cnv.gov.ar/presentations/publicview/5cf47292-db4a-4c07-b5cb-8ba2fc9421e7
30715591231,CABLEVISIÓN HOLDING S A,55e2d958-b859-4848-9ff2-0c79c8e5c290,Estados Contables,eeff,https://aif2.cnv.gov.ar/presentations/publicview/55e2d958-b859-4848-9ff2-0c79c8e5c290
30715591231,CABLEVISIÓN HOLDING S A,70489213-1922-4096-82c9-c485bc7f6214,Estados Contables,eeff,https://aif2.cnv.gov.ar/presentations/publicview/70489213-1922-4096-82c9-c485bc7f6214
30715591231,CABLEVISIÓN HOLDING S A,9cfacce5-12ae-49ec-a0f9-663365b77222,Estados Contables,eeff,https://aif2.cnv.gov.ar/presentations/publicview/9cfacce5-12ae-49ec-a0f9-663365b77222
30715591231,CABLEVISIÓN HOLDING S A,724496c1-60df-4ab1-bfe4-61c5ebb82fe9,Estados Contables,eeff,https://aif2.cnv.gov.ar/presentations/publicview/724496c1-60df-4ab1-bfe4-61c5ebb82fe9
30715591231,CABLEVISIÓN HOLDING S A,6f9b34e3-f06a-4659-bac2-ba55b60d2ef4,Estados Contables,eeff,https://aif2.cnv.gov.ar/presentations/publicview/6f9b34e3-f06a-4659-bac2-ba55b60d2ef4
30715591231,CABLEVISIÓN HOLDING S A,9aaa0136-e7ee-4eaf-b425-c13bd9b2dbf9,Estados Contables,eeff,https://aif2.cnv.gov.ar/presentations/publicview/9aaa0136-e7ee-4eaf-b425-c13bd9b2dbf9
30715591231,CABLEVISIÓN HOLDING S A,04dd7868-5d6a-45f0-bbf4-4ac81168ea89,Estados Contables,eeff,https://aif2.cnv.gov.ar/presentations/publicview/04dd7868-5d6a-45f0-bbf4-4ac81168ea89
30715591231,CABLEVISIÓN HOLDING S A,0d3b83a9-cc0c-48f6-b43d-f5f6d7ff526e,Estados Contables,eeff,https://aif2.cnv.gov.ar/presentations/publicview/0d3b83a9-cc0c-48f6-b43d-f5f6d7ff526e
30715591231,CABLEVISIÓN HOLDING S A,b47fb726-70a4-4368-b1a4-fc6e8e239bec,Estados Contables,eeff,https://aif2.cnv.gov.ar/presentations/publicview/b47fb726-70a4-4368-b1a4-fc6e8e239bec
30715591231,CABLEVISIÓN HOLDING S A,1cc08f63-91d0-497f-bb4c-4be8ba69713e,Estados Contables,eeff,https://aif2.cnv.gov.ar/presentations/publicview/1cc08f63-91d0-497f-bb4c-4be8ba69713e
30715591231,CABLEVISIÓN HOLDING S A,18b3c466-301b-494b-9f2d-e8342221c0f6,Estados Contables,eeff,https://aif2.cnv.gov.ar/presentations/publicview/18b3c466-301b-494b-9f2d-e8342221c0f6
30715591231,CABLEVISIÓN HOLDING S A,fd9eca25-9858-45f4-ab0a-3b361d6c361b,Estados Contables,eeff,https://aif2.cnv.gov.ar/presentations/publicview/fd9eca25-9858-45f4-ab0a-3b361d6c361b
30715591231,CABLEVISIÓN HOLDING S A,005219c8-9edc-4575-a036-daf55ec9de13,Estados Contables,eeff,https://aif2.cnv.gov.ar/presentations/publicview/005219c8-9edc-4575-a036-daf55ec9de13
30715591231,CABLEVISIÓN HOLDING S A,4f22fcf2-fa0b-4e8d-8a66-ab971210b7da,Estados Contables,eeff,https://aif2.cnv.gov.ar/presentations/publicview/4f22fcf2-fa0b-4e8d-8a66-ab971210b7da
33500005179,Banco Supervielle S A,c5b65c85-5de9-459c-82bb-6fab5af59e14,Estados Contables,eeff,https://aif2.cnv.gov.ar/presentations/publicview/c5b65c85-5de9-459c-82bb-6fab5af59e14
33500005179,Banco Supervielle S A,cf2ffa82-9913-49c5-862f-6036a10971c0,Estados Contables,eeff,https://aif2.cnv.gov.ar/presentations/publicview/cf2ffa82-9913-49c5-862f-6036a10971c0
33500005179,Banco Supervielle S A,a96cf949-250f-4dbe-92b1-eceb2e282a07,Estados Contables,eeff,https://aif2.cnv.gov.ar/presentations/publicview/a96cf949-250f-4dbe-92b1-eceb2e282a07
33500005179,Banco Supervielle S A,64069894-0f85-404b-9c12-c7a0abdeab45,Estados Contables,eeff,https://aif2.cnv.gov.ar/presentations/publicview/64069894-0f85-404b-9c12-c7a0abdeab45
33500005179,Banco Supervielle S A,17efdb34-d0e7-474d-9909-ec294ab4d042,Estados Contables,eeff,https://aif2.cnv.gov.ar/presentations/publicview/17efdb34-d0e7-474d-9909-ec294ab4d042
33500005179,Banco Supervielle S A,48bf5113-fec6-47b4-a57b-ac437ebfbf07,Estados Contables,eeff,https://aif2.cnv.gov.ar/presentations/publicview/48bf5113-fec6-47b4-a57b-ac437ebfbf07
33500005179,Banco Supervielle S A,f2b8d9a2-0355-4401-805e-1c84a21c7941,Estados Contables,eeff,https://aif2.cnv.gov.ar/presentations/publicview/f2b8d9a2-0355-4401-805e-1c84a21c7941
33500005179,Banco Supervielle S A,719783a7-ebef-49c4-8cde-6bb342bf8142,Estados Contables,eeff,https://aif2.cnv.gov.ar/presentations/publicview/719783a7-ebef-49c4-8cde-6bb342bf8142
33500005179,Banco Supervielle S A,de852a74-eb3e-45bb-83c3-ba14d30d5011,Estados Contables,eeff,https://aif2.cnv.gov.ar/presentations/publicview/de852a74-eb3e-45bb-83c3-ba14d30d5011
33500005179,Banco Supervielle S A,101d66a9-3768-46e3-a6cb-8ec4ae673ca8,Estados Contables,eeff,https://aif2.cnv.gov.ar/presentations/publicview/101d66a9-3768-46e3-a6cb-8ec4ae673ca8
33500005179,Banco Supervielle S A,3ffad972-15d9-4c45-ba4a-8732a6ef8a9a,Estados Contables,eeff,https://aif2.cnv.gov.ar/presentations/publicview/3ffad972-15d9-4c45-ba4a-8732a6ef8a9a
33500005179,Banco Supervielle S A,526dca0c-0c5a-4a64-80ab-6f26aa94ae87,Estados Contables,eeff,https://aif2.cnv.gov.ar/presentations/publicview/526dca0c-0c5a-4a64-80ab-6f26aa94ae87
33500005179,Banco Supervielle S A,f4d3176f-23a8-44ad-abc7-2dc36f7e0d4a,Estados Contables,eeff,https://aif2.cnv.gov.ar/presentations/publicview/f4d3176f-23a8-44ad-abc7-2dc36f7e0d4a
33500005179,Banco Supervielle S A,66719de4-6609-4e83-a300-65040a4fc2a2,Estados Contables,eeff,https://aif2.cnv.gov.ar/presentations/publicview/66719de4-6609-4e83-a300-65040a4fc2a2
33500005179,Banco Supervielle S A,e641bc05-c9c5-41cd-a516-0902cc44c323,Estados Contables,eeff,https://aif2.cnv.gov.ar/presentations/publicview/e641bc05-c9c5-41cd-a516-0902cc44c323
33500005179,Banco Supervielle S A,68a85fdc-f2af-413f-9610-558add84bb37,Estados Contables,eeff,https://aif2.cnv.gov.ar/presentations/publicview/68a85fdc-f2af-413f-9610-558add84bb37
33500005179,Banco Supervielle S A,9a53c0db-a806-45fe-930f-30bac3657bba,Estados Contables,eeff,https://aif2.cnv.gov.ar/presentations/publicview/9a53c0db-a806-45fe-930f-30bac3657bba
33500005179,Banco Supervielle S A,a2b0e5d1-5b82-44ad-90ab-367b3c2bfc78,Estados Contables,eeff,https://aif2.cnv.gov.ar/presentations/publicview/a2b0e5d1-5b82-44ad-90ab-367b3c2bfc78
33500005179,Banco Supervielle S A,d2495719-64e5-4a14-a564-fba332854409,Estados Contables,eeff,https://aif2.cnv.gov.ar/presentations/publicview/d2495719-64e5-4a14-a564-fba332854409
33500005179,Banco Supervielle S A,8c7f6906-59b6-4a1a-934a-fed4bef0311f,Estados Contables,eeff,https://aif2.cnv.gov.ar/presentations/publicview/8c7f6906-59b6-4a1a-934a-fed4bef0311f
33500005179,Banco Supervielle S A,07f10990-8061-4b27-ba32-f428db078321,Estados Contables,eeff,https://aif2.cnv.gov.ar/presentations/publicview/07f10990-8061-4b27-ba32-f428db078321
33500005179,Banco Supervielle S A,ba8f9cea-042c-43c2-90ab-31a9584f9de3,Estados Contables,eeff,https://aif2.cnv.gov.ar/presentations/publicview/ba8f9cea-042c-43c2-90ab-31a9584f9de3
33500005179,Banco Supervielle S A,45137591-d194-4278-9d67-17a43bf031fd,Estados Contables,eeff,https://aif2.cnv.gov.ar/presentations/publicview/45137591-d194-4278-9d67-17a43bf031fd
33500005179,Banco Supervielle S A,58f18c45-4c55-4732-886e-b3f18525257b,Estados Contables,eeff,https://aif2.cnv.gov.ar/presentations/publicview/58f18c45-4c55-4732-886e-b3f18525257b
33500005179,Banco Supervielle S A,53d38a72-bc83-4dea-8bc3-2a73795730d8,Estados Contables,eeff,https://aif2.cnv.gov.ar/presentations/publicview/53d38a72-bc83-4dea-8bc3-2a73795730d8
33500005179,Banco Supervielle S A,19273840-0050-49f7-8313-b118d71daaa7,Estados Contables,eeff,https://aif2.cnv.gov.ar/presentations/publicview/19273840-0050-49f7-8313-b118d71daaa7
33500005179,Banco Supervielle S A,4b8ee7e4-7954-4de4-9bc9-5955ab09ff48,Estados Contables,eeff,https://aif2.cnv.gov.ar/presentations/publicview/4b8ee7e4-7954-4de4-9bc9-5955ab09ff48
33500005179,Banco Supervielle S A,25d9303e-3952-4252-9467-6c1151d294fd,Estados Contables,eeff,https://aif2.cnv.gov.ar/presentations/publicview/25d9303e-3952-4252-9467-6c1151d294fd
33500005179,Banco Supervielle S A,185aefdb-a6c8-4568-a474-1aa5892e7481,Estados Contables,eeff,https://aif2.cnv.gov.ar/presentations/publicview/185aefdb-a6c8-4568-a474-1aa5892e7481
33500005179,Banco Supervielle S A,0a3fcb4a-1122-4c7b-b424-8990bb0b6520,Estados Contables,eeff,https://aif2.cnv.gov.ar/presentations/publicview/0a3fcb4a-1122-4c7b-b424-8990bb0b6520
33500005179,Banco Supervielle S A,f891f4d0-1e96-4985-adf3-ebd0fa30e980,Estados Contables,eeff,https://aif2.cnv.gov.ar/presentations/publicview/f891f4d0-1e96-4985-adf3-ebd0fa30e980
33515950899,VISTA ENERGY ARGENTINA SAU,18ddd171-ac05-4037-9612-2d23eb6edf4b,Estados Contables,eeff,https://aif2.cnv.gov.ar/presentations/publicview/18ddd171-ac05-4037-9612-2d23eb6edf4b
33515950899,VISTA ENERGY ARGENTINA SAU,06ef274e-fc12-4b9d-b9b8-3980d60af929,Estados Contables,eeff,https://aif2.cnv.gov.ar/presentations/publicview/06ef274e-fc12-4b9d-b9b8-3980d60af929
33515950899,VISTA ENERGY ARGENTINA SAU,2cc38a85-a622-4ee0-bda8-f1924369ea8f,Estados Contables,eeff,https://aif2.cnv.gov.ar/presentations/publicview/2cc38a85-a622-4ee0-bda8-f1924369ea8f
33515950899,VISTA ENERGY ARGENTINA SAU,74ca8045-f793-48a3-abaa-9d917d416570,Estados Contables,eeff,https://aif2.cnv.gov.ar/presentations/publicview/74ca8045-f793-48a3-abaa-9d917d416570
33515950899,VISTA ENERGY ARGENTINA SAU,155274ed-424f-4317-b605-6d7bda8c5958,Estados Contables,eeff,https://aif2.cnv.gov.ar/presentations/publicview/155274ed-424f-4317-b605-6d7bda8c5958
33515950899,VISTA ENERGY ARGENTINA SAU,9a2853b3-cb07-4b75-8fda-28f98aa31e0e,Estados Contables,eeff,https://aif2.cnv.gov.ar/presentations/publicview/9a2853b3-cb07-4b75-8fda-28f98aa31e0e
33515950899,VISTA ENERGY ARGENTINA SAU,51e532b3-79e6-4252-82f8-3dc74b04dcf0,Estados Contables,eeff,https://aif2.cnv.gov.ar/presentations/publicview/51e532b3-79e6-4252-82f8-3dc74b04dcf0
33515950899,VISTA ENERGY ARGENTINA SAU,3ec79898-0644-42de-8642-ab6fd2e2da5d,Estados Contables,eeff,https://aif2.cnv.gov.ar/presentations/publicview/3ec79898-0644-42de-8642-ab6fd2e2da5d
33515950899,VISTA ENERGY ARGENTINA SAU,bc8adf00-28f1-4d6e-990d-87e682c566cb,Estados Contables,eeff,https://aif2.cnv.gov.ar/presentations/publicview/bc8adf00-28f1-4d6e-990d-87e682c566cb
33515950899,VISTA ENERGY ARGENTINA SAU,3ac0228c-d2d5-48d6-a9db-ec5ec5f22a99,Estados Contables,eeff,https://aif2.cnv.gov.ar/presentations/publicview/3ac0228c-d2d5-48d6-a9db-ec5ec5f22a99
33515950899,VISTA ENERGY ARGENTINA SAU,d52196a3-a7d7-461d-bd3d-8b065310f130,Estados Contables,eeff,https://aif2.cnv.gov.ar/presentations/publicview/d52196a3-a7d7-461d-bd3d-8b065310f130
33515950899,VISTA ENERGY ARGENTINA SAU,e5c051c0-b5e7-4886-b27a-85f1dfdccdc1,Estados Contables,eeff,https://aif2.cnv.gov.ar/presentations/publicview/e5c051c0-b5e7-4886-b27a-85f1dfdccdc1
33515950899,VISTA ENERGY ARGENTINA SAU,5f8190c7-d0c9-4d9c-9648-93002e742cf4,Estados Contables,eeff,https://aif2.cnv.gov.ar/presentations/publicview/5f8190c7-d0c9-4d9c-9648-93002e742cf4
33515950899,VISTA ENERGY ARGENTINA SAU,3c111424-723d-45a2-9228-b7ddca5b0411,Estados Contables,eeff,https://aif2.cnv.gov.ar/presentations/publicview/3c111424-723d-45a2-9228-b7ddca5b0411
33515950899,VISTA ENERGY ARGENTINA SAU,03094e2d-4f06-42cf-a610-1bd2023e010d,Estados Contables,eeff,https://aif2.cnv.gov.ar/presentations/publicview/03094e2d-4f06-42cf-a610-1bd2023e010d
33515950899,VISTA ENERGY ARGENTINA SAU,fe4308a3-4a08-4eda-8163-817a941fe2f3,Estados Contables,eeff,https://aif2.cnv.gov.ar/presentations/publicview/fe4308a3-4a08-4eda-8163-817a941fe2f3
33515950899,VISTA ENERGY ARGENTINA SAU,73a8542e-4ccc-49c4-b7fa-3cc6a69b31b0,Estados Contables,eeff,https://aif2.cnv.gov.ar/presentations/publicview/73a8542e-4ccc-49c4-b7fa-3cc6a69b31b0
33515950899,VISTA ENERGY ARGENTINA SAU,ae0846cb-68dd-4aca-bf6c-b9e00ce3e30e,Estados Contables,eeff,https://aif2.cnv.gov.ar/presentations/publicview/ae0846cb-68dd-4aca-bf6c-b9e00ce3e30e
33515950899,VISTA ENERGY ARGENTINA SAU,c82decfe-be67-4592-b5ac-caa1ad5074b4,Estados Contables,eeff,https://aif2.cnv.gov.ar/presentations/publicview/c82decfe-be67-4592-b5ac-caa1ad5074b4
33515950899,VISTA ENERGY ARGENTINA SAU,b79e2b48-7bd8-4ea9-97f7-14571d3e28e1,Estados Contables,eeff,https://aif2.cnv.gov.ar/presentations/publicview/b79e2b48-7bd8-4ea9-97f7-14571d3e28e1
33515950899,VISTA ENERGY ARGENTINA SAU,ca27a985-c8e1-4f9d-b857-26bbfa787363,Estados Contables,eeff,https://aif2.cnv.gov.ar/presentations/publicview/ca27a985-c8e1-4f9d-b857-26bbfa787363
33515950899,VISTA ENERGY ARGENTINA SAU,e88490aa-34f0-4398-80cb-ce7b2d86a874,Estados Contables,eeff,https://aif2.cnv.gov.ar/presentations/publicview/e88490aa-34f0-4398-80cb-ce7b2d86a874
33515950899,VISTA ENERGY ARGENTINA SAU,d37f8329-4a51-42e7-ac69-640778f5473a,Estados Contables,eeff,https://aif2.cnv.gov.ar/presentations/publicview/d37f8329-4a51-42e7-ac69-640778f5473a
33515950899,VISTA ENERGY ARGENTINA SAU,4ba6f5c3-112c-429f-9006-5386c1303973,Estados Contables,eeff,https://aif2.cnv.gov.ar/presentations/publicview/4ba6f5c3-112c-429f-9006-5386c1303973
33515950899,VISTA ENERGY ARGENTINA SAU,8dbfd637-1caa-4fa1-8934-25d4d6dc0536,Estados Contables,eeff,https://aif2.cnv.gov.ar/presentations/publicview/8dbfd637-1caa-4fa1-8934-25d4d6dc0536
33515950899,VISTA ENERGY ARGENTINA SAU,aff280c5-4732-4047-aa7b-80d6637b131f,Estados Contables,eeff,https://aif2.cnv.gov.ar/presentations/publicview/aff280c5-4732-4047-aa7b-80d6637b131f
33515950899,VISTA ENERGY ARGENTINA SAU,e19824d3-584e-4ce8-9b17-129c62beb7c0,Estados Contables,eeff,https://aif2.cnv.gov.ar/presentations/publicview/e19824d3-584e-4ce8-9b17-129c62beb7c0
33515950899,VISTA ENERGY ARGENTINA SAU,40369a3e-af48-4566-91ee-d95bf044fc58,Estados Contables,eeff,https://aif2.cnv.gov.ar/presentations/publicview/40369a3e-af48-4566-91ee-d95bf044fc58
33526316989,Sociedad Comercial del Plata S A,c2f24a41-032c-4c4f-8422-63756ffb0fff,Estados Contables,eeff,https://aif2.cnv.gov.ar/presentations/publicview/c2f24a41-032c-4c4f-8422-63756ffb0fff
33526316989,Sociedad Comercial del Plata S A,12590fb9-532d-471e-a40c-ee3f41c02b46,Estados Contables,eeff,https://aif2.cnv.gov.ar/presentations/publicview/12590fb9-532d-471e-a40c-ee3f41c02b46
33526316989,Sociedad Comercial del Plata S A,7e81468c-90da-4939-a5c6-e7f3ff4b3618,Estados Contables,eeff,https://aif2.cnv.gov.ar/presentations/publicview/7e81468c-90da-4939-a5c6-e7f3ff4b3618
33526316989,Sociedad Comercial del Plata S A,b73d0603-6032-4850-95ca-e27bcfbb69cc,Estados Contables,eeff,https://aif2.cnv.gov.ar/presentations/publicview/b73d0603-6032-4850-95ca-e27bcfbb69cc
33526316989,Sociedad Comercial del Plata S A,f9e9e910-36e3-4cf7-84e5-6712060c92f1,Estados Contables,eeff,https://aif2.cnv.gov.ar/presentations/publicview/f9e9e910-36e3-4cf7-84e5-6712060c92f1
33526316989,Sociedad Comercial del Plata S A,c606962c-8cc1-4a8b-b6be-3cb528c354c0,Estados Contables,eeff,https://aif2.cnv.gov.ar/presentations/publicview/c606962c-8cc1-4a8b-b6be-3cb528c354c0
33526316989,Sociedad Comercial del Plata S A,5987f90c-42f5-4350-ba36-24e98b53b9a0,Estados Contables,eeff,https://aif2.cnv.gov.ar/presentations/publicview/5987f90c-42f5-4350-ba36-24e98b53b9a0
33526316989,Sociedad Comercial del Plata S A,f3bce3ee-de0b-49e3-9482-1fa148d79817,Estados Contables,eeff,https://aif2.cnv.gov.ar/presentations/publicview/f3bce3ee-de0b-49e3-9482-1fa148d79817
33526316989,Sociedad Comercial del Plata S A,ffeec12d-ff02-4b96-bdd7-d08ca0170afd,Estados Contables,eeff,https://aif2.cnv.gov.ar/presentations/publicview/ffeec12d-ff02-4b96-bdd7-d08ca0170afd
33526316989,Sociedad Comercial del Plata S A,2ef28719-7b35-4794-8f75-958ed7285a7b,Estados Contables,eeff,https://aif2.cnv.gov.ar/presentations/publicview/2ef28719-7b35-4794-8f75-958ed7285a7b
33526316989,Sociedad Comercial del Plata S A,fa670398-d6d7-441e-814c-9be86e7644f7,Estados Contables,eeff,https://aif2.cnv.gov.ar/presentations/publicview/fa670398-d6d7-441e-814c-9be86e7644f7
33526316989,Sociedad Comercial del Plata S A,cb79e22a-bb61-432d-8fed-4f88c2949ec3,Estados Contables,eeff,https://aif2.cnv.gov.ar/presentations/publicview/cb79e22a-bb61-432d-8fed-4f88c2949ec3
33526316989,Sociedad Comercial del Plata S A,b4c5ba62-482a-4523-a161-daf38f8d4b82,Estados Contables,eeff,https://aif2.cnv.gov.ar/presentations/publicview/b4c5ba62-482a-4523-a161-daf38f8d4b82
33526316989,Sociedad Comercial del Plata S A,42060087-ab04-456c-8e6e-89c9f6281aa9,Estados Contables,eeff,https://aif2.cnv.gov.ar/presentations/publicview/42060087-ab04-456c-8e6e-89c9f6281aa9
33526316989,Sociedad Comercial del Plata S A,55f6373f-c487-4426-acbd-49021bab5113,Estados Contables,eeff,https://aif2.cnv.gov.ar/presentations/publicview/55f6373f-c487-4426-acbd-49021bab5113
33526316989,Sociedad Comercial del Plata S A,ba99f527-60dd-4bb8-943c-4b00440907cb,Estados Contables,eeff,https://aif2.cnv.gov.ar/presentations/publicview/ba99f527-60dd-4bb8-943c-4b00440907cb
33526316989,Sociedad Comercial del Plata S A,0dc27674-166f-4ebe-a7e1-f80461e16591,Estados Contables,eeff,https://aif2.cnv.gov.ar/presentations/publicview/0dc27674-166f-4ebe-a7e1-f80461e16591
33526316989,Sociedad Comercial del Plata S A,fd265920-6371-41ea-b2e2-d5c8360fa3f5,Estados Contables,eeff,https://aif2.cnv.gov.ar/presentations/publicview/fd265920-6371-41ea-b2e2-d5c8360fa3f5
33526316989,Sociedad Comercial del Plata S A,246dc161-0603-4aae-8b00-c92f4877accc,Estados Contables,eeff,https://aif2.cnv.gov.ar/presentations/publicview/246dc161-0603-4aae-8b00-c92f4877accc
33526316989,Sociedad Comercial del Plata S A,51b33617-ce6e-40e1-a03f-0aa11457fc3c,Estados Contables,eeff,https://aif2.cnv.gov.ar/presentations/publicview/51b33617-ce6e-40e1-a03f-0aa11457fc3c
33526316989,Sociedad Comercial del Plata S A,cf6b0222-90dd-4cf0-a428-390b7e0d2948,Estados Contables,eeff,https://aif2.cnv.gov.ar/presentations/publicview/cf6b0222-90dd-4cf0-a428-390b7e0d2948
33526316989,Sociedad Comercial del Plata S A,f82de9a1-c0ed-4593-89ec-656186307d2c,Estados Contables,eeff,https://aif2.cnv.gov.ar/presentations/publicview/f82de9a1-c0ed-4593-89ec-656186307d2c
33526316989,Sociedad Comercial del Plata S A,b2f5b17c-9390-4623-8f5c-a0d929494267,Estados Contables,eeff,https://aif2.cnv.gov.ar/presentations/publicview/b2f5b17c-9390-4623-8f5c-a0d929494267
33526316989,Sociedad Comercial del Plata S A,80b910b0-dfac-4e9c-8fc8-4e12dcb81e75,Estados Contables,eeff,https://aif2.cnv.gov.ar/presentations/publicview/80b910b0-dfac-4e9c-8fc8-4e12dcb81e75
33526316989,Sociedad Comercial del Plata S A,d509279e-7e6c-4b06-8ff0-92279bfd7ade,Estados Contables,eeff,https://aif2.cnv.gov.ar/presentations/publicview/d509279e-7e6c-4b06-8ff0-92279bfd7ade
33526316989,Sociedad Comercial del Plata S A,ae111b97-51b9-4498-89f3-a58c77260f15,Estados Contables,eeff,https://aif2.cnv.gov.ar/presentations/publicview/ae111b97-51b9-4498-89f3-a58c77260f15
33526316989,Sociedad Comercial del Plata S A,09f2024e-654d-4bfb-893d-a8d4f6359578,Estados Contables,eeff,https://aif2.cnv.gov.ar/presentations/publicview/09f2024e-654d-4bfb-893d-a8d4f6359578
33526316989,Sociedad Comercial del Plata S A,5e8543c7-780e-47c2-8adc-026727c37a9b,Estados Contables,eeff,https://aif2.cnv.gov.ar/presentations/publicview/5e8543c7-780e-47c2-8adc-026727c37a9b
33526316989,Sociedad Comercial del Plata S A,12ac6d59-2f17-409c-996b-0628dc60d607,Estados Contables,eeff,https://aif2.cnv.gov.ar/presentations/publicview/12ac6d59-2f17-409c-996b-0628dc60d607
33528807939,Garcia Reguera,bcdd7d1f-7eb4-4147-b9ed-f594abdcfada,Estados Contables,eeff,https://aif2.cnv.gov.ar/presentations/publicview/bcdd7d1f-7eb4-4147-b9ed-f594abdcfada
33528807939,Garcia Reguera,84408ff9-11d4-44e7-9cf8-cd9c038f39ae,Estados Contables,eeff,https://aif2.cnv.gov.ar/presentations/publicview/84408ff9-11d4-44e7-9cf8-cd9c038f39ae
33528807939,Garcia Reguera,52aaafd8-80c2-4252-ba06-0823ef0a4d0e,Estados Contables,eeff,https://aif2.cnv.gov.ar/presentations/publicview/52aaafd8-80c2-4252-ba06-0823ef0a4d0e
33528807939,Garcia Reguera,2bf1c3d6-5a72-4fc5-8522-7f4434fa1552,Estados Contables,eeff,https://aif2.cnv.gov.ar/presentations/publicview/2bf1c3d6-5a72-4fc5-8522-7f4434fa1552
33528807939,Garcia Reguera,5c933bb4-1b97-4354-af9b-2d6118f1deb2,Estados Contables,eeff,https://aif2.cnv.gov.ar/presentations/publicview/5c933bb4-1b97-4354-af9b-2d6118f1deb2
33528807939,Garcia Reguera,f1a3e3cf-cbde-450e-90c9-28b61fe44e68,Estados Contables,eeff,https://aif2.cnv.gov.ar/presentations/publicview/f1a3e3cf-cbde-450e-90c9-28b61fe44e68
33528807939,Garcia Reguera,f42ba430-fc45-412c-b6b9-65209ad20c87,Estados Contables,eeff,https://aif2.cnv.gov.ar/presentations/publicview/f42ba430-fc45-412c-b6b9-65209ad20c87
33528807939,Garcia Reguera,67000f08-dc76-4b61-8adc-c8bbd8600e06,Estados Contables,eeff,https://aif2.cnv.gov.ar/presentations/publicview/67000f08-dc76-4b61-8adc-c8bbd8600e06
33528807939,Garcia Reguera,2ce6e1bc-fc4e-4b4f-ad23-a989d9bf3c1f,Estados Contables,eeff,https://aif2.cnv.gov.ar/presentations/publicview/2ce6e1bc-fc4e-4b4f-ad23-a989d9bf3c1f
33528807939,Garcia Reguera,a30e9369-920c-465c-a678-63001404334c,Estados Contables,eeff,https://aif2.cnv.gov.ar/presentations/publicview/a30e9369-920c-465c-a678-63001404334c
33528807939,Garcia Reguera,18d9d6f5-389c-4475-bedd-1d98b9137427,Estados Contables,eeff,https://aif2.cnv.gov.ar/presentations/publicview/18d9d6f5-389c-4475-bedd-1d98b9137427
33528807939,Garcia Reguera,28926b3a-3b23-4575-a59b-0a9805d50f28,Estados Contables,eeff,https://aif2.cnv.gov.ar/presentations/publicview/28926b3a-3b23-4575-a59b-0a9805d50f28
33528807939,Garcia Reguera,0e52fadc-bbb7-4063-90a1-c1bc1c6c5120,Estados Contables,eeff,https://aif2.cnv.gov.ar/presentations/publicview/0e52fadc-bbb7-4063-90a1-c1bc1c6c5120
33528807939,Garcia Reguera,0c50f0ad-25f2-4a10-bb28-4a35b4d89423,Estados Contables,eeff,https://aif2.cnv.gov.ar/presentations/publicview/0c50f0ad-25f2-4a10-bb28-4a35b4d89423
33528807939,Garcia Reguera,423cd292-a07a-4ae0-80a7-adbf44fb1029,Estados Contables,eeff,https://aif2.cnv.gov.ar/presentations/publicview/423cd292-a07a-4ae0-80a7-adbf44fb1029
33528807939,Garcia Reguera,2a3fba92-9491-4b40-8e9c-fbdd8b4e5307,Estados Contables,eeff,https://aif2.cnv.gov.ar/presentations/publicview/2a3fba92-9491-4b40-8e9c-fbdd8b4e5307
33528807939,Garcia Reguera,532d4ac7-4b90-46c1-bd08-44a96cbab63a,Estados Contables,eeff,https://aif2.cnv.gov.ar/presentations/publicview/532d4ac7-4b90-46c1-bd08-44a96cbab63a
33528807939,Garcia Reguera,293caf33-0046-4a05-bec8-ccd7c9073da5,Estados Contables,eeff,https://aif2.cnv.gov.ar/presentations/publicview/293caf33-0046-4a05-bec8-ccd7c9073da5
33528807939,Garcia Reguera,08088d0f-1da8-411c-9180-b1411195a619,Estados Contables,eeff,https://aif2.cnv.gov.ar/presentations/publicview/08088d0f-1da8-411c-9180-b1411195a619
33528807939,Garcia Reguera,fbe99c2f-f91e-47c1-9377-c1618d0d2236,Estados Contables,eeff,https://aif2.cnv.gov.ar/presentations/publicview/fbe99c2f-f91e-47c1-9377-c1618d0d2236
33528807939,Garcia Reguera,11c85996-f80e-4276-bd89-2fa17d7d42e9,Estados Contables,eeff,https://aif2.cnv.gov.ar/presentations/publicview/11c85996-f80e-4276-bd89-2fa17d7d42e9
33528807939,Garcia Reguera,b41a1159-f4f8-483f-8d57-7bb4fa34b88c,Estados Contables,eeff,https://aif2.cnv.gov.ar/presentations/publicview/b41a1159-f4f8-483f-8d57-7bb4fa34b88c
33528807939,Garcia Reguera,2486dd00-42cd-4e48-a606-f347cbf9aeb2,Estados Contables,eeff,https://aif2.cnv.gov.ar/presentations/publicview/2486dd00-42cd-4e48-a606-f347cbf9aeb2
33528807939,Garcia Reguera,e201f069-a51a-4192-ae4b-308634c54394,Estados Contables,eeff,https://aif2.cnv.gov.ar/presentations/publicview/e201f069-a51a-4192-ae4b-308634c54394
33528807939,Garcia Reguera,ba01f648-e3bb-436e-9f12-64468c62681c,Estados Contables,eeff,https://aif2.cnv.gov.ar/presentations/publicview/ba01f648-e3bb-436e-9f12-64468c62681c
33528807939,Garcia Reguera,593604ac-9349-4382-96f0-1ed4c72cbca9,Estados Contables,eeff,https://aif2.cnv.gov.ar/presentations/publicview/593604ac-9349-4382-96f0-1ed4c72cbca9
33528807939,Garcia Reguera,d8cae004-60fd-4669-9910-cd25270d25a9,Estados Contables,eeff,https://aif2.cnv.gov.ar/presentations/publicview/d8cae004-60fd-4669-9910-cd25270d25a9
33650305499,Central Puerto,8376fa49-ac56-4787-ab6a-052e0fb7d9af,Estados Contables,eeff,https://aif2.cnv.gov.ar/presentations/publicview/8376fa49-ac56-4787-ab6a-052e0fb7d9af
33650305499,Central Puerto,51987f8c-21c1-4a64-94e7-44e6ae859dd7,Estados Contables,eeff,https://aif2.cnv.gov.ar/presentations/publicview/51987f8c-21c1-4a64-94e7-44e6ae859dd7
33650305499,Central Puerto,4805ac4c-efbf-4a5e-999d-35bc75537381,Estados Contables,eeff,https://aif2.cnv.gov.ar/presentations/publicview/4805ac4c-efbf-4a5e-999d-35bc75537381
33650305499,Central Puerto,2462deb7-e86e-4aae-968a-a8c3aaa77b55,Estados Contables,eeff,https://aif2.cnv.gov.ar/presentations/publicview/2462deb7-e86e-4aae-968a-a8c3aaa77b55
33650305499,Central Puerto,074b3850-8cb9-41f3-bac3-d559ca95d41f,Estados Contables,eeff,https://aif2.cnv.gov.ar/presentations/publicview/074b3850-8cb9-41f3-bac3-d559ca95d41f
33650305499,Central Puerto,58067dd5-0b18-4566-9199-b5cb055c4c81,Estados Contables,eeff,https://aif2.cnv.gov.ar/presentations/publicview/58067dd5-0b18-4566-9199-b5cb055c4c81
33650305499,Central Puerto,a3ac233e-b0f8-499c-a30f-124d39451bff,Estados Contables,eeff,https://aif2.cnv.gov.ar/presentations/publicview/a3ac233e-b0f8-499c-a30f-124d39451bff
33650305499,Central Puerto,3930f1b4-b3e9-4a78-a041-c2beb1f1e9a4,Estados Contables,eeff,https://aif2.cnv.gov.ar/presentations/publicview/3930f1b4-b3e9-4a78-a041-c2beb1f1e9a4
33650305499,Central Puerto,cf97d47f-e3c1-42df-b9c4-a522c7f2e3bc,Estados Contables,eeff,https://aif2.cnv.gov.ar/presentations/publicview/cf97d47f-e3c1-42df-b9c4-a522c7f2e3bc
33650305499,Central Puerto,6272e108-e48a-4f43-8d1b-752f25a7c81b,Estados Contables,eeff,https://aif2.cnv.gov.ar/presentations/publicview/6272e108-e48a-4f43-8d1b-752f25a7c81b
33650305499,Central Puerto,d8cb950d-16ee-4554-af7c-cc49a7f55557,Estados Contables,eeff,https://aif2.cnv.gov.ar/presentations/publicview/d8cb950d-16ee-4554-af7c-cc49a7f55557
33650305499,Central Puerto,4a929b3f-75d6-4aff-8fde-4e93e55ba5a1,Estados Contables,eeff,https://aif2.cnv.gov.ar/presentations/publicview/4a929b3f-75d6-4aff-8fde-4e93e55ba5a1
33650305499,Central Puerto,1563aee0-bb06-4253-93af-3778c747dc28,Estados Contables,eeff,https://aif2.cnv.gov.ar/presentations/publicview/1563aee0-bb06-4253-93af-3778c747dc28
33650305499,Central Puerto,e868d58d-91ed-4811-9fbb-a65ed95e1678,Estados Contables,eeff,https://aif2.cnv.gov.ar/presentations/publicview/e868d58d-91ed-4811-9fbb-a65ed95e1678
33650305499,Central Puerto,b96ab1e1-0356-45ab-a97e-f84e536701d5,Estados Contables,eeff,https://aif2.cnv.gov.ar/presentations/publicview/b96ab1e1-0356-45ab-a97e-f84e536701d5
33650305499,Central Puerto,c5d07b77-c726-4ce5-9b14-3f28dc435c5a,Estados Contables,eeff,https://aif2.cnv.gov.ar/presentations/publicview/c5d07b77-c726-4ce5-9b14-3f28dc435c5a
33650305499,Central Puerto,b714eccf-c2c9-421c-8823-275a1d69c174,Estados Contables,eeff,https://aif2.cnv.gov.ar/presentations/publicview/b714eccf-c2c9-421c-8823-275a1d69c174
33650305499,Central Puerto,1558a91f-daa7-4f1f-8936-153da7ba4249,Estados Contables,eeff,https://aif2.cnv.gov.ar/presentations/publicview/1558a91f-daa7-4f1f-8936-153da7ba4249
33650305499,Central Puerto,fb489616-8b9c-4926-8c8a-e1e1a555f98b,Estados Contables,eeff,https://aif2.cnv.gov.ar/presentations/publicview/fb489616-8b9c-4926-8c8a-e1e1a555f98b
33650305499,Central Puerto,3ee8b8ad-79d9-451c-84e2-baf09734175f,Estados Contables,eeff,https://aif2.cnv.gov.ar/presentations/publicview/3ee8b8ad-79d9-451c-84e2-baf09734175f
33650305499,Central Puerto,49e104b3-61bb-4e69-a599-8c39b845d70c,Estados Contables,eeff,https://aif2.cnv.gov.ar/presentations/publicview/49e104b3-61bb-4e69-a599-8c39b845d70c
33650305499,Central Puerto,11115563-e088-4af2-b1b0-40dca8c99bca,Estados Contables,eeff,https://aif2.cnv.gov.ar/presentations/publicview/11115563-e088-4af2-b1b0-40dca8c99bca
33650305499,Central Puerto,f00b846b-62bf-461b-a653-0d3f06c6c5d8,Estados Contables,eeff,https://aif2.cnv.gov.ar/presentations/publicview/f00b846b-62bf-461b-a653-0d3f06c6c5d8
33650305499,Central Puerto,7e8cd726-5c8f-4fa4-8d02-dd80c4775215,Estados Contables,eeff,https://aif2.cnv.gov.ar/presentations/publicview/7e8cd726-5c8f-4fa4-8d02-dd80c4775215
33650305499,Central Puerto,af6f736a-6992-47d2-a3ae-b08d9662180c,Estados Contables,eeff,https://aif2.cnv.gov.ar/presentations/publicview/af6f736a-6992-47d2-a3ae-b08d9662180c
33650305499,Central Puerto,388968c4-653d-4f6b-93e7-af437635f858,Estados Contables,eeff,https://aif2.cnv.gov.ar/presentations/publicview/388968c4-653d-4f6b-93e7-af437635f858
33650305499,Central Puerto,9eda2b2e-582c-4037-81b1-d1b96ca9698c,Estados Contables,eeff,https://aif2.cnv.gov.ar/presentations/publicview/9eda2b2e-582c-4037-81b1-d1b96ca9698c
33650305499,Central Puerto,a2d49c2a-3525-4635-9aec-bc55bc90738a,Estados Contables,eeff,https://aif2.cnv.gov.ar/presentations/publicview/a2d49c2a-3525-4635-9aec-bc55bc90738a
33650305499,Central Puerto,ef29a051-d818-4463-b214-0faa9d328d97,Estados Contables,eeff,https://aif2.cnv.gov.ar/presentations/publicview/ef29a051-d818-4463-b214-0faa9d328d97
33657865589,Distribuidora de Gas Cuyana,5a5d84a3-0326-41b8-82b5-0e95e996d9ad,Estados Contables,eeff,https://aif2.cnv.gov.ar/presentations/publicview/5a5d84a3-0326-41b8-82b5-0e95e996d9ad
33657865589,Distribuidora de Gas Cuyana,2dbfbe50-00cb-4deb-9016-a1afd9f56ea7,Estados Contables,eeff,https://aif2.cnv.gov.ar/presentations/publicview/2dbfbe50-00cb-4deb-9016-a1afd9f56ea7
33657865589,Distribuidora de Gas Cuyana,b864b10c-1e44-4881-aed7-f550e4168296,Estados Contables,eeff,https://aif2.cnv.gov.ar/presentations/publicview/b864b10c-1e44-4881-aed7-f550e4168296
33657865589,Distribuidora de Gas Cuyana,57d245b7-c954-4ba4-b636-10887d771aab,Estados Contables,eeff,https://aif2.cnv.gov.ar/presentations/publicview/57d245b7-c954-4ba4-b636-10887d771aab
33657865589,Distribuidora de Gas Cuyana,60074eb4-5dce-4d60-9cf7-cef5db458c6f,Estados Contables,eeff,https://aif2.cnv.gov.ar/presentations/publicview/60074eb4-5dce-4d60-9cf7-cef5db458c6f
33657865589,Distribuidora de Gas Cuyana,c4859796-9211-4243-b019-a2ac717ac01a,Estados Contables,eeff,https://aif2.cnv.gov.ar/presentations/publicview/c4859796-9211-4243-b019-a2ac717ac01a
33657865589,Distribuidora de Gas Cuyana,0c317b9a-be22-41b0-91ce-d0d39414927e,Estados Contables,eeff,https://aif2.cnv.gov.ar/presentations/publicview/0c317b9a-be22-41b0-91ce-d0d39414927e
33657865589,Distribuidora de Gas Cuyana,729f9ae0-4ab8-48e2-a56f-179006313539,Estados Contables,eeff,https://aif2.cnv.gov.ar/presentations/publicview/729f9ae0-4ab8-48e2-a56f-179006313539
33657865589,Distribuidora de Gas Cuyana,700236d1-3238-4f03-bace-3455afac5ea9,Estados Contables,eeff,https://aif2.cnv.gov.ar/presentations/publicview/700236d1-3238-4f03-bace-3455afac5ea9
33657865589,Distribuidora de Gas Cuyana,f8fba3ba-6e60-4806-a205-c0961309e1e2,Estados Contables,eeff,https://aif2.cnv.gov.ar/presentations/publicview/f8fba3ba-6e60-4806-a205-c0961309e1e2
33657865589,Distribuidora de Gas Cuyana,91db94a8-020f-4656-ac86-55f2be45ac44,Estados Contables,eeff,https://aif2.cnv.gov.ar/presentations/publicview/91db94a8-020f-4656-ac86-55f2be45ac44
33657865589,Distribuidora de Gas Cuyana,3511607b-af28-4b21-ad6a-7864fa42ba01,Estados Contables,eeff,https://aif2.cnv.gov.ar/presentations/publicview/3511607b-af28-4b21-ad6a-7864fa42ba01
33657865589,Distribuidora de Gas Cuyana,ed6864c4-53a7-4eea-b020-ceec97f2b5c6,Estados Contables,eeff,https://aif2.cnv.gov.ar/presentations/publicview/ed6864c4-53a7-4eea-b020-ceec97f2b5c6
33657865589,Distribuidora de Gas Cuyana,8de2866b-4c68-4a43-85f5-d32156042e9d,Estados Contables,eeff,https://aif2.cnv.gov.ar/presentations/publicview/8de2866b-4c68-4a43-85f5-d32156042e9d
33657865589,Distribuidora de Gas Cuyana,c74aea3f-f853-4cd1-bbe6-865413a528fe,Estados Contables,eeff,https://aif2.cnv.gov.ar/presentations/publicview/c74aea3f-f853-4cd1-bbe6-865413a528fe
33657865589,Distribuidora de Gas Cuyana,a8226bf3-fc4a-44f1-9c99-0cdfa88a2f8c,Estados Contables,eeff,https://aif2.cnv.gov.ar/presentations/publicview/a8226bf3-fc4a-44f1-9c99-0cdfa88a2f8c
33657865589,Distribuidora de Gas Cuyana,0a05c408-cc7a-4369-be7c-c3d9f89f5e81,Estados Contables,eeff,https://aif2.cnv.gov.ar/presentations/publicview/0a05c408-cc7a-4369-be7c-c3d9f89f5e81
33657865589,Distribuidora de Gas Cuyana,810199c3-74af-4e48-bc7b-520ad35301cc,Estados Contables,eeff,https://aif2.cnv.gov.ar/presentations/publicview/810199c3-74af-4e48-bc7b-520ad35301cc
33657865589,Distribuidora de Gas Cuyana,fe1aba81-84a5-49d9-b4e6-605f5b0cc5b2,Estados Contables,eeff,https://aif2.cnv.gov.ar/presentations/publicview/fe1aba81-84a5-49d9-b4e6-605f5b0cc5b2
33657865589,Distribuidora de Gas Cuyana,8fa6b103-d7b3-4175-843e-196bf1e25cce,Estados Contables,eeff,https://aif2.cnv.gov.ar/presentations/publicview/8fa6b103-d7b3-4175-843e-196bf1e25cce
33657865589,Distribuidora de Gas Cuyana,0957ca44-a352-4526-8259-a6c98fac26b2,Estados Contables,eeff,https://aif2.cnv.gov.ar/presentations/publicview/0957ca44-a352-4526-8259-a6c98fac26b2
33657865589,Distribuidora de Gas Cuyana,53361eea-0066-4ae1-ade7-f2598ce75ccf,Estados Contables,eeff,https://aif2.cnv.gov.ar/presentations/publicview/53361eea-0066-4ae1-ade7-f2598ce75ccf
33657865589,Distribuidora de Gas Cuyana,81905a56-82d6-4dd5-8d07-efc96cc08e71,Estados Contables,eeff,https://aif2.cnv.gov.ar/presentations/publicview/81905a56-82d6-4dd5-8d07-efc96cc08e71
33657865589,Distribuidora de Gas Cuyana,8a5046c8-c25b-428f-ba46-217e58cc10b9,Estados Contables,eeff,https://aif2.cnv.gov.ar/presentations/publicview/8a5046c8-c25b-428f-ba46-217e58cc10b9
33657865589,Distribuidora de Gas Cuyana,ef6eda04-c62d-4d59-b019-50167eace4ce,Estados Contables,eeff,https://aif2.cnv.gov.ar/presentations/publicview/ef6eda04-c62d-4d59-b019-50167eace4ce
33657865589,Distribuidora de Gas Cuyana,a035616a-2f24-4257-94da-2f93a604cae8,Estados Contables,eeff,https://aif2.cnv.gov.ar/presentations/publicview/a035616a-2f24-4257-94da-2f93a604cae8
33657865589,Distribuidora de Gas Cuyana,110e6538-37e8-4526-990b-6beb294fd519,Estados Contables,eeff,https://aif2.cnv.gov.ar/presentations/publicview/110e6538-37e8-4526-990b-6beb294fd519
33657865589,Distribuidora de Gas Cuyana,f2bc93e0-060f-4f86-9212-9fe84c5a189c,Estados Contables,eeff,https://aif2.cnv.gov.ar/presentations/publicview/f2bc93e0-060f-4f86-9212-9fe84c5a189c
33657865589,Distribuidora de Gas Cuyana,aad2f388-95e6-4508-9cd1-8ef00731a4a2,Estados Contables,eeff,https://aif2.cnv.gov.ar/presentations/publicview/aad2f388-95e6-4508-9cd1-8ef00731a4a2
33657865589,Distribuidora de Gas Cuyana,fb18cc6d-b206-4cea-84df-0ec9727b9eb4,Estados Contables,eeff,https://aif2.cnv.gov.ar/presentations/publicview/fb18cc6d-b206-4cea-84df-0ec9727b9eb4
33657865589,Distribuidora de Gas Cuyana,72a089a7-4b82-4b7f-b700-863d47f0ce87,Estados Contables,eeff,https://aif2.cnv.gov.ar/presentations/publicview/72a089a7-4b82-4b7f-b700-863d47f0ce87
33657865589,Distribuidora de Gas Cuyana,f4418511-4955-4429-a0ff-7e1e06e45adc,Estados Contables,eeff,https://aif2.cnv.gov.ar/presentations/publicview/f4418511-4955-4429-a0ff-7e1e06e45adc
